desemprego,pib,inflacao,sm_real,salario_2026
8.24507122951685,1.3215052695127782,5.8482862476668185,0.41554242595167445,891.3899616058168
7.292603548243223,1.694500536946347,5.783323592535666,1.1560114824505026,913.2031385101814
8.47153280715104,1.4026189389548571,4.563480154194509,1.5303772749659312,897.5256173725435
9.784544784612038,2.1104180469461196,6.079584221763739,2.119735128739753,870.2208814049063
7.148769937914996,3.1971785314619128,4.009917324423382,2.8193298612855027,934.5047987829731
7.148794564576229,1.2289578428587955,4.845815674239671,2.5553087546974114,924.1439191627181
9.868819223261088,3.000820497768414,3.500912187102192,1.0565401612420116,879.1733393659127
8.651152093729364,1.2183279276531125,7.058626516962814,1.702630190267478,882.7088769787039
6.795788421097572,1.1523727875031158,5.268450506054704,2.061100470962053,926.6924543435433
8.313840065378947,2.818594618343213,7.666884034816311,1.7902343004428005,890.9451146048806
6.804873460781307,2.921936378007617,6.302949926519495,1.7845638193053646,925.6214163736092
6.801405369644614,2.8514099367626544,5.948098213351025,0.6218053402765824,922.8137530219246
7.862943407349051,0.6842025917818588,4.913772305719001,1.0778126790882876,903.5285997989942
5.0,1.5340490219279492,4.45364996431258,1.6776481206885814,963.521375446087
5.0,2.8229885920033215,6.022971573896945,0.0,953.5793203530684
6.6565687061385415,2.0415418405638945,5.428485990727018,2.5125154560078835,932.6978214404652
5.980753319498364,0.9263071538025358,4.160729684514699,0.9018567202311443,942.0598991827061
7.971370998892911,2.4583179391254415,3.9831415834916815,2.5494705066121104,916.2636283921127
6.137963886718183,1.2851927410085295,4.541296270856416,2.479132803576728,944.2349058242787
5.381544447997063,3.794524848392212,7.32096722526623,1.5650455655100926,948.9794695004784
9.69847315338233,3.5448414624182583,7.713277918011304,2.8004386605612304,870.7593965257709
7.161335549270197,2.604097426355567,5.704989147308909,2.5945578759399464,923.8981463666165
7.601292307031886,3.361006704769774,5.648942796241289,1.7528308233322876,914.9561184557888
5.362877720679815,2.064791350123381,5.163679628170479,1.6625923078466414,954.8949753763965
6.683425913212226,2.765437494375016,4.565514651690497,2.8777862285314852,939.5895702633352
7.666383884564799,3.477720295302075,6.8751790576072445,2.1856110715261314,909.978989939191
5.773509633866546,2.2454986817943126,7.373576393897136,2.8357577346945138,941.8495506737303
8.063547027518508,1.7448128284857163,4.606580914160714,0.0888207405178103,900.5058649835098
6.599041965121793,0.2953780418228842,5.417161621575398,2.07878807761557,927.3352142938248
7.062459375310085,1.916866474278506,5.050133699289832,0.7380727304245016,919.9588219379508
6.597440081655905,2.8234231845623112,5.079760925135023,1.9793691940105895,935.6173302659705
10.278417276763406,2.9456334275676297,6.685908255429862,2.571056166676707,862.2246114674028
7.479754162893099,2.5043650657184098,4.188038454633878,3.3913121165992823,927.7150533632446
5.91343360656615,1.4587009050377602,5.966469690936306,1.2494666172502513,937.693842196242
8.733817368154783,0.023178431052409465,6.228238107305866,1.5794361557584136,881.2398600754062
5.668734525043467,1.5047849019952648,5.357848826398181,1.92357367433957,947.7115847365499
7.813295392507133,1.6956551289460486,6.393067826986773,1.2203751188304874,900.9256135556877
5.0,1.6870710328099858,5.64765184053745,2.782847783031406,962.5075408759176
5.507720926652354,2.6185563569779244,6.717129921156112,1.9439243637075012,947.5689074998505
7.795291853803685,3.9856764110148397,3.977794695074146,2.0975656187008367,922.1438074754551
8.607699869993116,2.123529201841093,5.151224738993131,2.496138501419327,897.8638690802266
7.757052421784956,1.7832682108435383,5.428186857148965,1.9426307868996724,909.3896609045775
7.326527576417639,1.7407781869959074,3.0,1.3459686974593077,926.3503617748992
7.048344456616067,2.1243847669077143,4.414047266421465,1.9495838093612263,928.2649585885775
5.282217014448859,1.1717062396516011,4.686400745641214,1.3150549123892885,954.8300647467357
6.420233687407937,2.120198558746055,6.44820599482335,2.086384711293189,930.9862006431958
6.809041843560319,2.4508123363317997,4.7931566536854,2.7975501766414372,935.0182963456128
9.085683339328373,2.209686063574488,4.681921012694023,1.0600173661821346,886.0536458990354
8.015427434352691,2.457541934004781,6.317485780656192,0.7741031988463261,897.9829467365703
5.0,2.4337476093485355,3.8820893542099455,2.0393999487357393,970.035008142303
7.986125954092192,0.2281033177535563,3.428755932556428,1.3857603066048751,908.0157787646004
6.922376579375525,2.636870158395403,5.138407699930654,2.025396219529575,928.9515414975109
6.484616999541062,1.3289851543375464,4.052293231921645,2.2563228164877605,939.3543497380368
8.417514433261301,0.9041608369960421,4.090320705340351,0.28505101685716827,894.7072387794348
9.046499283743927,0.8955481721450038,6.073433791687982,2.5518795421268337,882.1952174880103
8.896920178674298,2.4335416104725294,6.375973837912579,1.0642651976358009,882.3276539587881
6.241173715166042,1.777425072775147,6.288864215852125,1.9821216395482482,933.7134587463613
7.0361814362231785,0.3180312160145893,6.608776660307233,1.4724941316492557,911.4711990782362
7.996895147105346,2.4780378151922835,6.741134320014802,1.5584343881725644,899.3325771041601
8.963317690683539,0.5603918692011727,3.371409791173069,3.3551663516943906,898.3599475677058
6.781238643232065,2.139821358518211,5.9504119599294665,2.2554140166365286,927.2697873543652
7.221511535004274,2.238498925673054,4.970391800430441,2.7237507223628725,925.6553282667367
5.840497538990958,2.885577081695045,4.752575754009564,2.120753083362194,951.9172300466603
5.705690063878993,3.7816847864668515,6.060414632208706,2.496010859723963,952.2392977244959
8.718788733591296,0.6353236740994583,3.7697045201042485,2.3339026897147614,897.4660745931935
9.534360042856235,1.9475261439369507,3.7488913941276802,2.203564915749461,885.5694176483524
7.391984817629499,1.7236647049557827,6.133572744081717,2.885724727331744,916.241889644612
9.005299346838036,2.4337496859609624,5.9877860175108975,2.125204363075416,886.0641490218585
8.042454037571451,2.2156687709336187,5.63673265587151,3.8281188577741645,911.3318660731932
6.532320368092313,1.64745375726338,4.620086595276863,2.7684252582499504,938.6203764289002
8.042093408262621,1.5590978113891445,6.2438296345821245,1.088367441808248,896.4918645828108
9.807054849698954,0.8835491448159525,6.180302892060476,1.8587602328136141,864.9400615276214
7.446260941335073,2.9878615824065093,5.585304515047454,2.3176620795925347,919.1957172471954
9.846965483721009,2.4592041815995294,4.322678958730228,2.0355974685696294,877.8895870944353
5.0,2.9177681977951373,5.074751654270493,2.5494987351777345,967.7371133743518
8.732853756562836,1.6896038635244863,6.337833677524443,2.637613363867099,889.3339100202614
7.630570602357257,1.3431645313055696,6.827191222801787,0.9123304113608282,900.1762457827315
7.051488974301199,0.9216849333707722,5.173463396623672,3.0248620357731957,925.3196880208784
7.637641164803253,2.3589175837406593,5.250327032191738,1.6025460276111645,912.7787049163179
5.0,0.9602067754717654,5.338310891974939,1.5232763953081943,957.2324194464292
7.170492168243732,3.84866306896655,5.774893008910972,1.5207020858355675,922.8803749009555
8.03566885726762,0.6923574189065596,4.918932699939976,2.6468611247924665,906.1515227830787
9.716841067112274,2.2736601192125017,3.0,1.7863458414817712,885.0154744146269
6.722594672589529,3.5668547072137864,6.692769001647097,1.469158684529834,925.9651581717532
6.287259595660219,2.599089759263809,7.294688947162549,1.6608326740451702,929.2764258922081
6.747364434623195,2.175673712491779,4.887600140394287,0.5642466728672983,926.6508081440936
8.873103176553112,1.0315163530381044,4.433346631081226,1.3262689888388106,888.8668703450411
7.993126664489527,0.6182308114322961,5.362899477609778,1.0083331610775204,898.5762247927138
6.705359694349442,2.770050108917586,5.312496116271227,1.784664535603287,931.6545946207634
8.269901149670034,3.5061472407749465,6.49551857716296,2.531354616218874,901.8844672064258
7.64561632402206,1.5611500095218285,5.554639441645038,2.443100720746582,912.1164061772835
8.952967485799334,0.860938492383649,4.707377169628817,3.0054003980372666,891.8776087998074
6.446920359183972,-0.4581694305490185,4.181590549441951,2.8271806538372966,936.591704585316
7.008506780103348,1.0192351563374622,6.365634184819673,1.5771226280652983,915.4621371932507
6.911837770301764,1.8863431575009597,6.099511241164249,2.0152571206029704,922.5467440990442
5.304727577801822,3.599123240836734,6.560559878091819,1.973955124622865,954.9201305252906
7.944180415596864,2.6731336922329687,4.5318132492789065,0.27915785382249036,906.3718228783011
7.891582908269834,2.305085404706753,7.338436899528329,1.0261923704722045,896.0514502206628
7.5076701849636915,1.5998803386988691,3.7563054929427633,1.86617065827911,921.0063350112597
7.14811929993728,1.4168342827440437,6.20960102140148,1.8616828518873532,915.7587641295265
5.376943886924378,3.4056475975079636,3.590417232803098,2.4098600433641337,968.4698397290339
6.869032015851961,2.2007385407583895,4.709668618301532,2.3709133036286785,932.0059034482659
6.985928225209846,-0.10260069192102206,7.061022930447959,0.5834459983202116,905.8221415678054
6.296584096167572,1.3264603521027571,6.331364254475989,2.4148773875660243,932.8368602920821
7.258071432500986,1.1417839682283732,4.953779584512818,2.142869765163011,919.8318490852606
8.106076285221807,1.4537359908225351,4.981162957178312,2.4986985453157033,906.1256553469645
10.329278851815795,2.5629106602850853,5.600622110835442,2.8534924701132716,866.3080332718582
7.761866719247759,1.8925551182057505,6.014140990760723,1.8856936217696225,906.6685324677313
7.886325586084147,1.923134592996338,6.751579382682697,2.9964705895840638,905.1419160770728
7.388331126350749,3.313473161325237,5.043765995391506,1.2884796368855627,919.8712635406172
5.0,1.3035389102133115,3.8882149365127985,1.243409503702225,963.8921574584829
7.460229186826175,3.86419952588735,5.6569686270487605,2.343017752108433,921.1419757243256
7.59034531491154,1.328692408628914,5.042569162491605,1.7049859637558562,912.1312301423059
11.19486316872793,2.0891981966125712,4.1993662952515525,2.2093060516951755,853.0059732695959
7.211458552828316,1.718796404597233,5.797668915312794,3.5943856958755935,923.7842672186723
7.952321013500419,2.123419133500961,5.286886245907211,2.3147960588031804,908.7481888266392
7.447932345442135,2.4445919950731287,5.806512206469795,2.169735631091296,916.0700048286054
5.746982943570702,2.4338352400888765,4.605555799812819,1.304623697078522,950.0438832534354
9.21423422177253,1.2468826693794202,5.986710530325499,0.6400161547005228,873.3467022520719
8.627899549030161,0.8770853225524293,4.182901803245022,1.9419627077811914,896.451744325817
8.686547920564571,4.503171790905711,4.672268610303417,2.853496197286557,906.5930147901211
6.135918817807892,1.516015660399447,5.257085768912722,1.7416495943514607,938.845081346831
9.60419146640415,2.6992124386719865,7.241818414959714,2.321169999364295,870.5631381968502
5.3972234058115784,0.3923586894768032,6.284825368548494,3.141197818174866,949.8771433154049
8.380285640700405,1.7203872800953233,6.5771925042677895,3.121213050584288,896.6635349977668
10.785683438714969,1.872800616017557,6.917077033343144,2.343052710081426,847.8731496350479
6.014195512303967,2.4728150699278326,9.102832135810873,2.1360851829258745,927.3631849652086
6.650553405595842,-0.7224541409919389,5.541589067558434,0.7850935607975393,918.14621848457
7.6494770476314615,2.1661406130783307,6.920400923129856,1.4958442846584474,903.8579356709189
6.744786518825701,0.8502585446321071,6.512635254401941,1.7753953535855416,919.9499088717347
5.174004853400801,2.324345711194924,6.496032503307526,1.3181347108526782,951.6553442449708
7.602844462209041,0.9636708031618371,7.274239618040181,2.1987626103622113,902.3399172303939
5.906544429410843,1.1445173040744185,5.080686969015524,3.529318546788881,949.5453474794583
8.210388645952772,1.7263723896067318,5.001314976063621,3.2142092741292934,907.5140940133464
6.120863648649295,0.9476705303968047,5.819765513481862,2.1951038894649657,936.6098137460491
9.824901607526309,1.5244655532646452,5.317300228078113,2.6235472576198626,873.2542387314016
6.325120061495644,0.8066242314566847,5.818500852998173,1.4171165477151049,929.5288930530038
7.016907725691486,0.1668295483012725,7.062748785053012,3.171271480535041,915.6163187989928
8.720275826054504,3.0179570524293595,5.021853277293721,0.7504267232438555,892.3729394827155
5.6537035253490675,0.7039513071760717,5.19532103740627,2.7302625288689297,949.5134723589819
7.841189901906194,1.8213191123920165,5.674311003526577,2.3964717681598198,908.4746769592745
9.460714131423643,2.752891081493785,5.27168157397483,1.3953124905964605,879.0985264189238
5.088775148158159,1.3850558974839569,3.5859941719865125,1.8329705946096497,966.0668659104491
7.776950787798456,1.1748341002544622,4.9198723573010605,1.0925978374751524,906.5235599806164
7.889824191372635,2.2262380886674213,6.187373242237505,1.1266879617582144,901.5904679491872
8.672734307665966,3.117933822727152,6.937546750932647,0.7271567995008559,884.5416081451282
5.644573933682877,0.8306847349135311,4.345381432462274,2.6140111217605693,953.5566329559069
5.519315080373586,1.849852167982561,4.340717600769157,2.964275975541345,960.0545968391599
8.282912348425347,0.2675054050326726,5.530233802717335,0.2705537089492589,888.6850430139854
7.945477009849779,1.60679899631781,3.4244049351221633,3.470644412921205,920.3944110842696
7.875739275518815,2.0342046845380755,5.055029797012873,1.990393410690528,909.7950554768702
8.019672314245463,1.1453753582449342,3.7639579404486065,2.2318825639014706,911.5398909191651
6.479962917632264,1.5430081661747685,6.869061299842465,0.822069731531939,921.6046468726988
7.848380545741505,0.5917732316925499,4.730668845649595,3.056660600131892,911.7543364658503
7.939608709948022,2.0770786113814936,7.152834186339027,2.160200074533467,899.6035926315092
6.428472872960448,3.0556942488831496,6.613521353458339,2.911060991817039,935.7420641132978
10.298661766717135,0.9028561302295364,4.853682702302583,2.976686656518195,866.1775095389423
8.21074938136768,1.3773282334476171,4.428040363153922,3.0678995381770164,908.6550058712327
5.7130447541960265,2.5025462464541817,5.306454250832411,1.4813753793182376,948.2651757442542
8.484830412950744,3.2120907193227364,5.395353375741797,1.8336303936854363,899.586599293337
6.0379774946590175,0.5068101877910687,5.846146943952402,1.5106383402163883,934.2526103595058
8.680626905613678,1.8312152625840508,4.723456710469821,2.7160771701930266,898.4991635076284
9.237893368511106,2.2831308223195252,6.246394873522203,2.2663113834909927,880.6400605246732
6.2689765224724345,1.897943609371152,5.7653280549999,2.8553158912105903,939.2152990117122
8.945064193866482,-0.4767920668770871,5.159604843284136,2.8901910424457857,885.7609042841234
8.119171390404748,2.501090009308772,4.787959344581977,0.6181924072488736,902.7071180671028
8.733090239991736,3.519336351090644,5.315115016901314,3.0806161044430977,900.8380770356339
10.345189473980922,2.1166617511695036,4.683098748172431,2.760688766212574,868.6883151010267
7.131917825995695,0.9688939467057367,5.558438694883588,1.704620093451602,917.2539893642204
6.369395753463765,1.486872753635717,5.58543868521991,2.2798342132237033,934.8963073551372
6.165728355561715,3.769913067655593,5.76170728347634,1.9010643427338367,942.8255305321161
6.276284572551843,2.9099625408605587,7.266242409671854,2.492844542904941,933.5752569341688
7.384347435878844,2.6400266183843293,5.367555280300428,1.7028828954360988,918.1024042755711
8.011727962224965,2.356412583534376,6.504597867124483,2.383141792935286,902.885158398267
7.915036198995028,1.3388628878090276,5.729587396975702,2.0538442437274815,904.2234733464089
8.740774873554036,1.7994288193442314,5.261755698101546,1.6542448772037557,890.8386207048911
7.5195028378168605,1.922077264321484,5.380840730048766,2.152108995921647,915.1947788541651
9.680301115735976,2.5495743160644437,5.44117359083195,4.165175658791006,883.9627078424646
7.103014750143066,3.5089188942669036,5.779767707728216,1.4515706961394546,922.9077325110462
11.580253749884427,3.118338136793128,4.54067923478103,1.8000451269907447,845.5994530844762
8.43850102164751,0.5806156442039594,4.034659616555033,1.4655100802935754,898.0643289263966
6.214263665375576,2.2239949689010485,6.154297393474275,1.549426891577933,934.4760269442628
5.893661252908331,2.7367633451678968,6.398123832581259,2.6526194827082863,944.8399390830955
8.223708622864779,2.6188603301446354,6.245635832802803,2.5727059677088544,901.5838995131626
7.164805822011224,1.3707662366125806,5.654972018556473,1.9953091973429522,918.3959798385685
8.571000741138137,4.914109215768361,6.267224627453289,2.8210372682152896,902.3514150469274
8.209856436860317,0.7229154376688811,6.213429026017142,2.6347546363954484,896.9324466219056
7.390756631014691,0.91681155333395,6.287629358954955,1.8701326511790286,909.519247840174
6.229809422897393,2.2335950812615764,4.640459178657887,0.7729082065646351,938.3643583584897
5.227729162971203,4.116803054963853,4.403048202845369,2.663826406359202,970.39537818051
6.830227571899468,1.163805149295829,5.111430753247729,2.13573169680158,927.0915524387052
8.784598191485209,1.7341716343530078,5.482615890457344,2.0177787709604735,890.1667856355663
7.821140616195306,3.077293673015693,5.258078872867711,1.6271615839922275,911.4254082200973
5.631391831932018,1.9821378451122664,3.6233096686621247,2.595719159293053,960.3039618272189
7.759771388776773,1.6653961454697044,7.221692612135142,2.2787970019428005,901.9209616154113
8.077976069593255,2.56563290188672,5.225954011114265,1.8105375657581626,906.0522744947684
6.174213845698301,2.272517990229593,5.672704416576954,1.0196363622248708,935.6249193931458
7.730587658918292,3.0304387856367914,6.744548990763059,2.854343281504061,910.6319979561932
7.587313077669,3.2914688890653636,3.155027730478795,2.4839241785247017,929.3384939532344
5.7855445532540655,2.3070030600053615,4.988306128088288,2.2043223199564768,950.539865381517
8.036681040522424,2.291732725378309,5.112882726420196,0.0,899.8467622722345
8.341176789552351,2.2141109822861336,5.163689954549356,1.9696845943071521,901.0575497570727
9.124576864762915,2.489130556649288,5.326513409286047,1.8070370372194693,885.8914349937376
9.080703078052355,2.055170637871464,6.947134798444845,1.5052034519565276,876.8380288563973
5.433495948064364,1.9993915176777106,6.173458875727222,2.6033882228514273,952.2032981171993
6.093262440127316,3.1966271208272423,6.458035268628829,2.571888027333822,941.8314677432977
8.27255290081299,3.516116180355043,5.547120271810924,2.3494597737539102,905.5963612825127
8.270678926368314,0.4924470553665792,4.100626953854499,2.8303127318141943,905.7101472809475
8.272571529459071,2.010021151740569,3.420302964853993,1.182161188772926,906.9413594010816
13.279097235982082,1.3113055665547653,3.970592276768369,1.6370767545845546,811.0040053815027
8.35633576603975,1.6890285335139277,5.859765704166019,2.0598338105486445,896.4092156110335
9.203348460270899,2.4025162097353214,5.531769712697635,1.5023983846176678,882.0969316908565
8.931002645239804,2.6694383715424683,5.289836352443992,2.5817353773628335,893.0474004200682
8.477086876958698,1.887873556388655,5.131423093259864,1.5822393214946437,896.3281642031943
7.027096133039482,0.08665966527719715,7.511721575442747,3.038696003557404,912.6222361990137
8.638453830739902,1.0349544194238205,4.677096409023526,1.2550724785998482,891.8426528968623
6.340762178193643,2.896499670200166,6.427819456116059,3.705586919600494,940.7484804354309
7.144772089889987,-0.7404264220349313,5.501912936020994,3.6234378844819384,919.646743188344
6.7719546782563445,3.187427151682,5.439060488214003,1.9241974829477244,931.5109481039951
7.622811209079484,2.5212299906445415,6.676637548616744,2.916936360740599,911.7645818459071
10.971987850010263,3.3161760815300223,6.962530382691445,1.6796575515931145,845.755717069689
5.0,1.8014308131190395,5.260450543115162,2.810629198585076,964.7304375618531
8.529390285561771,-0.06140542402290494,6.2992027192421425,1.8592173348345833,885.5170153966359
5.0809261932155225,2.430362641506498,5.863891362150054,0.9716480811932127,955.3329206040355
6.79210220131585,3.274653124038341,5.507437138809915,0.0,923.9035985761261
9.13342589545105,2.924721805513421,5.704254942657026,1.7850292431435117,885.1037754831317
7.596420028643194,1.3373085165119645,4.811991185155162,2.223250006948234,915.0424092431809
5.88338283310604,2.086761075462647,5.193900606668915,3.0642531408289733,950.3485265676418
6.427044436110048,1.467163731220076,4.919364720247294,2.0293000257211125,935.9343104449898
8.519396623402013,1.180733535810628,6.40137671642892,2.802328107774071,892.2017281991592
6.404450052424295,2.955388571179851,5.404798884458938,1.6368467622227785,936.7895182812346
7.824687884372962,0.8024676887348379,4.202285975384962,1.7301768243748439,910.3053182033674
7.56835775985572,1.1061835694183872,4.776562776836912,2.8432285460228686,917.3905911042743
6.522599478591275,0.8959743665276145,3.0,0.028260412264582424,934.0445469144387
10.715916133987989,0.5097524767009534,5.005507398117851,2.010387063122333,853.0191997913861
8.450878533477017,2.1464142918426035,5.537645065097149,1.680030920355308,896.0118206225883
5.0,3.161503048481976,5.3638641511330265,3.0884889638818276,969.0778041481366
7.779681472154142,1.8151232437547344,7.480154351531392,1.577402964016144,898.1573397595278
6.507320302847418,0.49425219943583354,6.074906040915037,2.4132679756560753,927.7818497826497
8.778650002194336,2.8399445397420275,6.030451853089151,2.7372135754677553,893.4913886089412
6.311218892350949,3.6857017540349712,3.856730965429722,0.8059232046956717,944.6686718282496
7.327895337799651,1.3537576758534056,5.135357945882867,1.888503753380879,917.333950146779
8.257480918470685,1.5214457332822817,5.013337192676304,1.6546908527312496,900.2091205385182
8.798632791255182,2.5156606300833944,4.713918801191992,2.7570345974636754,898.4105695176085
5.699555389416336,3.6218737477850516,4.700119334486653,2.540065472649755,958.3967861660705
6.998248146238577,1.480165854274774,3.6918770460583765,1.8134383759526542,930.2510097077616
6.787582033258566,0.667550219001795,4.2241467953186715,1.1620735596671588,927.0040703361357
6.520006151139432,2.6314186062724065,6.374093402764949,2.830517356816072,933.6695337448053
10.148181360421646,2.7990680731422994,5.357085308006818,1.9458777787209747,868.0914452748348
8.107472566441434,2.006131450435227,4.993597581725666,0.7052987474660302,900.9115995964529
5.608674068497432,1.4418667403425494,5.494588665347292,0.7740956808240609,943.741269170304
8.876792920582163,2.994378730992046,6.667390678701151,2.3501067440583814,887.6949987685764
10.68323429551895,2.5280360045479644,5.504210520875786,0.979355045787585,853.1036844042937
9.04869789082672,1.2315644830965071,6.040374130931038,3.4877179948828907,886.7268553705973
5.22094505106898,2.0490947313056713,4.653395157611743,1.2503437725125355,958.3303877013119
6.773648890700623,0.6482924679753534,4.881370049253281,1.999711419714179,927.2694223709286
9.400366723779934,2.68589045643792,5.853976885063675,2.127289572928244,880.049338006902
6.438495801571829,1.737766430617144,7.3926537083371135,1.4164978086105235,922.6958785364493
8.165729142219343,1.5642891676152628,6.929774859514874,0.20813837553762493,887.7426263926226
8.661951080144005,1.967125514847566,6.082828069456139,2.152716078092982,890.8089433832811
6.109604292632875,2.040307699330248,5.651433760160718,1.3974080079181934,937.6830094428683
7.4107119659073,2.8949300615655607,6.901069355627171,2.0932307420931546,912.6444581628124
5.0,2.5910905313252215,6.294678323045124,1.902135158209033,958.7448311687751
5.963418537998566,1.8435907212071974,3.206337977629339,2.210632998457443,954.24811646368
7.12114777291026,2.7636681497189954,4.446069152144778,3.249496096524848,933.3811894831844
5.628325227052725,2.400737253691613,5.838140325357932,1.563053589818302,947.3884145558287
9.948616955897453,1.5734003637139629,3.713032434449028,1.6249242765260032,874.8346291235581
5.35478793305905,1.8752818417635142,4.602410995243138,0.667362157796888,953.4243568827458
6.839933269954525,1.8517771111568793,4.800185056342026,1.8438528391205642,929.1919713685116
7.696110865929137,2.505261343174202,5.243834093754167,2.327895991419973,914.8279615932995
9.661909933599173,1.6329773852783582,5.2125697917737925,1.6132040979431785,873.3171518525825
5.346206773230841,1.6095908135783668,5.210879572833173,2.333144400324393,956.2100195433226
9.24474562823244,3.9687573094339585,6.325307517240313,1.857993179608647,883.329618881174
7.515349591529381,2.939735481747104,5.234776134549466,0.9581870096248082,914.3491062417772
6.027737023428074,1.239399335574861,5.1153698679287665,2.2495880569464837,942.6340131964638
8.193155211394906,2.570940993942198,4.150827895856484,1.8353342931479864,909.0163322959313
7.798589543360205,2.1183500656551773,6.524346201985825,2.0982062571274867,905.0335486139583
6.599674684261808,2.3915511752600938,4.828502486052514,1.5464400934316669,933.9286992391276
7.6047031274850285,2.1373413245651047,4.412969671998725,1.475677981607284,916.1949172411
6.92202960470736,3.189642645485236,5.713090574868971,2.125928646042372,928.2019357234838
7.670276017876872,2.345620344651446,4.733058737616937,1.8155200703662921,915.3321583609115
8.49319601178157,1.9379113017857126,4.9740472602057055,3.3794225993354123,903.5854590224161
9.879025224218028,3.0421905769830175,5.758460174319069,2.638984409728932,874.4880247329353
5.643276751759727,2.233285041087872,5.173517376220444,2.436003407574151,952.980994558655
10.6995500619844,2.121478579329058,7.811609375300634,1.8580153587988684,844.205127623002
5.0,2.3140226024861144,5.425171456680802,0.3791812412187925,956.3496300047044
7.272322357446625,1.9063909766336335,6.117838218879222,1.3539240579058567,913.352284753922
8.382475809726865,2.009226992995469,3.558305952507055,1.4821652379325454,905.369225255489
7.921487801602549,1.4133054112381274,4.63935086808527,1.7800124909680688,908.3621139173516
6.565950720269109,1.2488327803761212,4.413086305083287,1.9733124004880371,934.8874308714221
7.187816624464087,1.0014296135175604,4.545620276697371,2.524859972388396,924.065944217324
6.7604985980117505,0.6080167132029239,5.9155379938370025,2.218516448856052,923.40672222522
6.615952864583683,1.1202826386154436,6.5355650677774095,2.9273625531759238,927.2782764131301
8.774403145531537,1.8257329655330743,5.844630504634511,1.7504784211846003,887.9341443472069
8.035523228947572,2.103117582445637,5.273355376433691,2.2057303553361294,906.8011804180322
6.460635607109019,1.7287034368523595,4.869144961287581,2.275075382223041,937.1870166484729
8.849399813149876,-0.3557034901273579,6.613599751186509,2.196581027486871,878.5367933171908
7.960949281314914,3.5745863577623425,7.571255454154862,3.0255121983521143,904.6580068217493
8.71929317825844,3.0864801228903818,5.6350557047836904,2.643019458197754,896.7714497845086
8.444443262885418,2.4457598512171286,6.439363064071572,0.9444774243988621,890.0374430660579
6.2565074836168915,3.9074906725532683,5.8433703497954745,1.908535120752528,941.1689383037998
6.659728439704546,1.0226358825162893,6.255504906465589,1.988821054216164,924.002521640335
8.620940407684893,3.8876251206260046,4.335453221889884,3.721232850956005,910.890111227376
8.415555398150197,1.034785923249452,5.011863719857876,1.7361670550036241,896.2210974675467
7.468647609053778,2.2387379252913564,5.895469440045584,1.2140128773310543,911.1414282906222
7.675991074963173,0.7261626748657957,6.7124909440819795,2.350660343581315,903.4939334567018
9.416497343682638,2.0146940955443666,4.681865778362325,2.3975885756990234,884.3324995662873
6.612642916746255,2.3861664979983885,3.466700888959873,1.9409817090162464,941.4725391018122
8.320646071755057,1.8453096688654453,5.001735573558751,1.823791197623288,900.6208298796009
7.1967110213491585,2.7138774440901376,6.51013071434825,2.7591231648496684,920.4147234234385
7.17347819515917,2.099014449487257,3.9161044089121506,1.3171214765921437,925.8293622755901
9.148165277980786,1.4775852716224906,4.323080107868416,1.7272373257051712,886.9995890874193
8.738124523482044,1.4331866821976607,5.655918586051112,1.58228011030929,887.7655352917783
8.720264454000958,2.8109137726156965,5.384028747238536,2.8751156780964706,898.0152272290396
9.458218210731493,1.3462579701930326,6.094466481553227,2.228395362629075,874.4935626269904
7.531505762449139,2.915402970484937,4.271273239554421,1.1480047221429837,919.1671241085428
8.522929456942446,3.222711792831931,5.175021405831332,1.2283948853897848,897.6806574394059
7.034599865109816,0.33128613765387005,6.695185402403098,3.498732098889721,918.673402119707
7.986249528732663,3.1329263873010347,4.307103806363216,2.866574198485632,917.54224670492
7.304785418448473,4.0604226984446985,6.976912296310269,2.6732402252187835,919.6713820054903
7.6454939474890775,2.2520037612019284,4.432583014111311,2.009797552778674,917.6518389511756
8.392735538155371,2.5990841852948225,6.349381577377611,3.2067785920963274,900.261155895075
6.2726689751497915,3.037005324369159,5.127041489786874,1.117276171217393,938.8271263466236
10.638580913528191,1.7245176848209778,4.355091742361023,2.6023740097635923,863.073454063368
5.9909739277504475,2.1822802235378695,5.003100952847402,1.6453811947795494,944.2228453813519
5.6787170808184015,0.6858004703768907,6.044929188178994,1.8008853442758164,941.5896183648028
9.237166310250101,2.138635028530451,5.4931460050985095,2.5806314118659097,884.9223182873811
8.687494040944404,2.4981119956445417,6.6184694114433436,1.8851539930547938,888.3292333972347
8.436179725578233,2.5161630229264693,6.935740060934881,1.6522401124309936,890.7122938731059
8.44251826389642,3.0654247235975802,4.31696933468215,1.6038738815296596,904.1241987033821
7.481629840729628,1.2251978218644708,4.243730855089655,0.41092340359110047,912.7652734706228
6.154118442771253,1.4673932433265036,4.195206226379158,2.610562895420525,946.5410091316369
7.613706837290589,3.895507345991355,4.600803903951981,1.1946959417609653,919.014049071685
6.484257432731832,1.84967162623629,6.6042145208197445,3.4867275245274225,933.5244244578173
8.962679600126627,2.200033787312328,6.060361950666735,1.7699099601480057,884.5456356853964
7.279413927746792,1.932989958274779,4.954972427077569,3.047551837956766,925.0022139787848
6.261754204811233,1.1783191736949776,5.488897409377166,0.5527751738538553,930.0618329782527
7.01792123752051,3.6235292108918062,6.904305505165938,2.585186416958879,923.798184352572
8.119397181413436,1.4722985880793944,7.408010850979119,2.7908445860094493,895.7316168893539
6.654413170794038,0.8727144762930701,5.759384333442802,3.0428509074915473,929.911056637448
6.266669406650353,1.5492597226972484,3.0,0.7775689817707092,943.4149402748158
7.865530817237868,-0.0017060017255334792,5.797287094759973,1.4378250903304566,898.7976913999568
7.867449856663084,1.3487125350168183,6.434748129541347,2.461207962204864,903.3724554557984
6.739585236943306,1.0318714021476734,5.724632315856075,2.1187535830752875,925.4948588651558
6.7934425415725155,2.6174286309273245,6.226514918734784,2.2346877140510677,927.0143385311917
7.848074906036454,1.3265857604401274,5.857065374460384,1.7117707153525343,903.5694140892206
5.3278734877540135,2.8878039355788485,4.2653545825181345,3.240638892044553,967.8898039777368
5.388804338435167,3.3984839930693216,4.613761566636537,4.0867723586238505,969.7088115349902
6.422333668121346,2.7811753362875993,5.178847812869844,2.0831839392072715,938.6818748851915
7.1798292724322295,1.7846117111399233,6.565414778238352,2.3627369964042013,916.4044451146561
7.966361348397007,2.141114496705593,4.734115931679379,2.044994996498254,910.1031306702886
9.713034325424328,0.4750150598559404,5.955902633167647,3.0272427192379494,870.9392492354413
8.786489434803029,1.8662206274787603,5.8036925939211965,2.663293027405449,891.4083315635442
7.2600922050548595,1.139561531933167,7.0861972650791305,1.146895543490525,906.1672957992399
7.471475688145967,2.694326381149299,5.4583202218705855,1.509838391604284,915.4931325889612
5.996205953043287,4.572752389244474,3.745241581723741,1.1925625655952903,954.959507828386
7.472230296011415,2.4998216359738095,6.146870464896778,4.155857865756408,921.5778624573984
7.067012041619792,0.008859851045333489,7.638055211634004,2.508249426865655,909.1020261441305
7.984077840507134,1.6387698070856271,6.212383344866456,1.5234510191121742,899.5579751658045
6.259153584671516,2.122490925374455,4.712338408189593,1.459558367500128,939.7286765359235
8.279019771361758,2.087357425260264,4.4180541208210355,2.6441850183735283,907.8363760756791
9.799108369503866,1.2691868743912469,4.547031166492594,2.723936119727307,876.9769631479746
7.3368597773147135,2.2452917426369354,7.503311880382046,2.6384861704675284,911.433540414266
8.102567583148412,0.7574991630806127,5.172672559478564,1.6595541130802243,900.2362795175175
8.53521598756667,1.055091277314933,4.837356606171973,2.244674915531342,896.7551697620455
6.898169292171246,2.6457976416037114,5.341563355872767,2.088732078106707,928.7176403114378
7.836138722715625,0.9843367691201741,5.183092951394298,1.2509917020492585,904.2564262509744
7.5188886011726925,2.538211605492257,7.067650359787503,1.2588049256991827,905.7584625481004
7.646514147823248,0.6305362253439419,4.485522508983697,2.3295720356345084,914.0523612249833
6.3404853242168,3.764825883791736,6.680643231660447,2.157160864834927,936.2404845753113
7.536765261388414,1.2257300775959452,5.622092096451085,2.442681368673769,912.8899994976371
8.246997436868174,1.776333428196556,6.707026513427685,2.6328184309549747,896.8782292146341
9.676715411692562,2.330613261090406,7.082619043734051,3.1995060979980234,872.1934884721499
8.93890623912781,1.4346500474989057,5.584797633913095,1.3792764911071624,883.6106171339675
10.729773686267334,2.1434059610713043,5.184936390400834,2.504188958980306,858.3219407788594
6.348978655667926,2.575356724520126,5.566178831865103,2.599359053222948,939.5911263758045
8.808480955081016,2.9606132325034853,5.405229327994868,1.7502956699796444,892.5091486713259
7.7750130086075275,2.791497435972957,3.8430335442612718,2.097490546855415,919.8155947397518
10.78470439982651,1.828189536197326,7.052480373785073,1.770753154643141,845.0083149663894
6.287552571967273,1.8533682259563977,5.74578501738119,3.68687230668574,941.9296841618756
6.240417236728836,4.349108558025033,4.336900814948946,2.083882152352885,950.3577050909736
6.6009110318339665,2.949889068249292,3.4324766798015913,2.361204086969115,944.9859079507515
5.0,1.0781763436797864,3.172400767069651,1.788812562466231,968.6208311643671
6.711367467478858,2.099988163765552,6.270480436687503,1.616292346999368,924.5924055820399
6.361301007669454,1.6648568612218075,4.881022431592905,0.9583978706386582,933.9032376720257
7.725590679714312,1.8646657660768904,5.045099331894867,2.8798948997802665,915.4699279785398
8.012633963665738,0.7705048422919121,5.9881542645388235,2.6147499979172806,901.7066694479585
10.314256258823828,1.5880767656140469,4.983951843898222,1.759122844448172,862.6641286691604
8.925635757279075,3.811555773193913,6.046524416053513,1.2797040775488457,887.9715761556531
6.634644516506396,2.579076300875503,5.595264064376716,2.1439268211361147,932.4586647476983
6.152377992977463,-0.49116140815146014,5.415870416850764,1.6018425549624244,931.6804858679808
8.23787875725976,3.216723492497947,3.927249594308511,1.8223659450943028,910.977604361254
5.519650189469036,3.0896295229091613,4.68026864356114,0.9891520443176927,954.580969257095
10.24718814878153,1.6407146956935834,6.102535365586866,2.173655664518424,860.3991040556783
9.269160181081931,2.717263543783215,4.817978185135948,2.1896025615909998,887.6265088872676
6.796236521842943,1.1406007891827992,6.705369555784491,2.8757783073917476,923.0002037646407
5.0,1.5297442837336426,7.8464013239933985,1.8794067450939147,948.4836134867969
9.530808561248119,3.4985463606698537,6.156385300841323,1.733150018236931,877.0180315259831
7.328190232121073,1.7282699601302915,6.9928318913651575,0.7545913071062198,905.5179462388987
9.356724467960193,0.13026833804500892,6.220727238296068,2.8807687586901034,874.8284516833365
5.108358511808449,1.9366967772186632,4.965737977327812,2.7142584932455676,964.1042756891022
6.6009374655693405,1.9214116070856433,5.700151664807425,2.0229907531254416,930.3131218844513
7.507865549577275,3.19836856937346,7.513320946097442,0.9366151563757021,904.5344150687791
7.570470890647113,2.01433642217576,4.976446257372549,1.0283783751294866,912.2043325105334
6.824901792781135,1.5784176885597072,4.460672701121926,1.5623152569885683,929.240296701133
8.434274898521249,3.045056145231206,4.36580557688473,2.7721805670933306,908.3397093097731
5.898569355926108,2.1207902325011103,5.282470616166451,2.23227010819331,946.6541711657577
7.2864307724680595,1.2499773184342828,4.496527911356938,0.8053142488945797,916.7567385686039
7.680443447567848,3.1549975605416174,7.174019427437237,2.323369531680177,907.9399393894163
8.271658251088123,2.1936617645167993,5.716356534591288,1.328682736663314,897.3391147473009
8.567422317133335,2.0029259666794377,6.471726309760503,1.5822302187902837,888.736477421869
5.813036862243196,2.1779083914116546,5.201334609420302,2.7773904100173645,950.8095651657752
5.198828743896566,0.929331628583403,4.359802802243882,2.6124032670246655,962.0496777301692
9.416515232847765,1.4723462238216627,4.1906060545667225,2.874479906260339,886.8774097310472
7.998471017969387,2.0035826018327834,4.592008257821879,1.9814931847326303,909.5467507732166
6.37727019516517,1.8053363049753202,5.847525494026711,2.7064196462929497,936.0065501977946
9.826727963283783,3.2724283828165954,6.019882931767948,1.5310909889895543,870.7661379173001
7.673511951439288,2.2174058527270035,6.103196073058685,1.7939472523157651,908.4628620712293
9.26894577609574,2.8549039226364026,4.011327316218143,1.7389654204761673,890.0890698525318
7.601277722115164,2.0093953545758496,5.49959081410173,2.019092014579595,912.8703724165877
10.59112188732298,3.056288483746123,4.473938169107607,0.9708071309503372,861.049767806229
10.133011263664807,2.397527756573154,5.901465967584528,1.8199960775013106,864.2536615957106
7.12655377728139,2.01342048538846,5.979077055497452,3.161325841214991,923.7309667180566
8.957356426431533,1.9867169110409806,4.327826952973561,1.1259774705508527,889.7103515092999
8.468063924377722,1.0455613737090368,6.468029607196348,0.9365429744679741,885.5287294307805
9.552947336298523,2.506915720136311,7.838822941528244,1.0010493378702177,863.2928512627986
6.052614809129843,1.959795265463621,6.334835737584663,4.129487555259713,945.5039008666258
8.52907718999766,1.4980080398187954,5.337165960448895,2.371881584696302,896.2541844761208
9.087636730274381,3.1064617708120714,5.1834542967902575,1.7837876925268938,888.8796128935876
5.0,0.7497839741051988,5.290936018327492,2.0546563304065093,958.842366351643
5.725112231001337,1.577504104567566,4.73926615322299,2.182111519397454,950.7040161947901
5.0,3.0277187487795336,5.75239820665205,1.4876400194164958,960.9427045203923
7.095889748333163,2.3155229409202533,4.361537408845695,1.5862266010327177,926.8063736908799
8.576313383693943,1.9521410723472428,3.6103022134020994,1.873853494238376,902.8198743613884
9.753535578144042,2.2510035431501465,5.719601681813549,1.420195929412075,870.2615191688895
7.6111421706296625,2.1794141710488413,5.521233065775821,1.6824523143830492,911.808310017162
9.942923318356938,0.48333745371407866,4.928829983562806,2.2824732618642765,868.6918788849913
5.429847812677663,1.6507381146520386,4.217303377389634,1.2022774563039205,955.1824014566635
5.0,3.6165216545137486,5.789744026914034,4.087959536758282,972.0849951676839
7.416678451655072,1.3406758652228326,4.509824961429549,2.60252528870896,921.2109744665373
8.076098173408962,1.681698985895666,5.3610556491346655,0.9839322091898786,899.9178331949524
7.45095787785886,1.4583792366908126,7.264971854126444,0.017677192719510515,898.4747015774212
5.0,1.9129847766818626,6.151189769575384,1.449997371889777,955.8381853218467
7.3663199407308175,1.4168771686757018,4.130867337618303,2.547488519685798,923.917660576318
5.54329574924272,2.48674150215806,4.225148428987698,2.392375915560084,959.7954060661971
8.504508823245057,2.1973134122902667,5.651819092743759,1.91132119172111,895.4857963598758
8.049897369145272,2.773547615107018,4.124679317940979,1.5188460310855316,911.1904551872591
6.090180320508967,0.9490588338110395,3.4982745187657134,1.2766949008064559,944.5628487036055
6.72919962399496,1.6596595171170967,6.032372011296723,1.6779335431123943,924.3687199742988
5.911179717166572,1.774277368387865,5.8209357543208675,1.190096020937918,939.0720970588009
7.405981354090242,2.455646910088595,5.950598331279132,1.6808977950332404,914.3926592501443
8.932713480751858,1.2067788027929656,5.763035181817904,3.0647607486582578,888.5312385073634
6.0214109304966845,2.915653804258344,5.434689288327605,1.3830081606004803,942.7199159733528
8.256069773276767,3.186415590517609,4.837811452323339,2.4887050264415906,908.7993611596554
6.704613572441339,1.0111276523644162,6.016134966087943,2.6107390503873624,926.5621553778199
6.310690751606484,1.5091271051064343,7.029883488405151,1.1363189451712672,925.0797648983196
7.339454460068163,1.4680684917079077,4.998770992556546,1.325302500352397,915.9778983205202
5.947136516370939,4.632386204677498,4.479259789791701,2.8551547495894316,958.810235952492
6.669526041979227,1.5700998947921132,4.3648805805887605,1.2593887682794418,931.425625843918
5.703183161116727,3.6776254421561347,4.633269766666283,1.9540114006313574,956.6155861821949
10.447087699374585,0.7333680048933904,5.702598524476074,3.6319870577348206,861.434174241245
7.552895327957593,1.0103490338356367,3.36037243644644,2.783865805649091,923.7752696719289
6.450411738011121,1.3133954681517992,5.939170424432326,2.068184361388453,930.4732183798914
7.820969866101333,1.1543106885534775,6.143913010296156,2.6725844596250035,905.8333060035072
7.331507925463756,1.7321012658415014,3.7019216400571198,1.9552623317487854,925.2361553659118
7.168545600700165,1.2912217972785018,4.520819563722401,2.814585466562779,926.4260076056883
8.421250050065138,1.1806584072654265,5.5796809798454134,0.36298765492282303,888.7735835450907
8.636261565070958,3.1584719964733274,5.356530269695602,1.888587202900044,897.0053504005444
6.704248278584209,3.223793622513165,6.0196374682685905,0.33092807472574237,924.2451044356762
6.63627263903298,2.9492964983753156,5.3588631784836345,2.129084150585463,934.5053454046827
7.087422454272534,2.523998955584328,6.764769526774965,1.811057681381841,917.206855711848
5.0,2.0927430657795525,5.178830600956318,3.088583877313864,966.9567228826857
5.227213406702171,1.5029693093340912,4.516967013280246,2.569461894878134,962.2316166455752
9.550311401166788,1.046842495244908,4.436558133738243,1.579129849967947,877.239266220029
9.967451570251924,2.3629957034326874,6.235468509281689,1.675026994735308,865.1443306581468
7.126445940665432,0.8263696074532021,5.529621141956916,2.3045572241838244,919.3238912722816
8.36483544458365,1.0060790708246068,6.1337159007251945,1.5419515259573817,891.145302076534
7.966875231815304,3.1529132562048097,6.113122499229185,1.974101770892364,906.2403876393506
12.118321212682856,3.9006490417220867,3.4801501472361593,3.0533584516118957,847.3678315258516
9.179362367151866,2.3932951381664807,4.359917398976556,1.3366958531756972,887.3500460750324
7.30812361277885,3.1064571522946443,4.479374959496179,1.6418605072348833,924.724543782472
6.066689339099361,1.7541516825560166,4.6839358115082375,1.7540541236405467,943.5084413035128
5.090330519613641,0.6623258139123158,5.079644673423474,4.526458740948499,967.095820140911
7.805195453800835,2.612171618618584,6.499149594617186,2.486594130005734,907.8504079239017
6.365473882073545,2.569289323270064,6.698482352383899,2.9056546712382736,935.1415954437767
5.366619435603489,2.071668553880244,5.207109169797003,2.6145005695027077,958.183718242095
6.53014067363621,1.7576245418948886,5.248719138675256,2.6683150927882395,935.6727440925855
5.8776779945784074,2.962210578581098,4.794566275942714,2.3788588298658304,952.2043784790502
10.030712452608848,1.0142669665725257,5.589187697238544,2.292215360047274,865.5058715654294
8.822459635424176,1.2262194211093422,5.702520882733936,0.8394042764251708,882.6392647695942
7.488041038025074,0.991893493239572,6.306475555002265,2.2862916450743516,909.3797131277881
9.71991620833504,2.084972962635827,6.298438725982553,1.9133251260856337,869.5664624839419
7.616052461471427,0.9121069878907417,3.1978819489309487,2.4363655222795964,921.7893313931978
6.208073698007604,1.3157578194847566,5.347455052362882,1.9433126666876424,937.2742506600116
9.784686115904485,1.294244437772802,6.884100030890104,2.6105314341823935,866.0258920170822
8.308365065526989,1.739391667666042,5.061885072695083,2.751946056919344,903.7267862776941
5.944130768510315,0.5126255535960231,6.639241818363288,0.0,926.7069185448518
7.214491982874588,2.087204992037267,5.193548199988811,1.6528857454672334,920.3424868895067
6.186572619922864,3.2473036506646777,5.674923467441964,0.5140904752894986,936.2237488992611
5.425800403553496,2.135491372316762,4.363109307600851,2.1911556437135955,959.6107741369393
8.889266321297463,3.5413211448013207,4.400751442433485,1.7594332977167997,897.3315300780537
10.364124960705196,3.333998185876925,6.225491572263015,3.084662776469284,865.7655403869227
5.402148639271289,2.7777350472478544,6.381818280200665,2.1657957294407018,952.3612212019618
8.344453855035857,2.0746858426368857,5.5264289062004925,1.6115760188290293,897.5887001735017
6.524036146317259,2.0225003882454398,4.272475757361609,2.7508572318764677,941.3718803925526
6.769311924352956,2.76379977236326,5.543804556607214,1.7454380337380457,929.2261378692104
6.611409113641696,1.6083293904959675,6.757234960674277,1.6016019552850653,922.7618461922733
6.204013845480276,0.11747924853253622,7.24286647005176,2.3149003317134844,926.5752097257061
7.572782441917241,2.49200405410296,5.183292067674086,3.2903771119515772,920.946832633062
6.253574825383444,0.8689313700650287,3.84013214974221,2.682841526591858,944.9413827529698
7.905685238669758,1.0378587718096153,6.340363599554779,2.453544772225181,902.2043763488392
7.424642835826295,2.000223947995788,5.224036903544999,4.2007588268173315,925.5273193028154
7.141577929700386,1.9048751224465301,6.44304064156104,1.4140719709124059,914.491460847734
6.138654506937604,0.5879243936843697,5.78107222501762,1.3962257304463144,932.4833091002683
6.634843004147501,2.1654915641331405,4.61655589423815,2.1164555843517943,935.7498714523692
8.633086838738635,2.9661396608610486,5.558244360659381,3.212021107283771,900.5129966952932
8.251375781436572,0.8716584297342171,6.808338367054327,1.2466512189643177,888.6451066119829
6.033667132802173,3.2724833308487593,5.350846011032756,3.403658078050448,951.3941939219928
7.648998458143839,0.439829174870056,4.465194836554622,0.8487020084732895,908.0597675579536
8.627080685057683,4.117324144370953,3.9113558314033434,1.9030255594230572,906.6250840857502
5.0,1.5887395695165167,4.7278353131353485,2.1387725325349196,964.1143830139016
8.315040288569902,2.145616996826891,5.089863738229018,1.2938944669456782,899.1819430880199
6.50606436158123,0.10796642751432994,6.319999135917259,1.5030125080542394,922.2016397553006
8.355898002889738,1.9378639335306915,4.3791507321883785,2.6373043834685324,906.1446589226285
6.355111265186225,2.228482177718192,7.0537518857296355,3.153244594008987,933.6525193644406
5.0,1.9138378959005053,4.162847789158809,0.3083117100031827,960.8392850711857
5.058686343175256,1.4369189229476262,7.831486092556837,2.144189108367452,948.1874109647018
7.572127419992073,1.0534354814721851,7.225518556754471,1.9093528771073576,902.311646395386
7.889583752582222,3.130526619537311,5.641166249387992,2.0859170844991604,910.2260999651625
6.143525062343388,2.03080713499795,3.8523064652304075,1.7465868195070384,946.690463652302
8.457888688166062,3.5407523765167723,5.444575938017578,0.9676104243549379,897.5542021974118
5.00771990659656,1.473517645205077,5.1131590420134945,3.233837582435697,965.9312102287242
7.400880302029025,1.5652053066277831,4.225712776949076,2.9274636786645596,924.6611496595707
5.683475700356315,2.815594244596163,5.791009627247442,1.916808648882494,949.0551933229381
6.522245838296762,0.37702503799643594,4.676356870144356,1.6093494300213258,930.6898476971984
7.571098006974621,0.786536639847077,4.7850941529504185,1.5124474967952963,911.4576311723044
6.209379952074071,3.097484971353164,5.296321365427644,0.0,935.2296216122589
6.923166683655262,0.8280660707768053,4.925091171294296,2.283056059681929,925.8406986169776
9.009439213821661,0.18094898469745235,7.578156617110029,2.6242588722422755,874.1630930254026
6.634662195715277,3.8685271880730907,4.96428536700045,2.110321692887815,938.8649437554102
8.753538168097712,0.6061823521257945,5.940881011394476,1.930930852320198,885.1434049034604
5.805439718013573,2.1841193983281695,5.645522492210362,2.106706806789268,946.4077840987609
8.294706266872923,2.069085192724271,5.852750225258872,1.3174192153939388,895.886722057676
9.66235293098685,-0.8106283166180837,5.929088403610932,1.600355818103735,863.1116450468352
5.0,1.7326829768321912,6.381361486606123,1.8669335774142735,955.8158475006244
6.304657116794285,2.4484132494791098,5.766446075618642,2.5573412598119165,938.9737858285466
8.36560819077081,2.3543093815188607,5.72489579488632,3.1030866986360897,902.6009278988054
7.195431920935511,2.9035206838035017,5.5584770684681395,1.816681725621635,921.8869266293469
8.056718810056964,1.612508685094566,5.361582147660026,1.1641715699476674,900.7532906179405
6.594022219926269,2.7125044420921607,4.588202118339323,2.028517432610744,937.8400191018427
7.62988468120935,1.3106709319199281,5.439131622579799,3.609192890071137,916.5851523356312
7.266484146911881,0.5895325835872249,5.741267375265533,1.2337548518930126,911.0908655297046
9.25167309248971,0.7022716243187674,5.902164556572795,2.7086725977062502,879.2194151869445
7.881631264951819,0.5378895448045853,5.680284772990237,3.0687684448964845,906.6148647225114
8.006403993112803,3.009585967891194,5.267044986551467,1.711988112139611,908.0644671682134
6.882184550816299,0.4854264909414434,5.4429200968041025,1.4394203378247676,920.1007724711126
6.76859066389126,2.274038840649303,4.946353515449208,2.459965346266602,933.309309258307
6.851162718270569,1.734075805927567,5.813223991006564,2.282573418243332,925.57612649639
8.091678213567445,1.8973514265493685,5.278871772085878,2.5558193370567097,906.45928990137
6.868523278769605,3.3636072951997,5.68056093819747,3.658967545191844,935.5366822739879
7.934662285344619,1.5615726327847266,6.500803043382552,2.133637242701251,901.1904655291793
10.613101197968158,2.6116015615496835,4.79064109035758,1.0462201208351183,858.2081438538597
8.806687055147538,2.0375633513811118,6.096695380910484,2.0533120017347395,887.8791096498286
7.010964701748239,1.847981094367302,5.533210179885373,2.1932454353643047,923.8913694838558
9.301820883245917,4.2999691243864735,7.521193599580755,3.013734909670599,881.9305890545883
6.887886940467673,0.5586582542846303,5.283699671536491,1.8425884836578375,922.4391851233179
5.0,3.289131835437445,6.195164583151066,1.6727457330436921,960.3017766361405
5.987870533623894,2.6564065654899722,5.515353451755977,0.9030448030667277,940.4599155090555
5.0,1.520475005368216,4.111695491686506,2.4379302336513042,967.9018416978179
6.9727297739380365,3.629318517441612,4.9793109044808554,4.678565748431181,941.3934937467425
7.527627568784328,0.15188988761146338,6.380471105428393,1.821927212796849,904.2282785984097
10.014655968412924,1.4782333427009284,5.067305539391727,2.361563963617559,869.7837172001409
7.990391060646244,0.7915177957309238,3.279743685160386,1.5617337173480295,910.855902214608
7.1713492067867035,2.41208346487146,5.468596983075496,0.9749720640033275,918.2505377275501
8.744108371775233,0.8869358988128224,4.407663702048989,2.3473887513604246,894.7807853832014
5.0,2.433063946741319,5.631817732596719,2.0225506267497537,961.8341842863427
7.853421837162849,1.8135635841784459,7.051147081398018,0.09155668554734109,893.2489531703642
8.65629779083045,1.5206460573439156,6.2694573108029035,3.2880229725920955,893.0239325533522
5.282120631330238,2.3886472460333104,7.036655828739978,2.3327715010696926,951.0843424540288
9.215631064810394,1.731378376061936,4.938487978555509,2.0591164400828834,884.8257519205647
8.007744611241622,0.9113651569409613,5.356833666364468,1.6624185087261532,901.5835793226377
6.877068129148798,4.801372989634979,4.45556380319222,2.3242352883944735,940.1201470268976
8.449172799159427,1.5128328169708554,4.815956554959905,2.361116761932828,900.1653458688099
10.906039286706594,-0.21760908015201474,4.57311516771382,2.3210570989813695,850.6198868119747
7.772799382587743,1.1579013102786115,4.1932770307880425,2.8543944356027913,916.4860852468232
7.872330879450504,0.7327233116272698,6.8658566253313404,3.0362169870666764,901.697437565758
6.810958650689634,2.826145616040516,3.4080397049735778,3.6044744508947173,945.4723756951271
6.225233445802813,2.321652659591586,6.8701389048045565,1.3305262540410225,930.4014805860197
8.745503724816368,2.398712801790344,6.746058924920231,1.5412627889862263,885.1003630095603
6.215874261136699,1.6299775341627556,5.999792675478998,2.2889457336333106,936.25821825131
7.607349355829089,1.7206497529430784,4.385492731905931,1.3767273130097721,914.7427991933239
6.783513829852325,1.6290688963923317,3.917824888556793,1.5055879421022236,932.4646463985124
8.218469738619588,1.9188068158645302,4.951596318736436,2.380183665205304,905.029294230377
8.000493157930423,2.835333435364835,6.125120456339924,2.72067388398388,907.4505042736014
9.056309916386848,2.3360754125053464,5.5030636374406745,3.020742362223091,890.4282016294653
6.73497540171788,2.500112829620867,4.456500504905242,1.8459084689939194,934.5588244795376
7.095187597059943,2.499558908249203,6.64820478465649,2.3705223708303764,919.6174710195367
6.0318544263265395,2.884442437381738,7.1843833281815375,2.1942061887150164,937.320166616597
6.833560109885832,2.2881500415402547,5.273400835985402,2.014125956143989,928.9609552415443
8.065950739567278,2.358848072678919,5.609336903597345,1.347192667833586,902.192642489436
8.635482924968027,3.1888062411931566,3.991151316370504,1.2454311286379829,901.0609371859341
6.116752013733562,1.334954081996888,5.0856132838909645,2.533339823964765,942.438856808383
8.80440888015849,1.144257420048493,6.010439978000994,1.3337444960926383,883.1534566587474
9.533456788207427,0.8140784008131441,5.854856540257778,0.5784649401383786,866.5857891427266
8.120152354835552,2.182914563620256,4.992332150790293,1.9745909413678497,905.8966316332728
10.315193718837099,0.14626775878087672,5.225756491523553,3.1641922417197996,862.7265113302417
6.339316201344641,2.4621540960596775,5.052789263455448,0.0,932.1726585079284
5.633017945032874,1.8908069054994474,5.221535286281615,1.7693357814771904,949.5130075146176
5.0,3.134639699821057,5.9232348025181265,2.5401718922609864,964.3620423700023
9.744066467233775,1.3280826895350093,3.5324629146308775,0.5412028534281588,874.7630364749735
8.481548484531087,1.7966817145824932,5.425650485192078,1.8293336670391345,895.5417866566493
7.416622993634317,3.1222033332933687,5.849975535625689,1.0884342043579662,914.3183486178424
7.919952939479731,3.383135646778152,4.929515314358923,1.1942575087944913,910.3582155011345
5.811766429052435,1.31984763424818,5.020666956035119,1.6780654338383836,945.1898213874925
11.16862796942524,2.18178123258716,5.049605559184551,1.101481687894264,845.6775354363672
7.693831772962842,2.2944189776840482,5.02095002646284,1.03495943747855,910.5087894549977
7.664092191907339,2.3736534056211482,5.505883777850373,1.9526145987663965,912.4417449726133
8.588649935848037,1.737424340684378,5.629002758013784,3.781711248428549,899.7016281231259
8.22151384760507,3.281383398123635,3.3994856837662004,2.606194653958285,916.8323377985226
7.835826036418697,0.11029651637845461,6.152880371472288,2.808426213630684,903.107814790668
6.314288316832032,1.5788697651989159,5.210001115653041,2.637809950735076,939.255431780777
8.207202535703994,2.4479307327729467,7.432963175468534,1.4419891098566262,891.6866803030802
10.32303674471255,2.4572248119493434,4.308351461101291,2.248665783292928,869.8883761934139
9.518130069232466,3.352759030614763,4.6326854912456685,2.878155408753867,888.1917289939632
9.889779939959094,3.198225393201287,5.297091021416739,2.662669974225433,876.9568010183232
6.733176485353223,1.7144583746927762,5.913225449686036,2.1556408058947083,926.7787416947111
6.0155927696121285,3.2998712435306046,3.5492326726284986,2.416037195355115,956.5103416936632
7.3113196198505275,1.2859582562225451,4.6708999478838935,3.970299172135322,927.3571067683243
7.583587368433042,2.9308873827918376,6.091320160573844,2.6715545737250768,915.4459950127235
9.141287277706423,3.8105224784209932,4.551876053567457,1.7478725142418812,892.6492764533463
5.0,3.2149441068549693,6.870026376376227,1.9407703949883226,957.9537372773324
9.79432547919092,2.1057703835241233,5.046116401150928,1.1566788827268426,871.2490496354733
7.262988152131516,1.6682212282278779,4.600626798658103,3.8776287583570372,929.3046219644376
6.85967839507887,0.47140870374071375,6.110244257789519,3.2830957803548353,924.2356926391683
5.981843437109749,2.310539637914204,7.1076173868244465,2.066570429017691,936.5313388067515
5.017714992201346,0.8847827720290808,5.916396258743896,3.744656095013421,962.267923149307
8.734755875942872,1.206865336386063,6.760429399223258,2.5059200359639817,885.4967208233776
7.609976950782606,0.8092541992633284,7.176635340636963,1.6553228659073458,900.2086946586016
5.565058650388419,1.5396076673433448,4.5781413200724215,2.725162032415838,956.3446601169134
5.557381841904576,1.9720305855130178,6.438391334059586,2.318914777437321,947.5325063428459
6.9963229510648075,2.273614581165705,3.9765294906964526,2.6702854226211192,934.3643774320589
10.003532287934089,1.3994933645860366,5.924902531786385,0.9047265122750263,860.3636717844774
7.110612972954593,3.069283706395183,5.428682109485181,1.351748674242184,922.801033502962
5.2452855703228405,1.791794742010034,6.742950203042062,3.19077666409854,954.6617664685041
7.131385403871084,1.212277566734481,6.672251512984841,3.354509993251245,918.9012935387021
7.090914645378494,2.226292267243436,6.0697833505344025,3.1320901815744433,924.4572259170412
5.0,3.963552833543816,5.798427899482818,3.774917522869486,971.8483158580667
7.418557700223282,2.3351605665351176,6.008368676721951,2.4618946385710907,916.4592584652073
7.153598204686983,1.637144372626393,5.561770871376545,2.4056666902643444,921.3075517283322
8.544309547220127,0.47253864388129596,5.438804258892096,1.26943447902095,888.5360816962441
10.273434142418019,1.7805876790279296,6.942578172252443,1.5355748473229558,854.0213145065803
9.189847544321637,2.2349281250881154,7.062889819678176,0.40939126215235855,870.6947829783167
7.096666964167754,1.61241910874443,5.358340802297793,1.7428111901058345,920.7776166763857
5.840211136887494,0.3346153617590004,5.737636403010745,0.35317912893340164,933.6494667988325
11.36003970487479,1.149434610496566,5.581655224772774,2.8647729366909553,843.3224425819113
7.588827651021733,3.4545384608877576,3.888301558062805,2.310719094840362,925.7112407846868
7.5208939378694195,3.4340010037304607,5.163564422387994,0.37906460288312793,913.8017813146579
7.463812369334995,1.113360830795402,7.099704201048103,1.8481090462692142,904.8507077655361
7.797127141151782,2.672756787199422,4.750224124968189,3.5741244978788,920.3476275618704
7.283459382114087,0.8214272152298263,7.6145434623013015,1.899467079331405,905.187827858581
6.639506989679646,3.4043162819949524,6.672126309589382,1.2013032450896062,926.1566731508672
6.679711588139412,2.2452358478942362,5.9014981505462085,0.5715981845558074,923.4159513227396
7.450870094676002,2.9496414986165336,6.0608432859764205,0.595482710044889,910.3855904217431
6.684862843299353,0.2849066528174611,4.582793303664975,2.428463974284801,930.89033779829
6.430731325984254,2.677637101924888,5.2347712477752975,1.6529019021402043,936.3761136248697
7.659645341537845,1.9923259363154966,6.941399110321759,1.7192046867204491,903.9171215813202
7.117534173868717,2.8519290707908427,4.885470660826466,1.6562026692448246,925.724381830296
9.755989482874032,2.9148677980978497,6.561131756948799,1.887808040428205,869.894460015817
5.0,2.0657846894747496,4.122959810562942,1.0182696010375616,964.0897390803767
9.137260277883692,1.3991703609040853,4.301841587524989,2.2528839949515027,889.0378092175141
9.369127788746443,2.779696182179494,7.401384665586316,0.8618350049946444,868.9891630012006
5.0,1.9398455005948723,5.488162853759675,1.395326033566997,958.7928245215464
6.985968608879476,1.1272150464723576,4.961500113005659,2.808662158132099,927.2931615572747
6.942838701006313,1.0798477685423142,6.862740826998962,2.300963999780151,917.2338166691527
5.388732457923268,0.5228355836876184,6.745821554963504,2.548545476961106,946.0508065048307
6.333274968613687,1.4897088404369367,6.420754565257239,3.720310714254309,937.0504203771843
5.834136231801256,3.1026920460743783,4.930102080587894,1.9522767917564021,951.1890718876442
10.128405665135434,2.1778297997054343,5.213082424062325,2.017168208019982,867.6608322316036
8.903517589721192,1.4702322940769594,5.81162882372473,1.7885432353197275,884.8358277367299
9.407332642491237,2.8048559381800797,6.194399342147237,1.6452686820862823,876.8756034735617
8.582508096064853,1.1675233782766112,4.991516425981462,1.191527338084971,891.5546699554477
5.806422343174156,2.0953502743327785,5.6707371106206965,2.067251848956682,945.8778209960817
6.71321960058034,1.8203696272744847,5.7673913007974065,2.284038885276925,928.6012017938237
8.234061841841877,2.779130625588352,6.786769756375254,2.328616271354317,898.4141973494258
5.666808286662082,0.42277162908049926,6.254465828935119,2.0514910614936626,941.035179357428
8.569497645258583,1.149802254185344,3.9931983551647092,2.7409366438559855,902.1532040509958
7.139511902762798,0.36175434090546643,5.286369691514614,2.0235493525939097,917.8703577458447
6.937768788675604,1.74040327819073,4.5712166300165835,1.6725584894128307,927.4889859278245
8.566439952305238,3.2114275036324305,6.068087420611674,1.2584094544203857,892.7987762868567
8.16639496722906,1.4945527903464728,6.423153350505045,0.760819830737657,891.9474425851018
6.95855075127138,1.4893160618043493,5.601555985610244,3.1683321423491884,927.1751080752377
9.238994705046371,2.871724424184136,5.23187296937215,1.4407562996101353,883.9082137565805
5.878405008600154,3.0685495584552998,5.569169793035983,1.2594662853701655,944.7214951520871
8.423903410416395,1.9114289327312102,5.708919273477754,1.6659694173384216,895.0092148994025
8.389651886952576,2.684714854049892,4.859900348283093,1.7772889707729629,902.1658076972403
7.035680341029015,0.9230454591220536,4.281288899230635,3.310809948722219,930.829862115635
7.989199533363177,3.3779743339254136,3.449860957444647,1.7374823175270633,917.9570178401799
5.623329635422046,4.148706293937051,6.767182131738884,4.106706852321315,957.5005119192839
8.886040528810351,2.521215791188725,5.996366243634966,2.050957763722546,888.2102980696893
7.222646795335517,-0.08433162134280048,5.862511011344172,3.645622599177006,918.4345242494011
6.715915469221441,1.4417697376022156,6.765198887952949,2.7151434251445767,924.458668552948
9.073513838755334,2.6128253216693214,4.244531990307583,2.2888299358758095,894.0097988531359
6.443484464185861,1.5785170028336373,3.7643691241449813,3.2622785065899897,945.8966110212893
5.38730805545466,3.2721985542500978,5.88423191651909,2.89778383515224,959.0535815898536
5.165056239714144,2.588157264435865,5.79327137544343,2.507743267348871,960.2510057678188
8.40901492701846,1.2935244992342034,3.7686931903272463,3.8540752078173535,910.7239921483789
5.579355971255575,2.032264810771253,5.859521062140472,1.6012858304371016,947.3140081069708
10.132191272976547,1.10616677936091,5.0997770476004325,1.2040690592306142,862.102621266049
5.0,1.8174151215875582,4.692911940262419,1.4590154065504368,962.3860849793765
10.044684552435058,1.4454067595674482,5.166576291717587,3.401818552066844,872.541737441103
7.816526200803928,3.1747618002330382,3.05847142908153,3.160608016868877,927.7157677652202
7.354930332194411,4.116012056830995,4.908625776608062,1.5797904804156917,924.4436801856613
6.682621369786576,0.568811666764248,4.795705430515795,0.11627896992490694,922.1327545884642
8.098704171528107,0.07678371379024784,6.05710244693614,1.8353239708970224,894.9502077645359
7.443547946362727,1.7548275781486142,5.341769863489114,1.1893885531269823,912.7412726930959
9.154952823024782,0.48158430117131745,6.138868873678882,1.6048512228084368,875.1958039782476
7.67134147299306,2.0462116036709173,3.0,1.1564727618032653,920.0840576504792
7.725452642192816,2.748936113805927,4.660901777428952,0.7123695384167812,911.662934030598
6.954581681679216,3.4941418972668252,6.055997051571444,3.506563494664721,931.9874665244866
7.414581564418399,2.2013945587152812,5.191135369426845,1.4530654368452653,916.2072976778629
7.961702653338088,1.806844775150421,6.345460532974367,3.1301342426073337,905.8011354747497
5.0,0.02161508342691576,3.6953970906107765,1.8229032721225142,963.3679097837169
5.4777218668414305,2.0261851491857983,6.2311108396894745,1.0953566363580447,945.5774911256735
8.614896141034073,2.071287260549462,4.86086078221496,2.407254711943202,898.6038081248283
7.756298157191913,2.6389568142127455,4.763802915617326,1.6871545144536566,913.930075024031
7.224024995470981,1.2915118984709089,6.491047046927452,1.834319115469402,912.5867516223071
7.52765089959809,1.5649473997641403,6.661901129956506,2.1159247474718144,907.9552963191148
8.021372558042506,0.5219977446958157,6.534699696087282,1.3502297314010487,893.6053451421167
6.690360479535958,-0.2912928068840652,7.538641925048266,0.7030909167037125,909.017401408088
6.332542911896531,0.8915029092032167,6.766803608443334,1.9589843082125298,927.2337798026906
7.793767882646522,0.42967418574698346,4.7045634162677015,2.7711341621070686,911.3771075584023
6.032440833577452,2.336712295420611,5.64163812813565,1.2787269928705958,939.5492749173306
8.112379133571707,1.4818659433331427,5.139802091515065,2.1231698130125083,903.9522660763272
5.0,1.4617628699252108,7.529089859949066,3.2044057188393573,954.6984398324106
9.043733455988466,1.015586953824788,6.604869954698709,1.9281880901809219,877.7902597259097
8.208896223619565,-1.2325654325124336,5.311119863286544,2.068875497436687,893.5851821701484
7.884044601470814,3.5083107487475504,6.377909797753002,2.044169882880309,907.8019888064118
8.974036475918272,0.9997294772232117,4.267801533686895,1.454124459285552,888.1462326462711
9.998211666693866,1.587579930150093,5.750261737645473,1.205316385253299,862.9176708777037
9.021555097527196,0.5451078347106895,4.562077507396916,1.2085901045431404,883.7122208243418
5.0,2.9719303434406337,3.811407799372593,2.294546557605819,972.8143525854103
5.580634549896448,2.1434289370373243,6.284536237529833,2.6062978895461955,949.3626987508583
6.562772133456482,1.1736347147341313,6.4085910951875515,2.6440657907502816,927.9528553207866
7.539136575316251,1.6077703886559762,5.957212636211986,1.69716571699563,909.5801567923058
8.276488530703684,3.67817992212487,5.317032959433499,2.874646832744517,908.9989182680837
6.411384280269802,1.9270305681187216,4.233641345153591,2.2458910556083413,941.5029501439318
7.780150146715617,1.818266462384094,4.338653129282752,2.0565937774328154,914.5479625020264
6.366925601470016,1.058618513860735,4.530720020261203,0.0,930.1708813721145
6.582723295512078,0.10541884952769709,5.266326708275076,1.3460723107148933,925.084435096038
5.390008354727667,1.8399613264206556,6.576178733604915,0.7831216782101793,943.9233182344581
6.115150130833643,2.3254851123246176,6.5604042110786525,2.501658805651288,938.2566022053869
5.4724730915755,3.0995844643276698,3.851432400387123,2.0760266655440263,963.3834996861935
6.036190120534001,-0.24849653449965547,4.806766663283053,1.1424108908919128,935.6418619566651
9.080462694911759,0.874903672976971,4.779838980428162,2.2434900467741294,886.3739068372558
6.0759016667520855,1.4192589094435497,3.0,0.861206107034922,946.9116480739285
11.448573097256087,1.9965191514267981,6.0661209469499076,1.1649895213859325,835.463127439756
8.239976851321334,1.8549663084715775,5.2538401756814785,1.4318229353080478,899.517811068486
7.7772541855423105,1.8783113143127304,5.386857463369024,2.432109057475892,911.29211920499
6.2124633297281795,2.4080960585699445,6.845871058375638,3.1195533433631226,937.6482080863301
8.550464819113486,1.0967068892208909,5.588309013284357,1.5311932413248521,890.4415685313716
6.636543260643339,2.9341414422336944,5.069269535033982,3.057966913286622,939.2600835553841
7.683014721968042,2.4334524416994805,6.072077621004944,2.037922840489168,909.9411705126827
11.340126807403191,1.6801677358719207,6.5588718465755615,2.1889105287401787,838.1153024457203
7.355910150413025,3.6009079918889153,5.796467566049225,1.9489563538180448,920.233147953762
9.223909989428513,3.556416035571767,6.189189598698149,1.8421489972911478,883.1407375718516
6.445235362311169,2.932895355193809,5.354432350257116,2.35144002939114,938.8606467826426
7.447517264254557,-1.0185567705677925,5.418142253640338,2.5922569489456357,909.7932398656312
10.156200953453265,3.5789450927179756,5.613020710298828,1.2923109570913174,866.4967695319426
6.559549413318349,2.794758522471934,4.7468790495673385,1.848559624344395,937.3034114120485
10.218672836995394,4.006408637712937,4.931938385630399,3.335420077778612,877.2948145272599
8.561627903183213,3.2374645917335387,6.877879641818474,2.1417509234548184,892.4814203125248
6.656299836158599,3.5783426774972855,7.507956095862321,2.229355083543319,926.2676041826888
8.448611608583281,2.878654850180379,7.09219791403818,2.9338148311739416,895.5323419840437
8.958831674440095,3.3486931986455124,4.176742643231453,1.5990044005722706,895.9450279587378
8.432714943325795,3.99412374073444,4.080142465415028,1.9728315024789986,909.3713780158313
5.144662920164315,2.216554738378206,4.3092905680548395,2.653475917278864,967.0361866758413
6.4092942362626975,0.4277694559218703,5.634387441879481,2.9911217850226737,933.6176754230806
7.128722046672743,1.6925390999848577,3.0,0.10788536519566905,925.2892875793726
7.38834985634993,2.3899455993834366,4.911198433380499,1.4106649672837013,918.3652418572472
8.431008146326016,2.0748875843715577,6.907099289161113,1.2013077549205802,888.033037992438
7.7665515013998805,0.7534380338405735,6.482438830728908,1.9009399172863617,901.2823901177933
5.496983461934848,0.36893237480502106,4.990905349426493,1.2618617787252255,946.9818448757425
8.070296776508945,1.2588373313651706,5.0666445588293625,2.531284399607927,905.9711168794274
8.415878617925735,2.807739555984151,6.067241706806904,2.137928272839121,897.7486703060865
8.339685671896559,3.5803397708229694,6.4352687552441985,2.711352135483332,901.7432246954326
9.121171088331932,2.9165676137777012,4.96686273226024,2.7624063658988547,892.3736813755995
8.750883231823355,3.057427287114136,5.265633978280563,2.543268814732679,897.449556010935
8.188770118842655,1.9191844268364424,4.933990271479977,1.7313675591119804,903.251032897915
7.394751432812029,0.2579175422940361,4.168650558624786,2.0834220310052984,918.253318150431
5.008558599726013,1.5447794191172945,5.2802562519781855,1.6313008757441585,959.3759923105031
8.144427328698878,1.7412355881276214,5.204072459791236,0.9082117488241672,899.2613097446736
7.811531530744666,1.5029475131643177,4.239355884011344,2.7630302776701723,916.1742048621579
7.9073682557930605,2.054694865374626,6.14608093763773,1.9327482981845623,903.9760964258754
5.584877136269536,2.4414197598929506,5.98332067862589,0.7979104287003098,944.7886320346427
5.878415189387606,2.8530151882434973,6.195719700845077,2.429559656870081,945.559255167217
9.079729279999356,1.721880135633666,4.731929644535632,1.8208408659018016,887.4011361444939
7.440667269215018,0.09624059435540655,3.516424321885353,0.35215682190329667,913.5407503315656
8.522251046058937,1.5171222807088651,5.9673311296456495,0.9010165820282572,888.0325936387743
7.542477564195692,2.0437103969919836,4.835887285370287,1.439511073071123,914.9899746284206
7.544634209243617,3.2228079221334083,4.609331866754299,2.1684096467551086,922.0045285163425
8.907425708963997,1.4321921578158947,4.2429469253565575,2.6304159880404487,895.0831422061784
6.725932907673939,2.512543628399402,5.224677471912846,2.603015144558045,934.0061107338604
7.644181165411475,2.2900878996354326,7.0773272970504735,2.482290363944242,907.2421237859173
6.806587066942436,2.0439005331233884,4.994550478644485,1.9725101026464167,929.9230408984328
6.848255658851526,2.9305333193245913,4.410196955833066,3.377785848478574,939.5665802179938
7.036241814797041,1.339158803247419,6.151933401030028,2.559896995199909,920.4884818131893
7.833200657450569,1.4248135503564836,5.672812279771284,2.177684295393832,906.7101060548425
6.781877067504784,1.9880991769057719,3.3806986323117925,2.453270484584288,939.5198008103819
9.383634188360281,1.3598534949063001,6.162346319753286,1.6807719974755175,873.5659567910435
6.158089046670744,2.5080122910546,7.628467768501601,1.9542051191720367,930.9641659437541
7.219692533757962,1.2868076956338672,3.0,0.3344367683587506,923.3080171212149
6.840403412588738,2.2263042077451343,4.264293975977877,1.6906018700179182,932.1499572336279
9.6704668265306,1.8998272312132434,3.0,3.407910412613419,890.8672617365377
7.794832164767362,2.2149259647767057,5.424695579259165,2.118700221829677,910.5624955587053
9.047766809202953,1.5402586049369609,6.490386236611353,2.0853918218892895,880.2962204337846
5.271659440444542,1.660911705473173,5.605500749796279,2.7988832761194247,957.6373453666133
7.9005753988038885,2.09600926799705,6.8919956981126695,2.2862603324979016,902.0642718806278
8.834446193435156,2.2020745061613125,6.330550290330134,1.3708129565947242,884.1954540227935
7.623425983913136,1.995798084608844,7.202147323502177,2.018926009752259,904.5029730572676
9.098220562598026,3.705362356513084,6.660210768107095,1.0918247002571881,880.9126663236069
6.724067324849441,1.0092630812587158,5.097056931390496,2.146889736496227,928.7433068433123
9.61402116027837,1.9357962050472863,5.56672645623484,1.329800038076847,872.3516559510581
10.948347185428876,0.42637097788301537,4.6313230845190265,2.742635689626995,852.9272698017155
6.955742159340511,2.3720814786673863,5.269343831131951,1.5918075025829372,925.3703782565934
6.831746217898842,0.884753463623186,5.56183167201812,1.3402368726923641,921.2311464021216
9.680076715676552,1.7216897441234238,5.415092676464646,1.909734409350817,873.3881185317449
9.86935821859607,1.6279356746686742,6.84225352630361,2.2923134553037707,864.392804822857
6.7157099592700975,2.2808911266011713,5.16983193749317,1.0341344025281267,927.9687424688549
6.869719774356215,1.4472090824548198,4.567913586442643,1.5829867221411307,927.6188379664301
7.077323086709239,1.4046943023060177,4.630388965096813,2.0841298445547225,925.2125420246854
5.4833242334485846,3.435856464085898,6.155100271622531,3.0706948396292217,957.1079773330318
6.122022080273703,2.284566790474526,4.096861591911001,0.0,940.163924249947
5.993788849871898,1.4389491479777319,5.298813829849083,2.49213056294659,943.8714369006036
6.348303652343807,1.7491663281887693,6.827500245455421,1.693147548475114,928.0623588610116
7.447972668919828,3.645354952270745,5.79259844574083,1.6043117224834655,917.3807055098702
7.851322098804781,1.7648351217489031,5.425394610881246,1.4550984318913933,905.7841801779487
9.825750739221116,1.3107233768476123,5.46408959636157,1.708883533092595,868.5569845919152
6.0024689388918135,1.3150038498736074,4.470435407772827,2.4966537607295956,947.23296582153
8.976483597714875,1.4508735190104227,4.642865289565459,1.57057082307578,888.0485420659049
7.1790167336617365,1.4055022775732775,5.304818327085423,3.326873612650898,924.8102047264352
7.425804435521351,0.7203521516507569,5.771273030109294,2.4990934274339236,913.0600279624546
8.512229238249905,0.8757999030530219,6.4481500118021104,2.1583777001222963,888.8712853876449
5.815916967656552,1.17067962563863,5.592560617171435,1.8671551057467013,942.7405506806504
8.073614619276077,2.591571018453098,6.852774175754248,2.951883363062482,902.8868574162843
7.749678312319584,1.6187627127271265,7.105198015209525,3.068815749406652,905.4591551764329
8.238676896012224,1.7928383109059598,6.295267212482203,1.0708942821966043,893.1833628133294
7.933752965861727,3.270088025254897,6.724981408055885,1.4384815156807278,902.3457281163055
11.182950209866341,3.295007149938418,4.509286478611906,2.507704165113622,856.2606734134915
6.543390023623026,1.717875056862265,4.350801065311938,2.749344755555218,939.7921545062223
6.703504567497274,1.369136489316591,6.017973376290166,1.7597275613525851,924.4073161782263
6.565289210362853,1.1355696863264622,4.1587901881329525,1.4060441122299974,933.6559698347791
6.666784321259618,2.6927757697082377,5.209628155984067,2.0628901007732354,933.6698362716076
6.5439193090402235,1.7952927664777123,6.271191905329739,3.1813547445967876,932.6755649604413
9.283524796661327,1.6135051096772097,6.913372924685207,2.032827408041714,873.9530518962276
9.630756371984782,1.1863354248624471,5.2457843497119345,0.988847384139895,870.1734223592892
6.643880559375786,1.2303335909886115,4.850055704692309,2.0876665820619364,931.7798129729197
6.251466640343657,2.3200581914932448,5.8204616215115825,2.626198456983883,939.6099945638254
8.207123334579606,0.6845617341127379,4.4264565564761105,1.9188981509201934,902.522711348803
6.671665433578543,2.9948686937879385,5.326721351706573,3.0065334499871286,937.387756739624
8.449397726633267,1.4661553561850815,5.491999951723718,2.6926792284139887,898.1207426825623
7.804384531276949,1.8503640557482075,5.472016007329205,1.950592861042916,908.5222944427851
5.2263838275041525,0.6630220418594457,5.588503473817882,2.034515215712369,952.9309477544075
9.821257801995092,1.9876340617576356,4.665485144427858,0.526592235853421,869.8445211109803
10.193816509643282,1.6716790573094402,4.773007007381583,2.9681813799297303,870.6161496395425
6.580816964273421,1.9499194011435335,4.7528837389673795,1.7363861210637512,934.1055265778637
6.918447660096024,3.4717088983618902,3.879905660804943,1.6800346085789208,935.9211087698143
7.928798086087357,2.17769804579024,5.841830321846106,1.5601171147780664,903.94925781692
8.001685184980538,1.205340815854196,6.394657451692005,2.3653580499920768,900.305531231198
8.487816409009245,1.2886800894534318,6.296310082853536,1.0970455993898725,887.2351999864645
10.515306808149525,2.5951311859137687,5.237503139539245,1.2126617746299648,858.5224215798842
7.234579158758926,3.298693290993424,4.688994760536112,1.9579799186405173,926.8300415898054
6.302554133192319,2.28191802075105,6.244314642362689,1.4987893347321055,932.3884776387353
5.4310211579782095,2.6887127445547696,6.138923022374552,2.2681868586984653,953.0861780792297
6.4036049400871216,2.609737723336705,5.717420642436296,1.5280885765070538,933.9825998797664
7.450309540689305,3.419064413357521,7.244311252423273,3.2760290115004693,916.1742128554599
10.191836795276682,0.050409827273967256,5.473574478632937,2.5547660054275236,861.3340872404954
6.723583051445743,2.6672189393045285,5.243110016075112,2.5447089699031586,934.1787518770592
7.835681927458348,2.983736043903564,5.1001826689254,1.5160305969429535,911.2147241218904
7.475365655890872,0.6612762938644265,3.9391222935191927,3.9245437395515586,925.795543706579
9.282589910172126,1.114331815993584,6.161339964142292,1.6487911885805375,874.6460858256785
11.290398638810434,1.1492172513718466,5.394514632842223,1.4289517781679069,840.1461090215217
6.703696840619519,1.2712098036226167,6.009931241356795,2.5653940775642785,927.1649998128141
6.765840836222667,1.518282949064474,7.34187800209124,2.156182506352265,918.9826360880544
9.066241315603609,2.2426028130549414,5.109248230095383,1.3452925526070576,885.5812574039509
8.522837234439468,2.8656746511673696,3.1619912832084487,3.756677729670865,915.4520414036392
10.270060988604051,3.0813169577685366,5.981070369510772,2.7804795985542703,866.8151468125357
8.375892277988946,1.1621769388322183,5.666859389892675,2.0032042410143514,895.2619009023199
6.961061863819411,1.1552970012970172,4.76754612402868,3.9208881048666093,932.8741422399481
8.385982246038465,3.315821840016223,5.897266335621498,2.6486241154306023,902.4124664060918
9.163055370874362,2.6467439354186446,6.286096320104376,1.9904792241656855,881.8358205069659
8.730723271796046,2.082864841868996,4.5533900897884525,3.825150116141542,903.1860345679382
8.260911046660947,2.4733366755549673,5.198668138596617,2.5271877867793653,905.1849955792497
9.100012034383731,1.9701962181485593,6.976753729848928,2.4921962098562958,879.775688665965
9.25394338566851,2.524584683047615,4.778377808770635,1.6909218982715981,885.7010169430555
9.57323848655629,1.6639333034942596,5.566669755413785,2.0395307885597176,874.9921782375701
8.473064831384464,2.2688049344392307,3.0,1.671445603308628,907.7087375476425
7.249322879524718,0.4894539496305037,4.018154498918705,3.1517885968331623,926.2784061205567
7.720070529649984,1.312215705174569,5.657517497332799,0.7124686852660294,903.1206971125395
9.309763449762535,1.3229888232096565,6.727987809585601,3.092696346451879,877.4592257453997
6.274596493519146,1.625609966793086,4.137970317998999,1.2981259770416451,940.1254236837962
8.053009963309352,1.073486745220252,5.574564062060497,1.9536630374691903,901.2649463124146
6.909991781508959,1.4664563741769183,5.124282090946283,1.763826889740616,925.0090904548218
7.543117234402226,0.4855859376018794,6.453088054992493,1.5838780108038346,903.647970950503
9.417677793910947,2.5487004763949,4.282196694677415,2.5518273185083946,888.2326503569994
7.786648602029855,1.9174864810886054,5.930077648367486,1.9958486293369528,907.0778191207065
7.569654822234223,0.29479239222398324,4.846309313003743,1.4658409918808908,909.654481265078
5.460215788530121,1.1651700894533268,5.723038024826475,2.123196424142235,949.6869747652804
8.619380349040831,2.336601427562167,5.568931052308472,1.4431306186667925,892.381559998945
8.468226271711613,1.4569780536142103,5.248220925857382,1.5697796007988625,894.7013129254826
10.74488208495819,1.3030585398619032,5.977811846269384,0.8021895287689556,845.6780465078601
7.038332647570499,1.9254073229919237,5.543652734302961,1.6397528052121895,921.4907944072168
7.828725491495908,2.3435975351782163,5.367193697923305,2.3953636211156275,911.5876449565301
7.874075525566133,0.5636475429608394,5.143583465977257,2.02969993436643,905.4575925083795
9.866179919645212,2.5501284812178793,5.5775983897453365,3.452050935178514,877.2197089237452
7.357056701419572,1.1997067183926233,5.722043548146072,4.090253978977044,921.8241694008267
7.918532288655509,1.9820720317502012,4.510857919919379,1.6286252829434216,910.038277124515
8.41184476457481,1.9645798593084904,5.150528762082623,1.3333457938365691,896.740952795767
7.779913684734537,1.472933881760226,4.444814055368827,2.903853237087155,916.2470396785477
6.830349578174207,0.9763402538692856,5.460154577219214,2.2681665936260362,925.4373480984746
7.791134989347461,1.7143134519077363,4.907667795145972,2.9086994216119786,914.5775303299276
9.110447624789657,3.6253303090751947,6.2707831479812555,2.3190645849636073,886.8381243591839
5.960227050883409,0.6383249695363691,6.17272697775669,1.8445137226593804,935.7891141202992
7.699454511220314,3.6923130191048754,4.57725143643563,1.8490519614249767,919.39595353168
6.44981877759124,1.7402788289234676,5.497692654601525,2.34622142269284,934.7624215180198
9.292569943387264,2.0353714170886392,6.138516579248364,1.8311088834281124,877.8145082595219
5.215219642824338,0.9132891886152728,5.324691679835971,2.9756009945582953,958.5644108682236
6.661617229092617,1.2287305833225193,4.771782475194455,0.9581302083990433,927.6075337319373
8.065817812596782,1.4970903499619808,4.4075964719552045,2.9713149088488775,911.4206386284199
9.84828604385151,0.9543050291220878,6.354267561578363,0.5012794016671707,858.5118058284751
7.401374608390518,1.7910820426291283,6.4027131482849695,2.116081829088978,912.1407594475576
6.667200709960202,1.592984108193229,5.292052401125951,1.735165815501161,928.991265625028
10.321735604160885,3.8507811424357334,6.266137584526677,0.7869154370790552,859.2591828078882
5.3279791493756345,0.8340258143195389,3.0,0.35198446665701,957.2959020595288
5.0,2.1026905167485874,6.827554650709236,1.1219882639158651,952.0021737576977
8.16002167508,2.2478462819018246,5.3430551947228215,2.0365474612482717,903.9358378704005
6.746918663471083,0.9296794513481625,5.641776560799489,1.5182526969762253,923.2247575537332
5.96815077430393,2.6868274954528384,5.1794822763340305,1.1672408790630575,943.4561877954217
8.56253467094903,1.601672987118372,6.895707481867506,3.081824866337908,891.3148714665014
7.865701070656798,-0.49238965158306724,4.439268376044466,1.0142522576571507,902.1646134077446
6.6538820538949075,2.659849612104565,6.9744603266068355,2.543293865239557,927.3985868752958
5.579543401993659,0.8830591158976362,5.896270920945111,1.2888023932942363,942.7709127769322
8.808685992420218,0.952225053860901,6.122664215918158,1.1017552534731507,881.1532893801566
8.475301766937992,2.687902082892398,5.170795436671084,1.516929098461687,898.1674114119801
7.351236204330926,1.65283851758155,4.191780802103629,2.4959328377632892,924.3815154901948
10.2699554940715,2.9177721505515004,6.430510765536101,0.902827394721536,857.2860549589301
5.894872850510771,3.210166095365319,5.811408351189331,2.2299642084053612,947.2941464088065
5.211712243612892,1.3550715396777022,6.861623458308817,1.2313920018628908,946.227031030295
6.462137895178134,2.7932624959550307,5.306223679784302,1.3753865038031585,934.749935196552
7.431620975466753,1.2445391986071181,5.080768621101085,2.3205132712328522,916.9608495012984
7.8650091739840375,4.233115917132176,6.888088236640302,3.738786263955582,914.109897374233
7.138145913215505,1.3070429954687848,7.411894164497444,1.2711864080099207,907.8506415444333
8.028083094771445,3.026087440960004,5.50934717636573,2.575904466925601,909.7943386443922
5.622690863714334,2.8437900258815754,4.7472425031428935,1.7498300982136321,954.4968144328633
9.665646906109888,2.316087822108934,6.310530762789549,1.6202052361625627,870.0740480015933
7.376773232411146,1.329456838583317,5.2459794338293255,2.857100807800123,919.4458130945102
9.175943747382192,1.8486025080585908,6.099262825400798,1.3251817513120878,877.763151272942
8.014088019566556,-0.153588112944552,5.240724025621247,1.0767094185641959,896.8554443188668
8.185129828730675,2.2244200383822506,7.064014018211813,2.3681406361752684,896.6345350745829
8.354650920348305,2.349615331028385,4.8005104949493,3.275827037189398,907.732622431921
8.171562840025972,2.1334994190613714,5.98052966252196,2.5999957642329212,902.5339158669175
8.464084139801315,-0.9733061712925575,5.011298029767876,0.8743860954107732,886.5126912182967
9.493728795198647,0.734363554910189,5.218493438579231,1.5077335648248658,873.5182930992597
7.794781754552205,1.2519090171513374,5.087944345239423,2.783678593261447,911.9162286847505
8.563505636382768,2.291658933189046,6.238608066093415,3.26488817432688,896.9583800880396
7.36539645856916,2.2893389056429845,6.418363114933871,2.1829690602195373,914.3761378369317
9.66017582317421,1.8297762080288207,6.057738828932371,1.5366619727137654,869.6837022933198
6.485411546911095,2.6352455366039567,5.392016533254729,3.3168150714948954,940.6993554609053
10.201410649366224,0.9737576246971,5.640180031001592,1.9403251318758654,860.671718041114
7.439763074033485,2.6102350056939962,6.397721568459425,1.5153531406765115,911.5006708788437
5.353837346822928,2.474742104839891,6.429311587207605,1.3800539694599736,949.2706577074727
7.692156622366184,2.3775547328379103,3.0,1.0439853224089157,920.2028899279678
6.478422513787679,1.8179595689143442,5.227777828227304,4.266864343565279,942.847016897626
8.760965323483086,3.830743824831262,5.275741208560515,3.136766292368472,901.5803942422981
6.521064031046413,2.4931956884898785,6.169252564126162,1.474965347159778,929.1740716616712
6.83072485017783,1.031664136746441,5.433229182289255,3.3854607413775333,929.8662589884942
5.0,2.248305475735984,6.219183380949287,2.426641738722521,960.090676823937
6.821540521126385,2.7524833770742188,4.4213392289694475,2.3792864010553183,935.8004929263042
5.0,1.4118914010756904,5.76005451546078,1.425666375907177,956.1684024304833
5.124145764771415,3.089272246931099,6.400205653450494,1.5886982574832433,956.1689595734822
8.640621984216446,2.382033705716011,4.025617130681852,1.9660607723334074,901.2349315479314
8.678700237976248,-0.3424783376653471,8.013643468208903,0.4275608044479018,868.6577450769303
8.138186342677447,2.299671977337926,6.69088593286652,1.6105438852807445,896.6344225083874
6.049535785306181,1.5939708455872847,5.501353302465642,2.0035917049867416,940.507881338579
7.42843296578703,2.537179814541736,4.671591892761231,3.04761512517379,925.2341044832394
7.494596191364147,2.9442148402518145,5.324914849726294,1.5067619631451432,916.369170696602
5.762452966211185,2.195162047141818,5.58380235961134,2.6497104888915786,949.5451189864816
9.755097452650727,3.6652522339446953,5.940662556812048,0.3516049439430651,869.1751306156943
8.816043435863508,1.8212931154365042,7.000660849460031,2.933624140378188,886.1730087372243
7.168553739255504,2.624817823053875,5.023901530557154,1.2797224263105884,922.0975674849525
7.540328758491796,2.8049425736373474,6.062709837572561,2.104218375259808,913.9217664837549
7.812574211921329,1.9026540311072673,4.207570837399887,2.325074495343375,915.7885971338205
5.0,2.7787743079777822,5.086399285674733,2.1681436458846877,965.8765180035615
7.129233926219104,1.4053270128378312,5.876716847869359,1.914576193076828,917.8226014337955
6.477023628003302,1.5774315809787816,6.191262491008804,1.0067869717013682,925.5942715816075
5.997569985157627,0.6875113096636876,4.7467675233353805,1.2883672653684057,939.7936120736908
7.078349560671068,2.241409116370047,5.059208303988086,2.797145554577283,928.1862924556734
10.196529790274283,2.3252516758543442,6.960556635583545,1.5220980329652691,856.8376144036993
8.461264291900514,3.1792631585792295,6.661908619628045,1.9173635253092063,894.3553456159663
6.643231515325805,2.7911400043558836,5.708457217052366,0.8063309943275343,927.3883996666979
8.358874172034238,1.7152044433525668,3.2633548467792846,2.6868586892199406,910.8408750834914
9.599033154879002,0.8218203126657231,8.011132547690009,0.944413567887928,856.7223141173724
8.886950524369153,2.432850402519974,5.480068438342755,2.7327702468816857,892.8839599498705
7.589445554880261,3.110753172414642,5.187432941978673,1.1498305914852516,914.3811206503883
6.529594833441639,2.755184973803943,4.977640074145885,2.81160642426222,940.2596517283756
8.547334970420385,3.0844775248572875,5.876367037199109,2.0081543322450606,896.4804892375084
8.090228078132624,1.7881104688017575,5.88658258917093,1.5529940828423276,899.6251149032188
8.842789830041598,1.5333810318243546,6.450627873126512,3.2803214043584994,888.7196182541916
8.452757702522954,1.2630986477682011,4.5739378356509865,1.9449160057454138,898.9790285659421
9.074329072979003,1.9441035333864045,5.187505121858739,1.7105501653952166,885.5928758993657
6.6971471826591475,1.9214092040311805,7.530545723224202,2.7272943420784075,922.632291421326
9.476091098451489,2.2066776285391163,5.724590633249992,0.8156343107840032,873.0261493439305
7.796399407038599,1.8707025429644921,5.3274756266732535,0.0,902.1434694599224
10.612891308937899,1.8663722702732288,4.558382234416298,2.9263839789095014,864.207071299325
6.466218272865648,1.223305947027856,6.005934305820752,1.3309583370783744,926.8749342087717
10.103945704747874,2.941619013551491,6.531018217042444,2.6916979403091994,866.627608568201
7.796866175193972,2.076518062243711,6.374587645809807,2.0369298974224166,905.4173212004478
6.522872994578328,1.8255560657147178,5.241199136391083,1.0688084286980173,930.0822550947253
6.774171248918518,1.2525707467507954,5.8612522833635365,2.4858259357393573,926.1975365168603
7.019479037708519,0.668086889608914,7.1716594366486115,1.671863847815138,910.8827694540867
8.136248919602874,3.3079641925493437,6.5708822921714685,1.1381277309547906,898.2842226931538
8.28425323205325,2.554638708131807,4.7158372578066805,1.1589629022425978,902.1330306270387
6.639449994092131,0.3760821574300328,3.0,0.6137289966626174,932.5985711967011
7.463468111608526,2.763142300709657,5.796772507084235,2.3224199057461905,917.2830700344955
10.713405537917795,2.9224811702331093,6.298568126748433,1.2516794044438457,850.9622850548302
10.091314755151068,2.1243761223009296,4.410775508126737,1.9722222978361161,871.7651157705708
8.154485504511047,3.598110895751759,5.491210477877222,1.8546220043901016,906.440364149444
7.557005217252301,2.216719642122883,5.2363009341269215,1.2467546550562632,912.6234787337492
7.6800469900773916,0.5831764720508101,5.604286322232199,0.7816802286889433,902.3361073939254
8.420276959095625,2.365169001048321,4.955303712880288,4.026968663304103,908.6298312363441
5.9658111522023916,2.2448973017127294,6.790510997627994,1.961173979217401,937.7288671045326
7.113935193864982,1.396703151221845,5.647968880632763,3.458706362208238,924.8909395584926
5.0,2.573558836877425,4.62098311383525,2.931949426981432,970.3095095439251
8.098834683907919,0.332334733809138,6.41746215359372,1.743067758807673,893.641901835194
8.47079390955411,2.9905668274427892,4.2358124040082945,2.144771709871847,905.7789378129436
6.775220306550939,1.1218782963945473,6.7844943775351325,2.1215326255737184,920.1651452566892
9.860980144935048,1.0150538748829676,6.491059424222564,3.475360551145952,868.8726845427597
5.661351505496488,1.8861752276925232,6.889775295320786,2.6638669533147303,944.5434208261165
5.30343767968527,2.432972928043635,5.341753627558385,1.3541818031789834,955.052455566775
7.836677727839958,2.16392406359343,5.0038860202166235,2.2812950692437797,912.203490063182
9.070647453918232,1.2573408342276218,5.584021760933093,2.6434514731362024,885.3718765763438
10.025891537186803,1.4939107088081114,5.415563213644469,1.0597447608759403,863.1563098529118
6.81167360569659,0.866957652622538,4.847263714436488,2.3953194758442815,928.8024949628714
9.118021250146944,1.7753200983701298,4.946376685874357,3.0763911649640967,890.5114713660702
7.4422372957489396,3.07502121451091,5.133627152733536,1.314021878699883,917.8804906161077
7.24105905008877,1.995737062356124,4.329996313560137,1.4245451459323926,922.7592331571362
8.825489906230008,2.859414254759453,6.177963289599335,2.9283780042778718,892.6996903941774
8.47848431762013,3.4554013377261916,5.447702862428994,1.7166109496748059,899.7047358470171
5.135411764523626,1.4119814809630329,5.191621530766353,1.214393269264721,955.5072723553485
9.714810524588843,1.8134267469446352,4.389645839058323,2.7058184344272607,880.7277762910712
9.570137031221178,4.1711928610624955,4.339627022332535,2.461483389380672,889.3205318563002
6.561655947735706,3.444343411979945,7.435914050722412,2.0755151259968625,927.4168334243891
8.093705300156113,0.32759547418764745,4.87274253713843,2.899666102758963,905.2095778946494
8.241045279424108,2.3871483160609066,6.110528394209327,2.9565081945556444,902.6709550551951
7.891010648735861,2.0005599923396953,5.662634469900177,1.9337416729417762,906.3810330504483
6.674542269231869,2.8264531108587625,3.0,3.579461110042163,949.8149133009399
6.492564948092923,1.2550212325149448,7.2924508231385925,3.2667119627415984,927.6920733779926
7.461668893512832,1.1603916279593278,6.184083978776116,0.4125612400875127,903.9391885344844
9.259093528889046,1.3239292847063906,4.732329845695191,1.1759060612534549,880.5536598323748
8.315400231891648,1.428071453801567,5.471633495570405,0.19576654428620888,891.313030833264
6.944078501870841,2.815324166809014,4.350816632596334,1.7402280042201967,931.6472451247257
8.657548065972517,0.8187988268511199,7.326220478461134,1.0310254413599491,877.7325441168406
5.0,1.377386100040681,4.592342291758536,1.3485452810082603,961.215104007787
9.223148550558156,0.21098760949855877,4.976916003305341,2.8724545174262976,883.2909637795752
5.0,3.007117823412373,4.770438921852409,0.5961367522119358,962.1349464589352
6.956338587895302,3.2710300994311403,5.5803794002091704,2.10378859282465,928.3256055968953
5.820495158060784,1.6729265691362136,6.870316500139314,2.0989411539843315,938.9773445551333
5.5579777864186415,1.702050635186777,7.289374449095158,1.9340885699582846,941.3795527367367
9.241240181067779,2.4532219022828974,5.101003855777703,2.104622945583819,885.7769511677141
6.798448198032163,3.4744820073782554,5.878258982317923,0.21417463166739092,923.4154936792114
8.019755822596073,2.4086107475639174,5.5819054126040735,1.3523563873618465,903.3374712777935
7.429619131681224,1.3024580575248854,4.518390735555942,3.234400692205912,923.1743957858946
8.215561240834683,0.3811774280135596,7.922555574595944,1.0425031315922553,882.0022741722848
7.615232836590383,0.8848737373365123,6.862759562296255,3.33328865085136,908.0234687830772
5.575511663717146,2.073219450312465,5.689115849711035,0.8745420705772748,945.588673122624
8.99440022917071,1.3446724767992055,7.0818760934989875,0.778367494070143,873.1305951908652
6.759365125258031,2.1949677059907584,6.712106712717805,1.2385769461887228,920.5059785955991
5.165127152010373,1.447075983763766,5.581861341081756,2.903266374629535,959.5204726448995
6.857827258551131,0.9418535687055885,5.825963605327993,1.5631033362004978,920.5061980935283
9.751139685951467,0.8229683685469289,7.012126142376654,2.276325590751314,863.4964282250921
8.775332613170239,3.56235450937323,4.55384641887032,2.058909537613763,899.9115401083611
6.977021798388211,2.8889877491836433,7.173690697321339,1.9564302538157443,918.9179291718519
6.976113443522356,3.7305179518279585,5.274887439314884,3.019294474086059,934.0659838868701
7.0175474231739265,2.5399509007551027,7.024676742847567,2.617214352789631,920.341371480208
10.61512197534126,1.570008591385161,5.49477340253718,1.085677442270099,852.1370789920641
8.07290317834733,3.3233409224899377,5.837606222472972,1.7795433731266685,905.3011544700184
8.145062470786604,1.966931998638232,5.465691643427541,3.3947518560246657,907.9125890820436
9.045425181047763,2.2208417702903525,4.968156377188772,2.2556494313343483,889.9503289022576
7.85818373853977,1.957175620924481,5.229945101855688,0.793723228726944,904.6417081327749
7.111436781268945,-0.9469042192840145,6.879111403168567,0.8503688780985679,902.970917298388
7.205475226372533,3.604735012294853,3.1858360173275315,2.712116246852979,938.0203064314936
7.392598110878904,2.4910039459577535,4.261034055195163,2.5619498537408507,925.874221246133
7.444166645235238,2.32982306086851,4.774528290641898,1.2629075398901346,917.2451662353542
8.591444315455469,1.9382239377294392,4.421655207563979,2.5981041431794774,901.4210312162486
7.577918828710949,2.163427820386131,7.009979610415489,3.2795137093753994,911.4000592152981
8.598960115823369,1.4027210641537522,6.757676977853205,3.166287071728481,891.0383235744869
7.378925129837127,2.616579352307271,6.092031809394616,3.283422429457966,920.6486325018654
7.617952785474136,0.6929016556008676,4.862195932522464,2.4443910200502437,913.433197317665
5.0,2.186068432470547,6.835051866794137,1.8578721446960897,954.9374241242695
8.874491512053723,2.5615734705711044,3.911870074004456,1.6780159356265312,896.843271295104
8.01973271384699,1.801330866177097,7.641982640147936,1.9860904891097253,894.4217219818803
8.997015164789477,2.370867792471025,4.815370202822449,1.2991813564345072,888.4217222787219
5.0,1.0086656077657499,5.237964778158561,1.7125610203847756,958.5383678230604
10.632562057171091,1.0341732291040358,5.070656149505286,3.020095798638081,859.4858943215521
7.290615557767239,2.236717121026393,4.426892585901323,0.7127431932500052,919.4113455476419
9.162274225106275,2.678549654621052,7.425113123936919,0.7674642194468653,872.0930438194516
5.940141109311703,0.12513434449828909,6.288894630784487,2.664424483534743,937.240799233554
8.419160857593855,2.5220206351107666,6.715470542079787,1.7198616602532202,892.3209929761844
5.919876655239516,1.456798499623663,4.276330727939229,0.45948558035333265,942.489110500492
6.564346558956292,1.8071939126925876,5.680937827004,1.9509326749276477,930.4963336749876
10.37104703080018,0.6604820764349628,6.021028689331404,1.836702732149114,854.4860209785738
7.21397639885498,1.1483827598132919,5.770756523549843,1.6551324188069327,915.0571016446315
7.826149309769584,2.966125325530311,4.339626548932,2.5485648211851872,918.7205101787904
8.805101596033131,2.0328633739802133,6.575500021130637,0.9334435449667222,881.5031340162074
8.243522831958908,1.6172215982904414,5.621550082785155,2.010388331887676,899.2309602944658
7.725628357715364,1.8835116473689653,4.545035964356997,1.8312220043100502,913.946038664427
8.047441503699337,2.4892118246643014,3.6447494604473363,2.0302601823293633,914.5769719091908
11.105123377857414,2.4404944961633377,6.10666651348988,0.6142510734906237,840.852699521805
7.413571804449622,1.9249729996031992,7.9504557341315,1.581880889487993,903.1032168513137
7.801648570072452,3.0929591108966683,4.484745726653719,2.015815352829782,916.873457999641
9.075981594011418,2.970462636906666,5.670447050412966,2.4329277090383172,888.8672454015594
9.158288899436975,2.4133720291303957,6.610497279091577,3.47711720433,885.2951980840778
9.28054545834057,2.0546117829100705,4.230347733898698,2.6447587109912165,889.9916067914428
8.458095333043778,2.657321095119539,5.020043230914975,2.368924160506732,902.2725495140996
5.785492630904274,2.3142674218011834,4.639841220738598,3.0171798338243017,955.2052904773977
9.950147298451643,3.0608000718059474,6.484676694824546,1.7569420427654128,866.5589702172913
5.780481910471968,2.8995613767383075,6.825522569354059,3.2431425309078845,947.6086229738022
7.953953197858549,0.9817460985822715,5.659036264731735,2.895418232049692,905.9619793270978
6.368586224970963,0.9140368292582937,4.658265931005899,1.6432977674860303,935.2565900850414
7.4037924801105115,1.2987504555959237,5.057209062072152,3.5391641405866325,922.2726421054039
7.993143615455221,2.976138690066921,4.869501485753247,2.357548251925343,912.4678532862292
7.982035823175409,0.4236910032287544,4.522731138376994,3.7543751808493906,912.3618074672522
8.132881131352928,2.394757389107993,5.397961799181536,2.242545803426645,905.3615320949998
9.920566903587972,2.3625430910929612,6.0748264844618625,1.5504561123914913,866.2987044027618
8.18030145227097,3.1626480586861927,5.9902574444285195,1.3859706853172749,900.681294904282
7.133765047064027,2.1803386906638873,5.491767635430489,1.7154052362136487,920.9497030455244
8.946130752432536,0.6567906094160993,5.5570538368253635,1.542964046376267,882.0439397163075
9.284205733386962,1.0406450393518771,5.418449204910221,3.017110845566955,882.9550365614708
5.658588277294511,0.8180044781021754,4.202788460833727,1.9768206043597987,951.5532968415688
8.396100104774787,1.4620560336668595,5.660134896982872,0.7087818619500725,890.9387156406034
8.551759113466348,1.817098432576073,4.91637441454535,2.170403452697351,897.9297449328114
7.053654744960012,0.8345584737789431,4.152656780840562,2.100410434488229,926.3441126709747
9.563560219967428,3.4706619906522893,5.870705567115584,1.6251139030647914,877.2575696948393
7.27491661945121,0.674718628047559,4.888269963581455,2.2140736175874167,918.7849143772315
7.688364680207314,3.3461034238624805,5.727753921258836,1.9647124534968823,913.7167200938751
7.240392263574195,3.18516303143934,6.347637815069428,2.507012293901253,920.7348786484755
7.523368571372202,2.8983025496890353,4.549761278854768,2.4599831509465764,922.856356060956
5.855587369657197,1.3062333925032497,5.592121282072972,2.2919222851192576,943.9630530284644
5.339923676108558,2.3424508791769014,3.6895771182696384,0.960915276983948,960.3409288077108
9.891757594837458,0.7226288664493821,7.0325330906092764,3.6952133825138493,865.7843581850354
6.229557977522508,2.910907035033749,4.140933503111218,0.7552114373341512,942.5156980032415
6.012911475815539,1.9260152184637311,4.985180337602626,1.8970326585479278,944.1193019292907
5.0,1.5906797854133148,6.838379903763958,1.1244533189209578,950.5324963951866
6.541557378465747,0.7762551533437307,5.265477073919014,2.3170705293281006,931.3378186137431
5.515365309888752,-0.4775061186290168,4.302602313699699,2.1107245798458467,950.6367578434173
9.963022740204554,0.9614591429642441,6.213073232286535,1.864987132303833,862.1272096431034
9.014725634013951,3.1127981956129065,6.190532462151185,3.214218227150282,890.8917260290966
6.4677744822334144,1.597166571525196,4.866813660634767,2.886796733741693,938.9736896925812
10.878653708016463,1.8306711428849527,4.975073479219601,1.7383077255267754,852.8070265801313
8.97264823048739,2.6555543582884527,5.064591029381914,2.6433077135330034,893.5104959802761
7.012752924737066,3.805668878116265,5.292976039313968,3.251744206270763,934.3747616343521
5.0,3.325004654945639,3.607028923078193,2.8810760316343704,976.9316813326645
10.936413858886112,1.027664996183812,5.318576138881901,1.8910251316259967,848.4631220079191
5.415641299854606,0.05742942856259359,7.283914198183148,0.7277592788563867,934.9763634241881
5.031901879564662,4.359614259100104,4.604030032763296,2.2597183239358882,972.2773613356788
9.03385564801446,4.2689916116594535,4.916506406530236,2.534888268315192,897.1588011112278
11.159628609508909,2.188453596429283,4.3163823368036045,1.384306479773183,850.3251356357914
9.576409227765778,0.7295117544181784,6.112161926395354,2.0180362136464334,869.7096679154096
8.345863680078539,2.9632265338939394,6.7031973581423765,1.9336897529871797,895.7677957458536
8.39213151249793,1.8920163139873898,6.680317839177625,3.110168508644194,896.4014282835437
8.780123338170462,1.8870188768933895,4.25198941110634,3.4830529404720716,901.8496947534736
8.638392884680147,2.894458843105129,5.99979173049696,2.9401715762405614,897.1498392340166
7.921787135954064,2.3343747468732987,6.933750034214236,1.9315554534591117,900.8211134428026
7.656301655927814,0.8141850889850548,6.009663107710123,2.9181729975582535,909.4850356980755
7.4061103081507165,1.6752580649180262,5.978409683343776,2.5190305646642157,915.2015069425203
6.369053116699986,2.6611529286613465,5.028357421364841,1.9400803388946075,939.5054655516869
7.078987384699839,2.5102522224050183,5.720109823793663,3.6739122312026398,929.1128811645262
5.0,2.262016574358476,6.736318179706405,1.4095852480939994,953.9408038297349
7.352490559807875,2.9334229544758643,5.828208968428764,2.4831271804876343,920.2739870387813
6.017113339273624,1.6382830121827354,4.251725243970274,2.6716485164431387,949.5305115902072
5.844616024176344,2.1786697752190722,5.043958325714028,1.7700009283810132,947.2086278621883
7.769841226730218,-1.3755791001776,6.709279538888993,2.4473105503034733,896.2589328846176
9.588003429516899,1.550349806157186,5.824743320351096,2.756397800176916,875.8673555471898
8.87747490900347,2.7639029085756444,5.6190620782430765,2.1957075364223315,891.3396491791223
5.144249094565234,1.6096055328828576,4.9459844667533,2.3779964506742255,961.3650853039351
6.015557795144494,1.533772608282888,6.688599180534435,2.084344898359217,935.7516274198327
8.911156781982324,0.9585470482251814,7.162412597822257,2.6380160892213684,880.145031391707
6.0262689096925355,3.0033658927291453,6.763189123018033,1.8168170646449553,938.3105191788785
7.163050275004463,2.5484632735405706,6.942591621445373,1.7505617732857162,914.816516174997
8.325078148536829,2.8254145978230847,5.141293759233833,2.016448123079321,903.3406242025591
6.047483317704547,0.27378603804211044,4.999830902626096,2.946935099358648,942.7040582092358
7.65806325921894,1.839549956734366,5.343654826500814,0.6021094810632126,906.7942200841429
5.498961757622693,1.7198889922499938,5.538573241976254,1.2725045466313465,948.2071529348744
6.597948534073179,1.7194282934014475,6.931019780125256,3.820616038628353,930.768811890944
7.979672901213806,1.3839724562820441,6.665886739468417,2.2201507334194397,899.4119545802423
5.1105093997024955,1.6538957282199847,6.038469387254494,1.6743711624298385,954.4186723207729
8.160712106940599,2.849644782706652,4.068813234153113,2.6358814683906298,913.7567612782576
7.470543301609978,0.0871486466521707,3.811978155403125,1.3719783998383794,915.3791005389882
8.328734931625721,3.777294768030454,5.740462744801703,0.31776887024401,896.8231311085464
7.835871201096992,2.4838411250264616,6.380263205600716,2.283839958197911,906.7203731368727
9.546210644960766,1.9576681043397872,5.420432951013862,1.4153729327641371,874.672550102506
7.687836753971861,2.906834146372926,7.414904504978405,2.0811118225039196,905.0887336760688
6.855891688312121,0.548165254831565,4.4175589562195645,2.2635206318707755,928.5984432625129
7.683446254548426,1.335299094848986,4.291648050504401,2.113692935652622,915.4301584258102
8.314947043554582,1.8789245676094462,4.8357190255256794,0.6328036703104138,897.1621207183754
7.573290105488557,3.3655603704321777,4.797702786808764,2.0210246740699267,920.445611300298
7.560887536805824,1.9535034188734421,6.026285868681979,2.3556815530915256,912.2686724421978
6.447012468289866,2.4500546711851463,5.078288148156497,0.879952589420604,933.290604366132
6.5056486236735775,1.4104210040638723,3.9521595387213386,0.7846611529227729,934.1814078348282
5.39609209230046,2.486842068967491,6.391578456695116,1.1447803313164826,947.8187194644958
10.12436511478041,3.677239592974457,3.7400480739278703,2.5974117910081893,880.927455648269
5.6342051469130725,2.9955266916741143,4.4287817769892905,0.4013474028099433,951.1704808126404
6.460642203306139,1.9185440122221207,3.877293429256131,2.6638190809154834,943.7747853475701
6.422389101646203,2.6754908472654697,5.707121277070874,2.313644598632184,936.7868261417835
8.842386565416662,2.5775169546072116,5.686047712151212,1.7939984395744684,889.666434520318
7.057575482561958,2.5065876716972757,7.416454321016353,0.8154962700796697,910.9796091603533
9.371613109010601,3.111953360860409,6.413826656145551,1.3628259640870253,876.3257646845302
6.4897640636341976,3.1044777038374667,6.9416461833422005,2.6255232416085077,932.1501729163529
7.918491243335703,1.8728414031251157,5.7886096512984935,3.0053801614746884,908.9142697108227
6.246979420110364,2.641879061477769,4.523068178909437,1.174909745886989,941.225422590241
10.717723691660083,1.6169050788402062,5.628107601993496,2.913490808227023,856.5389899624213
5.718602371455731,1.0769276036844224,6.092421007387307,2.548700186166503,944.5000309133914
7.964731065340541,1.7305062442960135,6.203807382251575,1.9945302417881723,901.966062778234
8.450665321398148,1.9237218482604173,5.027587855891658,1.4097158962876786,896.760668582935
8.120698646177248,0.338419010822008,5.988786473782399,1.534887982976008,894.4711204148791
7.222068511683437,2.8603325594167206,4.566972029158736,3.45833809292344,931.9884512935478
7.305268950399861,-0.767325422602398,4.456722405889283,2.1427534513704463,915.9384432452148
7.565717207968665,4.7148169394863215,4.384215288614515,3.063894673608727,930.1530862867165
7.279496997557267,3.5018791337963187,5.524625988556797,2.1932463866305127,923.550964340203
8.945818675192365,1.7389912758276864,4.322163644923696,1.6378416595268535,891.1642683255259
10.815784502387027,2.0094263605637734,5.075255610128992,2.467272144348109,856.7210215914494
6.66376232248825,2.3029718735872833,6.402916551413958,3.726268057663914,933.2774675394619
5.445295530631383,1.410839612011058,4.470870321921695,1.4847066716111224,954.0973074692247
7.3675769274731175,2.1926191475869365,4.995687966495683,2.731095122757882,922.720201383222
11.369564006481479,1.8560000222983388,5.57163127677617,2.1524071858301013,842.5132188359356
6.294488148045404,1.905727282769034,5.746886901532267,0.8403855869021497,931.352709856432
9.9586752081661,2.1814610634806386,5.000709409194439,0.8225009257280667,867.3713221861758
10.01655122111466,0.6864722016460056,6.286860068735157,1.638413002449163,859.178401779352
6.669617637438008,2.0395697241336483,6.090452300784724,2.2779908673127354,928.4990343017404
8.353474618777913,2.1634477466174773,6.639856604361703,2.7026983757508103,896.5500960513046
9.942594934692806,2.1288496213559145,5.41839807565294,0.7432695568150123,865.2866363578624
6.93130838851877,1.7841692445638455,4.987181190543657,2.52215801612571,928.9575314498436
7.194629459846458,3.1378577759693718,4.817367977987878,1.9052957955758358,926.3314545037089
6.627478629077034,1.6463474451184488,5.807027517929363,2.0026510252260388,928.479390726517
5.9778649039606995,2.2273259068231903,5.122844217188727,2.470889476826277,947.1064353102339
6.526083682400989,3.297297533925546,4.93083022231921,3.396884256093859,944.2323525258787
5.664089599856615,1.9206238599796877,5.051712735754678,2.2429134403248785,951.5696477887597
7.551125202388839,2.2144632674675515,4.816309514875748,0.9146104138327675,913.4439352470878
6.345040153412038,1.903615363685103,5.699021112762732,1.8503259896566207,934.3861045183935
7.850678867686121,3.237369793563599,4.087416817455939,2.681707218517185,920.6890974367944
5.166156530694559,1.7422754384137047,5.803016292474963,2.7080347175332373,958.5703003914705
7.996320348321685,3.283354577288206,6.176548760402951,2.532659499272246,907.8395423932698
8.750293442413387,1.8964121053529353,4.9191208618227025,1.591975075728745,892.2937670192811
5.0,1.1405402765519832,7.4220369396065475,0.9057397619061647,945.7489875167005
8.061084854771359,2.679373170574121,5.517621310976853,2.471606204659143,907.7867088324441
9.341503488709938,1.695332166244344,3.9386570169001116,1.0286105123216547,883.1996878310679
5.685538471963191,2.620500899099163,5.21875709366333,2.554408813140147,953.5053622293182
10.008858580256554,-0.7294043849237339,5.562656144935796,2.5546314869557074,862.1470702308146
8.128528514049068,2.0052052618949463,5.9489675555702135,1.6258456506151757,899.4993390062613
6.442482216362387,1.5403947012425196,5.2425694758891535,1.9100293680126783,933.9048931782489
7.416346383513441,0.9367413134687219,4.488429724295609,2.1589422936956426,918.5395326458009
8.337490368782584,1.4467589981602007,4.405019381887717,1.5081482613431128,900.7961081519294
7.614008087118617,1.4262968557073483,4.846400714818329,0.8946559727119576,909.8611747016005
8.308133988669553,1.952014205149419,4.942224637481237,1.968624578362477,901.9667663103338
6.11898961038095,0.6326735387150442,4.3650258351007425,2.0520260883838755,941.9981193354988
7.754041236054117,2.3162737802597135,4.767186838896301,3.088837890922442,918.2702950096817
5.37942825464253,3.3662147852057878,6.159458524439355,1.3744063426977124,952.5156831705656
7.33316090797695,2.2809284969478263,7.148412607694487,2.854796939024889,914.0567236055064
6.1441385378028155,2.808988609229009,6.255461713870963,1.0823444168588512,935.2045256778316
6.39670508611535,3.0945624546137953,6.8058610861868125,0.9243182402409835,928.1563244495547
9.354139762815656,3.2364895121841766,6.474118468233698,1.75931004423258,878.1927886378812
9.136965180891403,3.870138692821305,6.333130328398345,1.2472727915122221,882.7509333457646
8.413707181360765,1.5007980017240699,5.162203736942672,0.913107354097245,893.7947848319583
5.861530852991132,1.2815160148388836,5.640910878386947,3.555464252651819,948.257047251131
7.025387325457797,2.783465648324735,5.079380657543979,1.6386818909152463,926.2804414819362
9.319646549968775,2.7082662196574,5.280892837666373,3.8490428694049994,890.6829247024629
7.712575370459857,2.7756752996156893,5.568167100386586,1.2042129608811392,909.5879273930547
10.978994309972542,3.889282454250252,6.213566151579027,0.6331627466936012,846.8140866947267
8.089976759091558,2.011369908798494,5.923323381515123,3.0330317751426596,905.5875788059302
7.788073674735047,2.4261565596461847,5.338170736985644,1.4186746941918007,909.0757823867513
7.036325303696248,1.019611748516525,5.5555387408916665,2.1110926385590556,920.6990755999043
7.700311357173423,4.135321123975958,5.9334636741935265,0.9154932119896937,910.836783356069
7.271295245429184,1.663455078790889,6.167394438057835,1.969509486455965,914.753139257491
8.562163015032885,1.6917840718391701,3.9810048367427973,0.9026991441143262,897.020213806071
8.935053475191875,1.6532501089917573,4.422611036101063,1.9408740818312287,891.7854834320603
6.321015809238076,1.3551041413556622,6.6073105339393425,1.620853968409216,928.2254292822184
5.503150569663333,1.2705629511523506,5.439130430068942,2.1842141843088827,950.7295903037855
5.0,1.476295717110475,5.075923406633021,2.5005530968870495,963.5278787303146
8.261986990368815,0.6342040719490554,5.236500527073961,2.1928639993593766,898.6141979666008
5.844950090739189,1.2146820797367617,5.236294694423446,2.360837233729719,945.8164354951223
5.0,3.948963111447619,6.057937781524374,1.9127738596803807,963.6737151548616
8.082867906796446,2.7356551436413685,4.391983606019233,1.6517450387474903,909.7229025604967
11.239499276149186,2.925904176727718,5.524777746496762,2.3760949462316545,848.9674427954673
7.49089363269016,3.177208787416915,5.746117729450404,1.9108417472974522,916.6326748068583
8.757736161677464,3.8341345643623908,5.896267916565503,1.9413521743086848,894.317527103769
7.622744037821348,0.22857744855615603,5.722863996210293,2.3181959723574894,907.5770634127866
7.351665520213286,0.7701168847134594,6.0159062303140285,1.1734275215819858,908.5088338417081
8.878614724481652,1.1962763391053146,4.927303848941687,3.1436888752755463,893.6879368291912
7.064588183717023,1.5302702035104023,4.558197267675045,1.8005147355549898,925.0804111722331
7.901088471107855,1.699430609414751,7.957004443250513,2.0993452927760567,895.300659665673
7.98254670929402,1.553022447193959,5.198735315425764,1.9643844416555376,905.7009547410312
6.497864319535427,2.2193089131320543,5.315545529345432,2.522194523121696,936.706872438836
8.988063524304785,2.035295390745216,6.177840097717884,2.2713453367766716,884.9329407865312
7.237560364956887,1.2771652048217503,7.096089292194241,1.960060842504404,909.9492792586677
6.366382260760733,-0.17554877698756988,4.955471883065304,3.1590032929094978,936.5140568554248
8.304764765355605,1.0071312946213018,4.501184731810475,0.0,894.1207626734604
6.152298027313444,1.4507613466874247,4.25784664920839,2.9941395043735577,947.6640928866785
7.542271736053692,1.7529205631922806,7.093106221502925,2.7361723241527676,908.5100111965675
7.486321505033695,0.8703325406894631,4.461893013538965,0.5313466937580431,911.1214549827206
9.128843348747367,1.5091935335035798,5.472444063484433,2.743426574173802,885.882845632498
8.21204734931993,0.8690126115144137,4.522715167957031,2.846773956447631,905.9498380757595
7.462459561882284,1.874180648451667,4.051644082041696,2.449410791904845,923.4088793225618
8.72664944880043,0.9269086716373847,5.207624646906314,0.7527300450548655,885.56509660567
9.58531132352597,1.1510953436295355,4.56221333365884,2.5461221740513804,879.8920478771009
8.336715459527793,0.691315869010861,4.808371574576687,2.8057574848015427,901.6543537490035
7.515528929765071,1.8464993044302163,7.506105097417404,1.542234804175302,902.9066197342712
5.532245651474761,1.1335522300476017,5.924896104172403,2.3529070847888454,948.174889075415
5.902329505386941,2.9067842666754293,6.431469519553989,1.7174336835844386,941.5191193408355
7.042162943467998,2.405850266692899,6.324659562849253,2.708301592413474,923.1033064520975
6.5857316967610755,1.930148131816357,5.399139076920975,1.7491946518178052,931.0015111250914
7.2195430455218315,1.2025145026562114,5.060281640622376,1.53590602972319,917.964775617381
7.584974887345661,2.3805203053163027,5.748934611861117,1.9685627658642246,912.8616262910639
8.294539131535096,2.690700889348637,5.668450769932495,0.9266783036133142,897.0275748439853
7.394251832911364,2.1426884122016303,4.931194582834692,1.8891344134141108,919.2525417856103
8.229752465739303,3.6037018554669302,5.62984783046686,2.2896741898865907,906.029727888709
7.596711622215181,2.459637318074816,4.793670293303708,2.695967415493081,920.0119838659984
5.0,2.913607217568034,5.32854206935916,2.1991653909105597,965.2421387686819
6.090996909271869,2.133565415535978,5.164716525482663,0.8539186903308817,938.530750681425
7.283868666417577,2.6756644532569767,4.23112740739422,3.08181691058381,930.4847630922087
5.685457885738339,1.2032187673308248,3.14884178688783,3.148926805099391,961.3893570920612
8.399893094994306,1.541601636787206,4.560936750060301,2.090053804216626,901.3397012636477
9.796126248515545,2.34936355348238,7.304104664586301,1.398446703081076,862.294911136962
9.328142777545974,2.3420994815573817,5.190318217963272,1.5747056508307637,881.4639271987511
7.179835693604688,2.5076118229432476,6.275968160896404,1.8371820818255318,917.8123584811872
9.736089205274927,3.1003928922787294,3.375554856906642,2.222934764958128,886.8418241923723
7.7230011858031675,0.5750288281845879,4.4917139320356725,1.7564117747922081,910.3138903929572
6.994371043322941,1.025547452389704,4.145510382637649,1.3132899728790592,925.0847914062057
6.579896004688591,2.2295726410742533,5.297699989912885,2.8184079073731496,936.3946144437226
7.046295470267808,1.2756363681965392,7.921955480535243,2.2058287104592806,910.5765195387067
6.917734772188156,5.0,5.9602389432279175,1.1581023820512413,928.5831630125211
7.755624333563231,2.515719619170136,7.195612533278086,2.2330483650286324,904.321586771372
7.740860971574797,1.9216691510698427,5.245563272314336,2.1294966630232652,911.6213012303784
7.504569030230122,1.484530726916141,6.864869373855072,1.425557670444487,904.6482887114432
8.155407254619524,1.5198377168069555,7.573256706682891,2.9560398076887893,895.0405966924951
9.285969412179512,2.0301406613151776,5.3906309335895415,2.1079113651418524,882.4300578156667
8.924331203161985,2.1119819326212577,4.960735288772635,1.826702686334266,890.3377841135712
5.272653047325145,1.543300855306487,4.182189063009847,1.933214601539663,960.6888418807891
5.0,1.7268477534800981,5.190939741423031,2.355133436683861,963.1511318190564
8.90147986685891,3.3442845752345964,5.581896675200791,1.9422532683759166,891.7423910600035
5.449681952376869,3.384504962651034,7.530953617349149,1.9355650615689,946.9700522399494
7.162851897160975,2.252033979934877,4.205026025903914,2.8527720546603033,930.8230705397074
5.744830460910961,0.6587402727632623,5.559661893696978,0.8652765380101874,939.0604397037725
5.0,2.5385031566390435,3.685691878610383,0.9987574883240309,967.36933442805
8.312194092307182,3.5542824416110257,5.073237171161432,2.6215706879935494,908.1813280086164
8.638732740453971,3.3697811019623787,5.811395357412019,3.932679829666907,903.0378408564262
6.635234398909921,2.734425852809667,6.012583152688558,2.7011963601216413,933.0136271092651
5.0,3.4224229552858216,6.089023079641922,3.49136703685818,967.932488102025
6.680633327621276,2.053384272479022,5.897404032886845,1.6525027090274176,926.9035435511189
8.08770600810382,2.628102969833705,6.080421940096241,1.4903350573297456,900.8811599269242
5.281632646838807,1.3192244336748198,5.545739129002663,2.365226538596841,955.1632247124687
7.775039879668734,2.2922654561557123,4.452133694011028,2.7629191678616243,918.06531648813
7.477035226240507,3.3295342439705244,3.648343036319944,0.9507592789741159,923.4985747315003
8.368937249401633,1.410576588513109,4.953312178262783,1.8294253017361335,898.7558363366177
7.67937055262123,1.1385565705357137,5.36538456693677,1.9783862658847573,909.460839225875
6.040396588677667,2.097488939023697,6.753931797175481,1.4569038274517008,934.224516971726
9.294857252496737,1.7733377962760004,5.399398324843813,1.550222538763405,879.4328931888468
7.262205640459545,2.6491477210704204,5.303430965783307,2.6744554408473546,924.3121174782987
7.459043190735102,1.5467404740529576,5.8855271268417795,2.375747584872659,913.7572824508469
6.100098061390206,3.7184396156027137,5.229988012548798,2.6387611374875632,949.1193697587755
6.835076623212735,0.7103239020389442,6.310541998946938,2.269499752298219,920.657897278378
6.172795928959649,3.2537347862197343,7.479333618383878,1.3013946585179694,931.0362025791055
7.240580910114866,1.235150771691897,7.690785514210701,2.338482441471337,908.4182677660775
10.067562720213516,0.20401726541597665,5.597040627244489,1.238325678097993,858.6028741803768
5.442148285602966,2.2378751563488675,5.836892364695448,1.7505973287725265,951.1003861411982
5.079657903184888,1.7453920139861165,7.078856120373484,1.17100107614542,948.5374497633067
9.706755491240413,0.8903906320969692,5.350037977103729,1.5112897663433063,869.3928590637437
7.186014484272201,0.31862310828473595,6.1791921419241795,2.0723830778836123,912.9151106544311
6.496390892010125,1.9916392127285432,4.364839870314174,1.6340075164037429,937.2158053761852
9.059857031094115,2.9758368916238176,5.189160851725002,1.293470071980417,887.1813548565259
6.591576690394704,2.584953493086444,6.656114616645307,2.910237977265664,931.1938461123974
10.239014570320403,2.0567066488392656,4.781804366212377,1.9043266260977125,866.851245288498
8.516888807008904,2.478847573217735,5.371948821270323,1.5776575628536604,896.1011770338205
6.768132887781446,1.972785867622143,3.9257903543978805,1.134080711438419,932.2906559565317
10.735962319898256,0.5702757569696288,7.505768294509637,0.5024040918854809,835.5792908641819
6.591427615494992,0.5791060147765568,6.763028069816903,1.8223623890151028,921.0562596955074
8.61314305801396,1.796831471015321,5.688099566152748,0.8974250371840229,888.4074570807874
7.948938870609738,1.8393467136339257,6.007512872082328,2.5696291674887624,905.6155999855729
9.452611934098197,2.850982678506765,5.895898106943369,2.023592955678823,878.957499296646
9.842266795090278,2.757304223774747,6.884311753030786,3.246688623310509,871.4023484227744
7.54800622359865,2.605133015758949,4.981199957628627,2.1784594185897053,918.5266945892131
6.369873194480725,1.7197172869228192,6.232267619928232,1.41867376219228,929.3257917758622
8.189958214408675,0.6193478298898605,6.577416498852173,0.4959939181052404,887.3648683130803
6.483426945371841,2.412071137066024,6.7153259704764565,2.6452350909934053,931.4619460642779
10.520080871289935,2.525169313262168,3.2406291161683023,0.9608413915716878,866.5871227644727
7.704802996624106,-0.3885314624776859,4.900725521734856,1.6734843818481906,905.753649706887
6.952017673031837,1.1656618134173373,4.480829378698096,3.3392705972439307,932.2408977518435
7.777020458797363,1.308945622606104,5.649588285570686,2.4887866792389812,908.6970786723053
5.479310565705456,2.118350201123436,3.4839697804857277,2.3118923636279525,963.1048006524502
6.042578942234023,1.196639567234306,3.454377109054397,2.7554579544960873,951.8441061006533
9.300620861916638,1.9618654311753596,7.67009499187626,2.725639855124422,873.665495070168
6.514658581542906,1.789465059647008,6.11768938826334,3.2647571455633364,934.2275988257882
5.92963352597709,1.840850528462272,5.621009243198811,1.518256519624905,941.0650106633661
8.30497912879093,1.2836057062992539,5.863672647838982,1.6986526772553878,894.8715582720024
9.278556231994495,1.3610149459333223,5.64634092374918,1.2620922967506503,876.3655838325351
8.5784299659976,0.9197329402193073,6.497350656551526,1.9738418908928212,886.8472688168132
8.994071528708725,2.380067440573832,4.8675558079360215,1.8942138166638447,890.4729986163057
6.364807367145809,2.571102628591368,5.686614826073569,0.5960382101315407,931.2724625053052
5.367283999887235,1.229382049874661,5.727421267937715,1.4768793943243628,949.169975972224
9.75200047793323,3.5206400960170443,4.453142041541662,3.151293227359173,886.1610772909369
7.015980241736797,1.6853985525579511,6.776983059063053,2.1953668759096683,917.5688230190731
7.123750475317429,3.5301856237965605,5.054323260098591,2.5723188944693702,930.1238821774558
9.492291212773587,1.3578728261683968,6.5174216698089005,1.903564265719455,870.717096931286
8.33434501410099,-0.0265777765994355,5.61491272637148,0.4903251806417266,887.331696235369
8.183831658122411,2.4021978249123515,7.133584832409058,1.8970912625363685,895.0788731163618
10.747503517351626,2.2485451051189873,4.458620911478476,2.8333572460167833,862.8873771373492
6.534722654429785,2.034393795307583,4.41524119848955,1.0514529670048725,934.220650780796
8.891760192121856,1.3577675215560108,4.594304408995692,2.59763114139491,893.4111041558339
7.585519687345627,1.965427774514181,5.633295550514374,0.6385346645658585,907.283401948559
7.902888418294886,1.4887405421304727,7.041468395778205,2.016152990585865,898.6271226168699
9.792702639618797,1.6976504336682494,7.09309361816525,2.4356147601173035,865.3797771961928
8.261753634434436,2.841632255765075,3.19003139956156,1.7503099805844862,912.647043512917
8.30744411857445,2.1842172295300935,5.749707161222538,3.9779772323626803,906.3474424696085
9.108761005964704,2.6099513873319773,3.0,1.605447650329118,896.591074918937
6.952570905685672,1.76813149337421,6.295031793785035,1.5372670098574384,918.7720034563298
6.2411854989914906,1.657982654195225,6.618169414895207,2.1635936334840036,932.5238018612607
5.93278620896845,0.8465174691113564,5.459755725307814,1.396021491330233,938.5272960770747
5.0,1.6299633874318031,5.583981577494755,0.8469299249477509,955.4426628363899
10.584310694910483,-1.3211145555891388,5.57363889294024,1.1218641800622264,844.4118253622306
5.845187451417475,1.4097780336943653,4.715558081258753,2.606389407638316,949.6912176362035
7.1681195646213425,1.9181258228091609,5.93170578532148,1.756048352899716,917.6846151147226
7.084780050166619,2.563673654270156,5.268591998346743,3.3616167604015414,930.092002118696
7.961110046713651,1.7313221224750432,6.430291709289619,1.6470110039419719,899.6897663392989
8.723605818808945,2.3476735422449995,5.38637306548077,2.568408283785838,895.5087850142148
8.790710232539618,-0.17978866139024552,4.6389768935117415,2.4086735835694966,890.0902024855333
6.625383842146592,1.9431631477930502,3.9641353291344896,1.635079354255983,936.5485516357729
7.249317429320382,0.32049720708659657,3.635935174944288,1.2969528566672723,920.6844490857238
7.92386992573245,0.7916964843406673,6.812509343954435,0.6145570408592418,892.1428363152952
7.12696331072468,1.812834452136139,5.042210647140981,2.4424966237440744,924.8460984731032
9.911018364029989,3.2762639878735547,5.838574190081649,2.9586077860401163,875.362485935399
8.236462427457377,2.3712067634700587,7.283229891744519,0.7280554625966125,888.9688130436216
8.602316679074725,2.0182309971371173,4.937195668702109,1.7036440520026606,895.7173702652078
8.494321903001119,1.9804696105328978,4.872522515618846,1.4664653358458009,897.0391441692847
9.260210786227987,1.2863711067955328,5.367838247644676,2.4410953202561663,882.1794815039242
7.77153233805556,1.4560165866273165,5.529432700419993,1.7370778496378658,906.9718523325568
5.55475207806623,2.427376045470797,7.387551350255847,3.0583844563342533,947.1890669137053
8.099531927628963,0.6146394815555056,7.065820594094113,1.69248544722652,891.2135304007861
6.522964659312256,2.5930540502830213,6.120875415906747,1.0108932323712763,927.9159302775365
6.707074977375365,1.6114929328811471,6.949413768996868,1.62495573983135,920.1845320298937
8.37954602813264,2.8255570748695655,5.321780987432144,1.7131083198729973,900.360229473987
9.357424607150453,2.9610934572320833,5.799164567188479,2.4208799563957295,882.9629112530448
7.531907365104092,0.32691598749426,5.198486355461305,1.7011847557076125,909.6840643525101
7.963249518898445,1.418419236772782,4.20963161742036,2.352077210720302,911.7258888219599
10.053322416952856,1.1444723120593763,6.703874741793595,1.367612582328785,856.8257820522454
7.861129769232853,0.18727203492685707,6.0316987339898605,1.764258656164275,899.5311183575932
11.402524671270593,0.9674667237905894,5.518073473423664,1.371972578629983,836.7669696148262
8.348264468447317,4.44125584526534,5.4975321506878245,1.3226867282590895,903.1802548235956
5.0,2.6095098962124403,3.9937851290934914,3.01986684582721,973.6533364266253
8.630012431656798,3.917287968605754,4.522524666847285,1.427896342832585,901.403036898091
8.071737577324166,2.8290984400183357,5.836153170114025,1.721916174281788,903.7362816367197
9.434629131124119,1.2581568389915245,4.9708873327254945,2.835683567959544,882.1702725175137
8.509772026904937,1.618228803325957,5.28228695878251,2.6000011170172237,898.052468457813
7.292316024024339,2.5884361802403073,5.3953439352208985,3.3129657733292275,925.5305422740253
5.663552645565952,2.437506203473036,4.8175312309828895,2.3862414916033425,954.643861224857
7.186465114070963,1.4226579842916662,4.532081679975949,1.5196804882511536,921.58999625886
6.22421931868605,0.4900068294207931,3.8876423690746265,3.64571571916472,947.7911651856191
6.629214825292916,5.0,5.3534817209884595,2.4656645956442147,941.6351865427519
8.382867606630914,1.8588503276571944,6.118608547610283,1.876243728958667,894.502951856167
10.00485675652711,1.67426110681738,3.85636585778005,2.045972439760416,874.9697690538478
8.092007294734472,2.1133344639053018,5.475952174900174,2.1434252635605717,904.6052318393942
5.7061754069472235,1.7572714106889713,5.78114325269156,1.8105505001685402,945.3308564022151
8.166904002330211,2.1227289077054836,4.5104195962708555,0.8993155184662662,903.1000018151914
9.294947229968477,3.286947286116419,6.922141811548088,3.301376841797265,883.0877268786384
6.585325643520926,1.8754515203135762,5.114284630961592,1.9825327390601835,933.0490510275181
7.298974249990623,0.8372895606722386,5.398740311543489,2.1467972101621147,916.1670599975758
7.522032292093796,1.8383562055213891,5.338730499402021,3.662515247515584,920.7286730789987
6.32265253037664,1.5355982185900892,3.7292255774089442,1.453371789425932,941.4586260865738
8.47242065076579,3.423898937246851,6.508752071684044,2.5243882597712837,897.8006811236934
7.318577777088327,3.171119064737571,4.544481231580763,1.3661610531440131,923.38215692762
8.129298665860542,2.107525000430799,5.263479484594264,2.2568169300363508,905.3052189425678
6.16876173329685,0.7212641451807436,6.097661001277995,2.1612045970010865,933.6689161706342
6.843812549514884,0.7741077365600542,6.960903426144534,2.6324808777122533,918.9994750975432
8.583572036741657,2.0151232615845536,4.4200677181031605,2.9665349741522666,903.1599492310928
6.940750271862349,2.336322969321281,5.053516414405573,1.5363831270402626,926.3468799333705
10.090445776850107,1.625377180673945,6.8824186300071535,3.1333398725791346,863.2152885811295
6.900545721578096,1.5198304157927658,5.963713879275447,3.18998475084905,926.7356501732368
7.837027088627829,1.407200766821353,6.171171359051608,1.8000116922451923,902.867482966516
8.898886247809635,1.9766060397560539,4.448868264223832,1.9947339348774964,893.4386194507636
5.372451400600452,-0.38276235207306497,5.120790470073442,1.6045199040404488,947.8716353437368
5.0,0.8986733712302901,5.33216456761957,1.7556470289250896,957.9537404139028
5.211515528144858,1.3729491545526495,4.642105242657026,1.0372194757999456,955.8790063893281
9.393876155140774,3.2075031949519204,3.8254303743260927,2.6220286178633527,892.8985326461328
6.672212781161329,1.1861863580710708,4.9895014412364045,0.3597648859801825,924.0534458835145
11.337298928502378,2.1804681418312066,6.854288199584429,1.442324119389851,835.4127516416276
6.653628602013917,2.226542750930996,5.559173465560496,1.9630703591443461,930.6170273987993
7.776826954795555,3.297916505660762,6.874290913573376,3.039837864342352,910.6049497988336
9.813164928851814,3.26257740696415,5.67902091422952,1.5638043445584748,872.6976281993765
10.509139332238684,1.9424970312050835,4.735292270412037,2.3422813368820625,863.3537526532081
10.592255364954596,1.524515258810557,6.777619013231722,1.9352127084398154,849.6305106477946
9.312549345889714,1.3361668971743097,5.712326140667899,2.756095120377867,880.9148451032676
9.036093788717194,1.758936777534219,6.461838832427397,2.300468599165897,882.0562817572904
8.388790423801774,1.5659666456764,4.431671828879429,2.6641675104317777,904.3509741932411
8.667541614249956,2.553627409358232,6.538756289614503,1.559492067876328,888.0144401928528
6.6732214255072,2.4203098174852045,6.5688892755441985,1.1887800846733314,923.2176726600541
6.272701674866539,2.5918011911450156,5.789767144356535,2.29370265524269,938.8790308270219
7.494938313883572,3.2592837114361686,4.6930779141902175,1.6098175847685914,920.5632580310271
7.244723066212607,3.862869121400177,5.453991171287388,2.0242590974799772,924.9047407132912
6.820157926009087,2.1246633934075567,6.111291147238244,2.253819952211272,925.7495798314062
8.544581171185072,3.099463771395653,5.734570019936534,2.9935260245237796,900.8984603566751
8.932957812855767,1.6483398161657847,6.101082738107764,2.6292565147119995,886.5666522705128
7.632610329437771,3.1850069835830155,6.512245907652905,1.4551922617808237,908.7609890998928
9.716295121582892,3.061509157175844,4.851553346628078,1.0839822097939544,876.0012120456918
5.787466328799742,3.008415969942991,4.344924379039861,3.365904883803558,959.7738746456796
7.209510811080423,2.0940698411915237,5.462461198627758,0.7338722624205241,915.7851140134137
6.424766519095792,1.3316418360091111,5.170256841130132,1.6379977218471593,932.9762806813
5.0,0.6054715621345235,6.2858464131561504,2.5161958562576934,955.5303284224578
7.375978971235951,1.9599627924789007,4.4255016103411915,3.311008997560026,926.7234583088641
7.3173787374250745,3.5330125422491827,6.52038187417768,1.848270779900644,917.0196520630731
9.770174614863198,1.6901550986359268,6.853612109546766,2.021874395416715,865.3523613302964
8.446217526832166,2.7851265854600546,5.500304964262289,1.2999780627220598,896.6403574838616
5.963719763506193,2.843951400518931,5.560736125581305,2.1012928897081635,945.6788233719939
10.281138849501282,1.7163137790728271,4.732453498769847,1.0798768165592962,862.2805658312101
9.33155054328803,3.3163448375195195,4.957339101025934,1.3997720374250777,884.5512871509728
8.373146555202924,-0.9086607444805037,5.091663319354316,2.6111124433107844,894.4714144502436
7.160273851725252,0.777249721261825,6.942940067837931,1.6531385465104593,909.5624371578034
6.0608411449147805,1.0843677036415402,5.428129214189226,2.733799137642456,941.932672543795
6.9416898358934205,1.1802849771326103,4.177827043359992,1.8771942986807115,928.4438311780507
9.13312292955628,2.3362629511858954,5.755354342112003,0.9049279257033482,879.9560213368575
10.326879458901914,2.290037803053902,6.326290124622276,2.934692220569041,862.519053515968
9.814865292408284,2.393990572175008,5.474588630678405,0.9477391319584891,868.9014916958052
6.766725867320589,2.596081494132487,6.969213439726989,1.5185699929115082,921.334204115367
5.820573850066483,1.0498954308543507,6.277508667265898,1.8402407344494853,939.0318148702125
7.711329370366806,0.7818239331926811,4.450871270112146,2.8046628965273657,915.1973570538453
5.0,2.3963196820078627,4.948567187603598,1.5788121418478052,963.2580756581191
7.984751571277172,1.369767926353561,5.7262262814246085,1.2586262700239328,900.0704108046356
7.278596120551997,0.42952495463202944,3.8338107619733925,2.1301384572483166,922.6233817989437
6.800945247197637,2.9713442845414813,5.836356737470615,1.8288274214187048,928.1666481344339
5.1079453990998065,3.3951019065022976,3.7384175727453517,1.6260875207686711,969.8399537598785
8.270400159854574,3.5571608896986593,6.5234334555645095,2.1731882851902764,900.5553307614971
6.700948740507133,2.1870077214747203,6.407273684791709,1.0371230276854941,922.2383799981903
5.745124746434568,2.6259320959729027,6.004781360915071,0.6225275672274553,941.5705994859125
5.0,3.3698682233619106,4.824121635647689,3.7109840858146055,974.4846275366483
7.458727642424045,1.358584209976566,5.670202824613539,2.083348874689262,913.1517304761385
10.158377395004617,3.110677684054092,4.986622512485351,2.139344705569816,871.2135388130879
9.991888821821805,2.2753962341432086,4.469184722549934,1.3744084954583378,871.5403140506218
6.814355615120592,2.9137116523425908,5.1612569882285895,2.7181590747952087,934.203947831768
6.596681909457329,2.1860930208759353,6.198265536492095,1.5732117918833228,927.1413291334553
8.203161384112535,3.296256709748002,5.543814192831761,0.0,897.549018479036
6.002421841217563,2.2235237625415367,6.950709924134423,1.5463733275930949,934.7002926822654
7.952687849729199,0.5160209405325824,6.265780539480275,1.77486953766044,897.6963395906363
8.649120417577036,3.4519266323147217,6.1586908139056185,1.8639331165323898,893.7631544460645
9.340399835826462,1.052469259027888,3.891073450554396,1.8407906698043341,884.6692020329098
7.349768885280071,3.253058210243914,5.214841469844721,1.4840683064189784,920.3520524054718
7.194489374734551,1.909757118559678,4.435627589565801,1.4067831522373058,922.8282850255606
6.183026119865159,3.1760109851977063,5.3169971203760955,1.7616170665663755,942.3959636970877
6.2596794689402095,3.134768614866765,4.806723876076843,0.683619130371268,939.2177634544141
7.16028166214771,2.4301429743153715,5.122395046942061,0.4339229649515661,918.1039164437317
8.051048260224267,2.508535317627131,6.561162732373851,2.0784443919357107,901.1817223284708
8.870376939349875,2.422628617192566,5.975249929005834,2.0917878994119925,888.4766615859951
6.295231573979483,-0.013824756281077821,6.507114428981635,2.703520464043198,929.3791356854335
9.739032853439284,2.118330218898202,3.8993168909840143,1.7955477517033824,880.0217443300162
7.093314598436147,0.883935823928105,5.557974696615664,1.0450982295139768,915.2837124923763
7.467949058477346,2.171187143745663,6.466704981396601,0.4482825478416268,905.4611925578484
6.379182481278265,0.8570574536167845,7.006295914887156,1.287843139234507,922.6598966175421
5.0,0.815048058773925,3.9519116103075067,2.338015795246015,966.3050138543645
8.826068094541574,3.6049345017539016,5.14851636383883,3.153159122727138,900.3920515461145
8.60526584563865,3.06944738812419,6.5342266740047625,2.043268330217211,892.4326176382735
7.07800866432268,1.9958574150558455,5.307721687188555,1.0291280877311104,919.7749316725369
7.600486075837308,2.184768650249024,4.589582325830277,1.296063517995944,914.916261995455
8.273908826556148,1.7520839742569911,3.950000821503992,1.3210352607485458,904.2503574642236
5.156181214670186,2.569876375979523,4.551298465336833,1.6752091187481515,963.0432245540443
6.706420983980558,1.3239456334511952,3.8110983314362707,2.896716339995896,938.7185555588965
8.69139701943274,2.9937402628679575,5.558460456834026,2.959127560125425,898.563664171341
5.618565865246126,1.746913158985889,6.39631018577866,1.8621952841800908,944.2630867132718
7.940336898249944,1.580153004168771,4.239025241091396,2.146456088090878,911.701709850805
5.465127293064892,2.0217130184848426,5.757729741211053,1.3619536857012275,948.9922360847429
8.19964497365029,1.4088531700743894,6.3452710294458665,0.6320732445170347,890.9731060172923
7.446537776553774,2.328682349496483,5.497291673151651,3.430670682770197,921.9011097709449
5.077302276141736,1.4626374106866002,3.8893057050827546,0.1420103595251685,958.7959430483781
9.247109031685756,2.468523602818836,5.886211554662503,0.5313277458683578,876.2066083479591
6.398112634802926,3.2160065389114765,5.44535305523553,3.437124684127717,944.1429753543384
6.2846213444784285,1.2806783131918262,5.343495351399144,2.0132923237363576,936.0313295467996
7.800853795846415,1.8694245427048286,4.953162754239536,1.0992680743295657,907.8868843006953
9.222956024143073,2.4613307130354216,5.586787426274041,2.546162904871449,885.5232951142551
5.976267271532405,1.5641426450185931,6.00981790844696,2.618442644836782,941.7103400936136
7.592519774771957,2.464320560826665,7.890648134335849,0.9338514838818044,899.1470002493267
8.14322475049586,2.55539886065174,5.612332068387205,1.5737236988243404,902.1324905036214
8.539658410894717,3.0832617762943038,7.011141160012674,2.7009966909645766,893.9205552095486
7.7646623329158375,1.394009953915088,5.857755083426877,1.3464754029036072,903.946895740055
6.949458241375017,1.0572247597695255,5.400471672352246,2.225730990891066,923.5672597998584
6.258614669026921,1.6924226104362563,5.648547527711292,3.1398497490930186,940.4361213019849
7.629215824569562,1.0322476604529,4.278263630307491,0.08601213476710523,908.1125958960736
5.89179148202159,2.564498204047497,5.805860270752038,1.7270013445369903,943.7048231663715
5.0,0.8382486998235887,3.5079349351786275,2.209308798853991,967.955445155664
8.154839706236501,4.333016418252688,4.637333642111468,0.5663604912452733,907.6623568625402
8.855902261629293,3.295927861573751,5.609843093133811,1.5763108877980254,890.9639627870224
5.0,2.012575769600314,6.693982273178844,2.835598915313451,958.7464967918692
5.985403942935093,2.8673944929979758,6.930624396998394,1.4365478810048882,936.4980719681673
8.428731391507796,0.36319813568920845,5.263453420359065,0.8125388512913929,889.4965050386622
10.586243204567548,4.523373331399558,5.65571731953044,2.904665458529809,866.9323579595626
7.531190561513112,1.4097853877995106,6.484362469582027,2.3556013548243455,909.173708344207
6.407995588156298,1.8795025861006405,4.170506427807081,1.9449149667963033,940.607323062693
7.22565533834274,0.14406671281156336,5.904747505315504,1.9212865383135822,912.4048668583787
9.562314628722277,2.4862873047408947,4.672107132634191,2.8226259768839532,884.562559953252
6.531053731313197,0.8936558429228911,5.328174955323282,2.235622660007383,931.2662031523035
6.301211990024619,2.1016557615660294,5.040976749505685,2.5164897170148337,941.291876422405
6.775884716726951,1.4557255670754619,5.935358127048147,1.4459468841543317,922.5195257192995
6.070007087611931,0.9222560650696565,6.05030367400909,0.46611599295460415,929.9810020016113
7.684005473992193,1.1956384982373829,6.391078677397397,2.497530960166764,906.6956289157499
9.93701768770434,2.225788034085521,5.848198828464448,2.8807423373329457,871.6136565663168
7.984618909674044,0.7185090271311756,5.671653769968897,1.820350425862013,900.5992420196101
7.121469746810568,1.251188328976423,7.354023800438602,2.710205267034811,913.6272310684976
7.062283096626684,2.663273381264478,3.9756409298028226,1.731829765458466,930.737743540394
5.155213786955015,4.602479874874313,7.19560986012924,1.927440670945222,957.3744358598512
8.82466466572074,2.477588819553005,5.210178091131603,3.401943030709818,897.9116099746257
7.383244204480797,1.0827383578227125,6.0708915863683055,1.7667839570348554,910.7452882585396
7.229280129614062,1.632885829927689,5.174340319406399,1.7195444859572844,919.137164057198
12.289661351767291,2.0315890061525783,4.797458370448374,0.5040163814341485,823.3571917006442
7.94812936254853,1.6505750493642926,5.984577192794228,2.5520585279847934,905.1452720219339
6.372313424857223,2.903058166736933,6.542128308614443,1.4321269076365544,931.1911180442025
6.860463605691685,2.2174734830142246,5.9730079549674056,2.117780008810154,925.3957825939196
9.222668563795132,2.9078523849098703,4.957884213317118,1.7479687300538256,886.7295549511847
7.6699056158066465,1.6855562097023706,9.111350062815669,1.6433658276064458,892.498000457669
5.34258303252395,3.3255002197212566,6.698573670866252,1.9058164081106852,952.5573706767204
8.878843401862806,1.8335144157184542,6.433342304207253,1.9673181283524734,884.0823996681137
6.497783871691509,1.0288101308620083,5.147035769257796,2.94086324770818,935.7278952060686
10.309946664326318,4.177320381042222,4.874834211710961,3.2161694853540634,875.8958873076995
9.120072098571972,0.1750222530388832,5.220160924157061,2.5205720819532704,882.6677509000756
6.829017156511873,1.2612612746950724,6.581406544392483,3.017244730776685,923.8298098123427
9.421524542602668,1.3729721481696053,4.509395662924172,2.6833179765973725,884.3134888413284
7.601783265791105,4.508306273056563,4.431796168545683,2.395691281548656,926.1991251417369
8.77916051268333,3.8068588841465116,6.039547533361018,3.1641143482347553,897.7253600961634
8.227099225941712,3.4939281436421976,5.81919644464212,0.9532202952597413,899.9207299490263
6.23046501751369,1.6693413376236683,4.729686462109104,1.4524302390006107,938.8908114464904
6.534675251523807,4.426178003841775,4.408796421584775,1.3432787785151254,942.0101706480827
9.044941226371742,2.3683520038409713,6.937896993368432,1.7588896666884333,879.3636438211196
6.997837001840189,2.977263370303122,5.857004425299562,2.548720286467436,927.102965456934
6.894527305137005,2.1796953811062068,4.136464136271967,1.1079172382506015,929.4400361303656
6.0673161309759704,1.9505334286767484,4.206374463917706,2.4022393574488845,948.6765973823477
8.135398598390191,1.7482213260736208,5.13848802754953,1.5303512652766098,902.0680609484115
10.593787378864718,1.7903600065808378,6.232841806997633,1.7223487574504455,852.0850821466535
5.898700628618591,2.6084916486780787,6.09500880210828,2.1603325307470853,943.9665060920818
7.536329185009137,2.367199798775388,6.631678537001218,3.3449985112492,914.7448538622048
9.618330833123144,1.968528629796316,4.009650192539203,1.430122358196698,879.9764231582257
7.380537913131428,3.5095239926988544,5.7238466897796565,1.9359252852052515,919.8093217088733
8.1785576943746,-0.9667530687407306,6.925910332321361,1.1374198195223557,883.9173045061747
5.90640970777968,2.509887247921195,6.832801730476099,1.4224418269242225,937.3723204064423
8.142460645811473,2.717738706658979,5.858909981412686,1.1301268520604202,899.8028634555809
7.219283602493177,3.1469628682551694,7.848018508653876,2.1958280703732576,912.8865457526068
8.978594993519794,1.935128558946639,6.10928511641586,2.340247015591023,885.4046849066578
9.281079077347126,2.2079200673839576,6.542746632841343,2.5496394773790616,879.3029131624825
11.38434546302792,2.9859483833147213,5.544447918775507,1.397080231274927,842.7074260151653
8.369449759820363,3.4911664042801798,4.719024707155713,2.4063544628360205,907.7867624487589
7.98869447487325,1.6994640148212319,4.624790799221254,2.0904800625984143,909.1330959851961
7.791576452366004,2.26697578312756,5.68161521479442,1.9537980021989376,908.9601582403042
6.970250560783968,3.6785739643487574,5.288497993149793,1.006861737993832,926.4805709271417
8.007725765192536,-0.12402707587885109,3.731414330086519,2.122602799454492,907.9652710047852
7.056897884791455,1.3099874001854148,4.474206415074259,2.1479652959289317,926.2919352601566
7.752691464404421,3.4658359786029633,5.181596425945907,2.081382755633787,915.8279416126893
9.476396303411939,3.0925378336083034,6.22727937593716,2.3200406058217675,878.7509112678543
5.990186152080538,2.522445210926694,5.483926113837925,2.5556765272555446,946.3370199618317
9.209817841693567,1.55140312689088,5.427935789499486,1.1215813528338243,878.6681840798943
9.475672601009798,1.1181815010145806,4.513087372996684,1.8266431308573183,879.3914721714032
7.322897209513382,1.4087843807576261,5.523166080062099,2.412614081251395,917.7268224353313
5.0,3.5480082208186925,6.819101027445988,1.785284143299998,958.5413801715364
6.5882670193583515,1.3715573108446537,5.655575112758557,2.767538845649476,931.99169856868
9.445491819841664,2.101422964239658,3.9926864185181383,2.072142797354052,886.0292015812215
7.465697906551677,1.2462923551382539,4.248477205695469,0.43606188710115923,913.1919058225069
6.001046651557633,2.8427740300990267,6.088788877223153,2.671543135358155,944.647144009449
6.742837618157674,1.4612737196535588,5.275684524777381,1.9063174185157359,927.9297417367644
8.760930039756829,1.9024061098455858,5.425419769896486,0.5842313334997709,886.0095529375926
8.320100352302068,0.3166178669571744,4.887265824985243,1.7981681117705617,896.8028965855972
7.141601851245459,0.38663176379506026,6.003412212199913,0.9853084971083093,910.7043890103361
6.949763382277968,2.0076731933215064,5.199082286754651,2.6025050284753224,928.5513953715158
6.912362776434267,0.6748428448022381,5.313386778271395,1.9713272158830677,922.6489526194439
6.116384723252246,4.105086639334502,4.648776608336874,1.2610037081585874,947.4725584368349
9.923063534204163,-0.06152311211224948,6.42169129814277,2.648678445570288,861.961588062167
7.01651929618299,1.199824701335896,5.278867208383579,2.366820532796999,923.8080918707448
9.325737781238244,2.0167008672675504,6.10788033311976,1.8113882103797136,877.2145932822507
9.781974077883678,1.6348670622042154,4.306408435965983,1.0035220483709115,873.0348640476112
8.997466347221941,0.8958545433360809,7.233883138378609,1.3260209651707253,873.1518015145541
6.852569530922928,1.0420721605047318,6.777374038513223,1.3140336722351689,915.53300403427
8.105595135504915,1.0093459225007615,3.5902023303410733,2.597197762611511,911.7291404442145
7.463706590413626,1.7132783051799372,4.698062524936285,0.6552821714846182,913.2567628267277
6.144447208904808,3.9519290895174235,5.977634391009885,1.9622121467495335,942.9525933418365
7.986538922582405,2.07793729655821,4.180271343850996,1.7997724873823309,911.2147130015198
5.731440313260296,3.182900489387524,5.368405917836674,2.828431214220333,954.5441791377089
9.281519082692345,2.5069763458281416,5.926631785976797,2.1861892461402563,881.6419952576325
6.80307405405241,3.1138623979822206,5.315274088020517,2.428168228114935,933.1772599842878
7.801739483809259,-0.7999643025935859,6.038838703537096,1.579711997015985,897.1616738543636
7.924931807319213,1.6955419788517705,4.806670095398118,1.0152014499957907,905.4623639552422
7.111642539443884,3.3071354231507137,3.255818457831878,1.739619219298806,934.9921842638075
8.380040702212913,1.4282641772506663,6.48211531216506,2.6217299087411456,894.4370990523188
6.787644515066213,3.762473164869612,6.47581465360253,2.6199125049214147,930.5906485288106
8.806945946185866,3.483890153767762,8.003636642288333,1.6555299431074428,881.5625199316739
5.481030479629878,1.5308692838725375,3.2928134820656854,1.3114049562811536,958.600802126649
7.689569369319618,1.4968364809536432,6.250832109346815,1.1546567000742507,903.0891371283293
10.408393498587428,0.9863941576455313,3.5313178619166132,1.890698717818751,866.4786917984783
5.999503013091638,1.3704057681362023,7.256493281675319,2.109240937375466,933.0463585768421
6.483382544212723,0.7674109358310848,5.9878668336960095,3.178553210380607,932.2407983545415
8.270861774488372,2.4288111804330055,4.548071152323747,2.0986646060950997,906.3068556642927
7.769372672909397,0.5439535066535666,6.280222474601436,2.4910127950457106,903.7808316581221
8.025945148910338,2.6037330161902217,4.9469549922830645,1.375625609676625,906.8058218993192
8.233780695221496,2.6280786969002485,5.800416099551269,2.033360803943299,901.4861859609875
8.452082202842655,0.33879559481607746,5.705960716209084,2.1120627644294925,891.7706668899689
9.164549762934335,3.5498186063283397,7.2441681361472945,1.8875755777244974,879.4897676371277
8.114727985392769,2.5136092944152217,7.3149259100865125,1.9825449625040592,896.1496911817258
7.138113518072187,2.749698021444869,4.902734626726494,2.100974774096085,926.6306561890477
8.508860551804098,1.2413347984572276,6.558105617996036,2.3848294504754524,890.2848922562265
10.349822902342822,2.622379118473119,5.854840155570297,2.9352944347310093,865.2140203307611
7.301049380426139,3.1263934497220656,4.087317932993088,0.18756176668823188,921.3248206324607
6.038206042994037,1.9013916009953227,4.80377161962782,2.89099001131095,948.1211949778951
9.160621003930459,4.001922459248361,7.836146099599624,0.6313535069456184,873.3983686708958
7.319428254069603,2.044064634912938,5.857854401104655,2.2470102568294017,917.3914299959812
5.0,3.1407858004524742,6.499779579517522,3.884503175270779,966.6991691505133
8.771132515725633,2.293008807258655,5.287955687633009,1.9659677692593747,892.6888359339063
6.697007721069116,2.585521532856868,4.960058085280658,2.1440153115317133,934.270728327128
7.364200076543759,0.32866773236522784,5.527264507634475,1.7517922288636258,911.4677486804574
7.997970495853522,2.3710537382153634,5.233895944753783,2.5338098778119496,909.6511453091008
7.7857495196686,1.265024898742734,4.0067470689684015,2.2897668421117934,915.3110371836091
8.564177725708559,1.1536016942223122,4.496674542545968,1.4591622041767431,895.1533898053998
6.846770444145235,3.7441031844659785,6.207884514412231,1.9085175558521432,928.0391399393118
8.269658697264124,1.786229751937651,5.119309310897589,1.1052507969782297,898.1846739078785
7.110679983624125,0.9966981690245034,5.525704882027907,1.904846863014148,918.6236428251525
8.608215721331254,1.6408683718911252,5.73492305049721,1.6645022504666105,890.6997665277387
8.423051226019581,0.6995497710780862,5.81305004881872,2.1092327612725734,892.8086542022706
6.096841946933107,3.43388446819627,6.646579061315371,1.4320688822864485,937.3099810603009
9.128973174262548,1.304319255833485,4.401304184931468,1.8284546479310402,886.8859365128642
6.696054832328928,2.529299933943669,6.070252723543625,2.007018220150515,928.4595595488669
8.712086697421718,3.356106714210325,6.255027793519647,2.062734158365326,892.6162169898555
8.05093097010201,1.4998473187852706,6.485851779001505,2.219426972564674,899.2443155410972
10.257275515192685,2.532022432272786,4.087082400585127,1.8606658677752108,870.9057618688602
7.1648010264422215,0.96991394509557,5.754819218346999,1.3706450728546429,914.489651120697
6.9760248058227035,4.4457695691136845,7.216075946398517,2.0656586181196626,923.4891326181769
7.470870591168401,2.936380134616622,5.400879480843376,1.8569137395233897,917.7379371049534
7.045230325748587,1.807393561239194,5.9834947019642915,2.8197165136857683,923.3774390437108
8.699912852913075,1.227166269111036,6.280395594585185,2.9205932007282875,889.9761820185247
5.075534087345118,1.8860034471603737,4.474530155601739,0.9023356516503827,960.1171389935496
5.919476371280469,1.6600162776484808,7.333824728999975,2.4937236387342008,936.4135518550639
5.89829561763121,3.9529445539995067,5.999500796968904,2.6541953288719267,950.0063447352163
8.925461387960365,0.7744652777850978,6.019502814193427,0.9233349633086883,878.3012942864666
10.065920058872887,2.1348014232902033,3.837972621989465,2.4635782551301713,876.7579212927772
7.343326172193793,1.98166193336629,6.294544798213313,2.7167639342130405,916.489698514868
7.246767415214984,1.8825896996551306,6.006410341379137,1.2402826896971277,913.8565948572995
7.605078244669772,1.8913833450616575,7.124191327722064,1.8109267015031691,904.1416618375484
9.242817453912286,1.8839291898795165,5.1887347856956465,2.1490559486561773,883.9166291725115
6.108970298714139,2.8730660663320995,4.512341670401558,2.4563664480794225,949.2543011884718
7.857553474102177,2.608984446492435,4.817761005225667,1.2092484716419172,909.934387627622
8.962796444673645,2.4189116113727867,4.995021764992702,2.92560535825249,894.4071502502835
8.251641254909767,-1.033989362145269,4.381153481868626,0.3765214959475176,891.3729386125286
7.784372424898115,2.299794874163164,6.790160023765993,3.0589964391404,908.1423232389006
9.001569138850712,0.3443606398299175,6.827697862931666,2.4402139742319346,877.5703811240128
5.0,2.6463201631358255,5.304208298859945,1.5025827910857568,962.0182726482893
8.516812979296361,3.474497367570515,5.107240077915806,2.691524674165664,904.2549316661972
6.5188864753088644,1.0737608874114493,3.684518086680688,1.161760765118296,935.6432453783079
5.0,1.7382192776572931,6.1959612553036045,2.0919488435151004,957.5304616453782
8.26680389928747,1.400644294947003,7.153440108825843,2.190803899046876,891.7415390545693
9.560487817744438,3.2354317757568007,4.862805282740443,2.1889078511672118,883.442473885914
7.293827228058462,2.095027885272073,5.383215474223602,1.3282259543077228,916.7989899529066
8.929311820804408,3.7283293805663336,5.9342914613157305,1.6031382621139383,889.3960581447637
9.918417386982968,2.4137542029473877,7.2244183606099055,2.101395892920652,863.1854581731687
9.472371680376071,2.2424501806358195,5.699776221835094,1.4186050056267372,875.5535739383773
9.959946794057089,2.0682067826028363,5.6954299160265185,2.2171622354212865,868.9893809602439
8.613191236607838,2.817992099257337,5.679318501159803,1.508699225418737,893.5703710441868
7.613150458352389,0.2623138017546567,4.074967493096327,2.800000020861795,917.304658216249
5.097051282154247,2.0853439555205098,4.053209346170135,3.2501479604567485,970.9660827410413
7.130906267805077,1.9299535562720351,4.692004830885128,1.7620286602741926,924.1966379934287
6.235130107025713,2.725418827157766,6.512890574037373,2.736207008776084,938.2342474404652
10.75641407624672,1.8122983941259632,5.164642929454007,1.8301563667387204,854.4896027637294
7.236171281351495,0.9612655658373299,4.970395951197707,1.2508550426069251,916.3399846809768
7.684807210176729,2.007350674919699,4.952825395856232,1.65942580755587,912.5155201871152
8.327228064060701,0.9171594711316566,5.3623431215273225,2.0684557926049703,897.1421929663167
7.56540366955868,0.07473778741251458,7.20210793410164,0.5704338684583425,894.8342222701818
10.042576560646129,2.727122481485493,5.348802614302879,2.5005254091563973,871.95677006088
6.566025957398322,2.5790615726946706,4.713702594625142,2.068816679149091,937.554779961637
7.7919111828558645,2.4670909439935746,5.525245629081633,2.8004351659753235,913.3888623748217
6.386294121452927,3.3029284219458113,7.255083605761537,2.486510043017087,932.6537782314367
5.519966233168941,1.3349681096960748,4.997175281064385,2.0959586537311106,952.32329022404
6.582346363642072,0.568885857228745,4.318994991569054,1.7153320517204298,932.1632576995296
7.444444804427382,1.9299702231919555,4.999008730269583,3.2182893773623897,922.3545894483908
6.85604666322411,1.6524997002940895,5.628763736348433,3.7358981494688264,931.5217959698558
6.461368530189216,1.1577042832299314,6.18824095082534,1.7286804759521508,927.4139112378963
5.390523804492249,1.9201508465122041,6.506883578682245,2.833834778962041,952.0883348350795
7.375341641056957,1.3883948537954152,4.454282726037672,1.4346002728277578,918.0265654572739
5.242919438953496,0.16399471664316878,4.5491546655409305,1.5298512370487518,954.1867211019553
8.640083945534403,1.5588233092062396,5.17673774061251,1.6910040388012009,892.5722601762378
7.623659629401755,0.8636248332961427,6.184493024696896,2.5477461500850795,908.0391672914994
5.3136727508026045,2.231648071610923,4.2399921023477445,1.1400693645287534,958.6270797149961
7.036186384425205,1.343965241759345,4.892673089582303,3.2399713816033877,928.8883599472067
6.371765391614125,3.111631474141052,4.907256270588052,2.7502978058984238,944.2889817085386
7.978761765628771,3.603866067267866,6.441748855364371,2.5292121643431047,907.8143545608942
9.510675669034717,2.679381373011906,6.028260760664438,1.764948267197849,875.8211016035439
5.0,0.44897381801668,6.40371836104992,2.6635900718853933,955.093901640798
7.672539118721126,3.5051959988790395,6.838677974233054,0.0,901.9804166484759
7.2598008066500395,3.575720450373765,5.194349904910919,2.3527210907939993,926.25236045277
8.507010114675698,2.018790511307941,4.312593845146318,2.1280976541301966,901.9749992870151
7.819794942356534,3.3229261603355322,4.31903638215298,0.49102754782568425,912.2758813604048
6.372046002391771,1.448324861953322,3.6618924349411603,2.325002386185735,943.8519797744973
7.021419096500073,0.13375406515041055,5.041233170333808,2.472713380700858,922.2415381810233
6.305961214794767,1.2397155613784063,5.115777385168261,0.5170138041326571,931.0128543314041
9.114010707897897,3.729300866044756,6.287553406805047,1.0505828658783354,882.2651951687878
7.531967473007914,0.5089200763885264,5.516914217176604,3.6515113214807613,915.965263021214
10.351786028629512,1.9995212819314945,5.009671555657394,1.850917163118027,863.3358833570721
7.409008779278069,2.0341438933402123,5.384001273839414,2.78050084759871,919.885555397561
6.437389849634306,1.4870257560321882,4.461026516285235,2.9014415394317403,941.1729398820914
5.229428411080759,1.5564784001628849,6.5254065707512865,2.315149451196214,952.0544216948088
5.0,2.072249134236203,4.7140844371904915,2.813793080951423,968.0383927127226
5.123796085491765,1.4378376580652728,4.360068728064104,0.30968931346822526,956.296684536459
7.900689976517225,0.5779415028320689,6.31788196670747,1.815576470655474,898.7454165553297
8.263087534844901,2.215031942943456,6.074164208363851,0.0,890.9516474038052
5.128213946951799,3.0733665824449723,3.7763146214409886,0.6031250683462015,964.5836756162653
8.842557471114173,2.8695725186534213,6.355001634710223,1.5631884024120422,886.5088416198897
6.7754084224748405,1.1902645326101884,4.758407360905943,1.4676924488030552,927.3414630692852
7.720189517978324,0.7487720846223243,5.12589547243608,2.0331282313139836,908.9313721553598
9.918330942383136,1.7158121178452215,5.687020107693938,1.9834795907176084,867.9500608571545
8.845258973798298,3.567791509795664,6.086624882616822,2.1069939439849854,891.6775331671374
7.097204028141252,2.6455980789595457,5.945479174687526,2.1397677189045434,922.3966814688978
6.163211661877069,2.7039646767942336,5.450181669093998,2.2663381796823767,942.7057578044737
5.0,2.889856951785495,5.075356671084089,1.2327642580704306,962.7581754149625
6.42127002113637,2.4207665625185864,5.912220693565447,1.4201661445089586,931.8195081487845
7.1833046417584585,2.1206085476135788,5.381612162655772,1.970497552564198,921.322785850324
6.019230709273224,2.662306896647968,7.305354459125924,1.982925639461661,935.5867301930276
7.303114549361543,1.4538338957819803,6.086409009969902,1.1344581077629612,910.8466482156252
7.615277824438152,0.5855369886336792,4.576584375009645,2.865247504810441,916.0770840378384
7.162716027287882,2.722996934624323,5.0224000486263485,2.5798405420406607,927.323489930326
6.52499612876481,3.237738105749225,5.548192177259829,1.3122266517094971,933.4607508401159
7.7529820079500915,0.8817680606439686,6.799431215070455,1.8333071896666515,900.1672151368073
8.162910974354114,2.8219214824159002,6.911105009112135,3.607631720637692,904.0367685213547
5.864401383835731,3.68076571338819,5.1038652796344355,2.128461630267425,952.0863743153031
9.616398569619406,1.997753798242879,4.566365783410557,2.3165487641600526,880.802680211993
7.352117801573607,1.1819978152582538,4.438502358793812,1.5128515590950964,918.247154626744
7.528274434417272,2.1230186735267558,5.75242875721578,1.7495103131773269,912.3667022629447
8.562321634884835,1.4494660317992987,7.803784309217493,3.209060788626722,887.1449369156921
7.849824196895252,1.3832698900435982,6.039094104255103,2.090635541834029,904.2579695618062
8.929704950869867,2.433184067271543,3.906087473315993,1.9432574249016947,896.471682331223
7.930686247802736,0.3962705249701046,4.773995896753998,2.0061128687491725,905.5684895073765
6.5813439380393435,0.5560710775077728,4.876085798155087,4.036306230732148,938.1897012756173
8.042255287809152,2.019290880373943,4.677997479885092,2.0318460025183076,908.5636520508956
5.7844106890190075,1.9776914610875689,5.1121061750657795,1.335938640629119,945.8361183897651
7.662839558664785,2.343554577039936,5.869394861019942,1.4757192787078095,908.9166910918267
7.450155014033308,3.8752253884833885,6.181981169322647,2.624604801910483,919.9663129986058
7.187824714091191,2.104514036075821,6.591763490916644,0.8572150986825786,911.4251944128921
7.307193732841604,2.5981721503347943,6.0242025730471775,2.360466385171384,918.8134898567484
5.0,1.0244670643853682,3.5458497596711593,1.4209459778804459,965.3659807648795
6.676912638388558,2.767937663516537,4.442695412468686,0.5129843548383937,931.4917391392034
7.6392673517116725,1.473609134889322,5.341905963140809,1.215942226469124,908.4144390983645
7.739784587996101,2.071420832581093,5.647279855767479,2.022027047742928,909.7913600744587
5.958487288611063,1.8911513749308384,6.361418359876257,3.1161339147942533,943.1698715575013
9.398561761297051,3.0329742349140307,5.543184176216773,2.7306635295573103,884.7410112658301
6.2007377276782485,0.6900234456250005,5.550707253863674,1.7650478190633976,934.056632834928
8.954185800790105,-0.2832386346150395,5.73779736313906,2.7777496558544743,883.0243792959101
8.140791542807527,1.7865673029120754,5.244978261218798,1.7145761366087564,902.2648743924218
6.5306590352342955,2.4685312569051243,5.586885139877811,0.8267907322032884,929.2235897747719
10.162966338914268,2.1522693758075,6.62583217901175,2.0168701085061413,860.3762948259358
5.7095447523652805,3.232204237413911,5.416089101215997,0.7952528039945721,947.303843538596
8.878731260415002,2.4373726741796684,5.469787273215717,2.6331266459880496,892.7265886198646
9.000873477064466,1.43615166814014,5.466414595232811,2.644704071205502,887.7200877577637
6.494069686385033,-0.3254201541396804,6.797773813791169,1.29602404837579,918.2239428290177
9.588697950096494,1.7626877658047817,4.391946673170557,2.1164780054605297,880.7288631448706
7.1249302281015705,3.027959002257798,7.275846894791195,2.108839387353153,916.6464978337847
7.9330404439197855,1.6079522173328855,4.323618145484486,2.697570705413793,913.5717730770872
7.890482758156831,2.0283202636777644,4.845779738672241,1.0039453968129215,906.8078353252621
7.298536887794178,2.4213602543067085,6.24473826971532,2.4795900188545446,917.8988509125068
8.716212409739674,0.9847076257501841,6.5303166954736716,0.9465845991955921,880.49110552974
8.69023308082832,2.6232358966388176,4.096500983001512,2.6217509901382967,903.094676960573
5.0,3.6371217900017054,4.407298136752914,2.8501579210665167,973.9662209245711
9.456510364317229,1.8271866481065937,5.7778428094718475,1.464326885088086,874.4970849204005
5.006262017946488,0.8709355781676982,7.844419387763796,2.9753030932332316,950.6150140830092
9.048819306512486,1.9333989729780263,6.746262780998681,0.740773629584969,875.1817000038886
9.190057705241376,-0.2243841086088687,5.25190295036819,2.879666756168439,881.4399066332262
5.863550354677203,2.336903263976616,3.080870861924244,3.1507649905301127,961.562719766323
6.883778568068123,2.4522743776485787,5.581642734421159,2.2766521553212256,928.028071450309
5.841442997271097,3.675636293845562,5.8622968036465535,1.8435793751765113,947.9126206492869
7.177618454566897,1.806005207433375,5.117304858917197,2.2499358560799383,922.8193450644471
7.037948573721388,2.40848533814647,4.649276009453405,1.5169933050150983,926.5479122729087
8.66949079840401,1.1387118976140989,5.659165260321388,4.099701343330196,897.5702478807226
9.465463119179413,1.6435728794749214,4.557738806106039,1.530774967652567,879.7389517482724
9.593525716184935,0.47481456333780203,7.372448660808724,3.0539209357258548,866.6738539188123
6.656747960132547,1.8052103787167644,7.016744797533817,1.4070180660606861,920.5372687953679
7.186167189383208,1.6946908464814352,6.157912631592761,3.27744662360292,921.3332854420521
5.0,2.299199766088896,5.589710569119316,3.6098628654041356,967.5613030602865
6.291194900255717,1.3764031196673607,4.83983591338644,2.3087926488154746,939.6174112154622
8.947277449646187,2.083345350975092,5.479212816109099,2.2293258148537203,888.91792540215
9.923374235322347,1.6666199443923344,7.139297135207276,1.2347367801723372,858.1805980113862
5.648476692180116,1.6685006117004857,6.368654058436628,1.139465912345372,940.9280220542886
6.6113036112706585,2.08036232596303,5.70369227847646,2.2383316841325027,931.34838848986
7.46039136456161,2.04052294231701,6.423974334167595,3.1665539817448964,915.5478797864301
7.92024173822941,2.7611740390516384,6.045610663380828,1.5614380086807755,904.7936390454587
6.285594720117531,1.8793569658701652,5.896277539886872,3.7663433742353485,941.6344509322734
8.136091566696134,1.6501146508769968,6.480563258991536,1.5118832482961295,895.4721032647496
6.789240979393626,1.8191925549127739,6.017027644824758,2.1835135525999765,925.6491568787219
7.4783215936825815,1.2853358831590076,6.358551470103379,2.1856131731229245,909.7625221395542
8.31942637200555,1.6400889064333284,5.661387049634509,1.9187724998115863,897.3569014481444
7.509633404716407,4.031158713073231,5.245874176809896,0.3649379869390159,915.2420058709962
6.845421164210147,1.087321239304133,4.951837121059851,1.5047415196552831,924.9903884435391
7.335585294111254,1.7213436661206907,4.832690394529042,2.159711433842298,920.6327785573408
7.367455561191997,1.6125113367303097,3.8948295575584675,1.923211923215829,923.2176241030223
6.944983455176809,1.7528283877556006,4.588060053188336,2.508962127522226,930.4225588026064
7.111805905999346,1.668760691121605,4.559146470417819,2.6054687295934813,927.5785650632863
9.897970755757076,2.2792401012209997,4.992654804015964,1.8079372310568722,872.4765054861823
8.341379171911859,0.2898248986082057,7.062244210638291,1.2300557021476428,884.1053305020775
7.056779522956259,3.0371714725320045,5.342438044446222,3.2386541643067304,931.133065865924
8.545431606766103,2.632582799642197,5.7417668898843095,0.9156301355874785,891.8168061915756
6.999270765365985,0.7571284139368653,5.773319644511927,1.5237542212542812,917.4583813951621
9.259686956379962,-0.26907727295240136,7.087580912842366,1.320032060820959,865.6823650413324
8.054463288297141,1.0229278538585989,4.924414546154709,2.597166097441686,906.5138817928023
7.339046783993656,1.7573335385728774,5.277477919741939,3.053617579584473,921.9258754595905
8.171575388715416,4.580291898690775,5.393800628225817,1.861045299591244,909.3396277604699
5.1436857718972515,2.5432569649742733,6.636534855774768,2.18382140826793,955.3970601343934
5.809848796635292,0.1924103508185424,6.844105693754455,2.3430174567913196,936.0745707246729
5.7091124904014166,1.3103444950990562,5.974583819693945,3.443203278871089,949.2032702556835
7.71441464214556,1.9467875637270167,6.7329093740618795,0.5811412462294578,899.5072418054768
10.098772499227637,2.253683554298097,5.6776609964689895,2.595377519301543,868.4142893690786
10.84695021928895,0.6852511396895771,5.327396752383177,2.3012197983516027,850.6567193522457
8.457076652161136,1.8650097720229386,6.678724086585622,1.7033283798033436,889.8920661039922
8.251266712416685,1.2823608623894593,5.987617675233798,2.2609813885762367,897.3826545307827
5.0,0.8962414373976835,4.764469334092418,2.5926631806639344,963.7004382388795
6.685989300398967,2.259595646698954,6.497420938124351,2.4665301699862425,927.6173557369399
6.318324372137642,2.7738771734428225,5.291507368979721,3.726800484733039,946.1864725295966
6.568728602623326,2.8410412769616196,5.169176477275795,2.101985270234948,936.2408677398705
7.247784272122816,2.5743863511338763,6.393004368199712,2.0215241466322613,916.8763499715225
6.791864133454309,1.5026304668597372,5.411167859155087,1.8549609714641802,926.3121903890641
5.0,2.714549761463506,5.88895853604029,2.4423830697167106,962.985601661242
8.621865384176301,2.3090544381042877,6.161939584070799,1.9743533908112418,891.4771412845204
5.89088546139029,2.1339418829520134,4.717056920727615,2.0105673160518136,948.6382240059062
7.8588702961667245,1.3883068782982018,5.884850564682202,2.014263888005005,904.5368952193572
10.61112400462496,1.5031238726584717,6.849473105261624,1.8923131444079255,848.7261640764237
6.120923112620365,2.073886936124554,4.54353285626039,1.5130617582780739,943.1481366162324
5.0,4.4398744669855015,5.949908888831228,2.3344852305575285,967.1144584874984
7.070993667179834,2.30124248009139,4.670532265419713,1.771961947986705,926.4837077222189
9.151439452497856,1.388811497749714,6.521397683840398,2.490943602256355,879.3098212327973
10.43752118133089,1.1676105550305573,6.511905583749771,2.0886141031423975,853.3190229750339
5.655675608321374,1.5082333873437972,5.145677659750901,1.6907400989367627,948.0845568861146
8.245048834854783,4.177293447549065,7.709628652190863,3.251864324028052,901.2539024430598
6.80203431482992,1.600743354054038,6.606625309137284,1.9181499315624189,921.0729457598981
7.341077468543796,2.906870534610285,6.2069289851361695,2.498258411649445,918.7074293871009
11.466515020525552,1.6240717545286436,6.150610896106135,1.4400136752063188,834.7204910182336
5.245544507407271,2.2611845412796288,6.4839269092062235,0.37956853509505617,946.7133118551396
7.88060949224186,2.791745274008722,4.50435759275584,1.5464006658583624,912.7269804294641
8.201539757648149,1.428097150190076,5.694607598461024,0.29004103488016497,892.7447788736852
9.12867948740902,1.3588883458472303,5.883190385377327,1.8105097065446014,880.0861208354473
7.6469747302063436,3.65886969445533,5.09986393669744,3.174917611631243,922.7808426753174
7.962075809256153,2.9845928948957967,5.964795269443965,1.2757719823386793,903.9519778959802
6.912527148867313,2.7906723186907283,6.731694300434006,0.3151649139246493,915.7930057829967
7.903690411867661,2.787276293122914,5.078230912234093,3.2002055928100215,915.7688502604392
6.985211586753884,2.4595754883110654,5.445575699628694,1.6197161893405987,924.3506973198392
8.432357834784076,4.017775813175065,4.679414704146056,1.9874092942650499,906.7116229921614
6.945584495934549,2.0439083018771567,3.7130109901892077,2.6306239753048617,935.745052621609
8.065650590853279,2.5772623672009196,6.278932180520511,2.4185382119913195,903.6793885238069
7.456105779472533,0.5490870714059874,5.4742662051607525,2.600409935689495,913.776572537801
9.189075376158252,1.1750393134087591,5.547579417152788,2.720343191636339,883.3949900709937
7.422909414617271,0.7991810001649595,4.513226381826473,0.6031082939284362,912.1306600564998
5.0,3.274063583516149,5.314496470963809,0.8685218078879846,961.3631299333716
9.392882251070988,-0.5525401520207498,6.596593789182124,2.9369357301030727,870.7120429022283
6.141401548706072,1.5976899772472772,5.5008213367794605,1.3746086855266504,936.4722113247216
6.519350492026771,-0.9937066026606227,5.529183758055413,1.4618833240291527,922.4051409173097
6.606508058934762,1.16871210451811,5.707528277863423,0.9897259822685456,924.231431037393
9.561657139756226,1.5090510502681336,4.263617871593544,1.6760416885220144,879.4824816091742
5.0,3.384871093794044,6.124920464102357,1.7205471490524231,961.0733455880844
12.20662280048999,2.396627939221457,4.244801885084169,1.2500314498518739,831.2651960891217
9.084085213599078,1.1668584766710337,4.560384418720973,1.1575338040994043,884.1017883811667
7.834858371193739,3.065963719731826,4.450785230992835,2.254930473740565,917.2278631120464
7.41765899907557,2.0178322545297576,5.324775033369455,1.3538645864892564,914.6474669639044
7.928331112286485,2.0375668587072524,5.147547296462142,1.5149501944173909,906.6273726419483
8.281683642569007,0.797328492228008,5.498774961691746,0.25097732258073524,890.2595628096664
8.467823378925086,1.0099862860968607,4.594743840223557,3.5505601940248197,903.8688719549365
8.333406699005172,1.1749027000544756,6.505495320306379,2.7534592235797604,894.9789290039479
7.634371021882873,2.04646127315419,6.334027568726331,1.6041551573384463,906.9345549358004
7.2039923695390105,2.077885726980675,5.32618648710828,1.2807352514738237,918.5106110752796
7.273090074519732,3.544092663524045,5.021633283412062,2.0087110377865,925.4403534378647
7.207637579470979,2.3850551679378342,4.920642506654801,1.9867731283218768,923.8120533217989
9.200655145300598,-0.707565693672108,5.189855004989321,0.9792267443882823,873.1136037279878
8.390335083421293,2.2626419878716906,4.099754771248824,0.0,897.8986789082189
5.0,0.5499836438324672,4.5403926877881595,1.579139273986665,960.0060264673081
8.483851164794642,1.0340290753884636,6.3601203919849665,0.7493003752803893,885.0081470284664
7.792104292078163,1.18783052827367,5.801812486075868,2.1371039573788333,906.0625060024262
7.471936865331154,1.3366616764876982,7.134274485976531,2.1424652533285395,906.2568547648325
6.917222320366672,0.6248506079596969,5.2008048498306785,1.2214298413264733,920.1529744954094
9.18616907997902,2.2034820034522875,5.138486772893133,1.5723325858756376,883.9500836275264
8.921289693184287,0.5891977149090408,5.092101075456352,3.4104333535824667,891.4264154058233
6.340683498264586,2.3566676072498467,5.180835516781832,2.6201028210167703,941.0042868976526
8.110578430686802,4.23697107706163,4.8400459868534025,1.6381977834328767,911.2622724097293
6.042514898188071,0.6706409410659362,5.7709882146872,3.8335674615487836,943.6160868779417
5.430572752816604,1.715489695660778,5.5291040671484115,1.0424500704226842,948.655143398237
6.559924163115053,-0.5234573625124699,4.9900854981617275,1.349844220146756,925.0524874571441
8.793590208574138,1.6990647070298668,6.751148913018902,1.9115886634336583,883.6078800355697
8.92968756806413,2.6427171526314837,7.396582922486307,0.7751943476989476,876.4806044737278
8.26962813014594,2.720639231357267,6.6665772055734,3.4322473317022775,902.2538763027885
8.587643680271995,2.077363730284097,6.058124013083395,2.1465216309674244,892.5904561607946
8.274267430672438,2.8892634247589757,6.261769726263774,1.3680409144801642,896.8415537193099
6.537777607165571,4.546054535942792,7.356415517826335,2.3582295611238093,932.3561104714889
8.14788381701091,3.7123046874375993,6.260319315759424,2.116844678638313,904.2808684678012
8.700614287841523,1.477479070590363,4.914814147400715,1.7562791326993228,892.680213441323
8.631436994720362,0.5488960135332615,5.892272526650548,1.0331878665428158,884.1410833905733
9.283370057211965,1.5938485834261964,6.126244266063318,0.8510304595767144,873.1649519560475
8.562455770801595,1.0530172343826518,4.50528272596408,3.7494407979545814,903.384595839676
8.027172311312373,2.4513475478646325,5.215069181356822,0.9178120919120023,903.4080439567356
9.105225357474641,0.8188064605705019,6.600391824055466,3.3583724154811003,881.4386017796951
7.46021811112641,1.9271775674096578,3.6765072649504136,1.3241926819072354,921.1570065407973
6.177188023158424,2.8380140545363104,4.249571454959406,2.632026054032258,949.7629916368483
7.255399554084354,1.899304127182823,5.323592946371672,2.3723464720646237,921.1290484843232
6.382646032790326,1.0536861772522035,5.853679595505705,2.5323349602371334,933.1332441576143
6.487232587538427,3.174814057585692,4.142367555051093,2.585611417792152,945.2616704356485
7.283221993926723,0.12101905524617274,5.373210748334059,0.7107475021299914,909.2382648052699
6.311370118500058,1.6722049441225368,6.653768539088567,1.4589232060206583,928.4711382096358
7.03805770554144,1.9583399766186653,5.568651457074283,0.9055616326258287,918.740355209668
5.0,2.0159086583996313,6.4390889436311305,2.1514408486780776,957.3959815261327
7.819940561059408,2.180496056078081,4.907885878664997,0.9413245343006189,908.0227474925589
7.501808213043336,2.610439819809493,4.690083143210819,0.41516225834142295,914.1950113197622
6.2743670533977145,1.964592560954649,6.348873830285047,1.8100181307651404,932.6989901874869
8.488868502648607,1.6319417178563194,5.86926553465619,0.23273675801004323,886.9438592472011
8.906355206439837,1.5924106553403043,4.314403992225541,2.2069905557767653,893.6426451922592
5.088660203446539,1.3884841979616454,4.699159083837211,0.9938963812978068,957.7809959267921
6.355912832150679,2.7875433243268652,7.0645812410574145,1.3275362015358176,928.3553990956656
6.346286475319053,1.3534715205234855,4.575444780530684,0.17566722147383973,931.8229209357411
6.090145348336703,2.8467711090082446,6.434328746725997,3.320081771046837,943.8068634310887
8.744212262897623,2.018999082259871,5.021813302766301,0.8296680904175369,889.4355927880993
7.209260791840794,1.4787451931438704,5.496824143232868,1.708799012361684,917.5399484205852
7.103227738034084,2.618407215744135,5.794592620943372,0.5666091260310031,917.0582504659409
5.0,1.2725460752768818,3.3990187895004014,1.3314657532953822,966.4080187811045
8.45312704531384,2.6381840407282127,4.037282664572701,3.4014574248193683,910.7224276608592
5.641112407719791,2.212726121191785,5.586333018787163,2.2379813882122783,950.3076573213264
7.589898945399493,1.4036753109080793,4.7756924362161195,1.4210952029515362,912.5336380595778
7.916065406937287,2.5286348153345592,6.4965812952746225,1.9726612162756292,903.6552712672683
9.540987893757976,2.546589725688639,3.893879119131875,1.5515527546507109,884.0178488541104
5.536769401321331,3.1575196058099575,6.065255056257987,1.9260635361379306,951.4970891784665
5.0,2.966147012409296,4.123778779595674,2.595094975226369,972.4637321473441
7.7757743171305425,2.4912740207262827,5.147895005855571,1.7351216080743685,911.5481928240065
10.200766772266281,0.8724090487912368,4.435622235762036,2.1759931791400837,866.8788105120824
9.358419529409156,4.448586988174057,7.402429880471198,2.1891963981186042,878.7774661068054
7.814489122911938,0.5963837889281898,4.160507837029964,1.7390834821618053,910.1474421964002
6.762545721551929,2.9492631742823088,5.377940304630976,1.4112592082639555,929.3975556735896
8.710683894955965,2.4312838168862987,3.773163851979848,1.5798533147164315,899.8064038219707
6.039680700443297,0.8258576275188854,7.09957012207059,2.5593482012280617,933.1838559934724
8.21453665403433,1.8756990611215008,5.901282416177205,2.6259333639803604,901.4803274942734
8.258205238749941,1.9212471137553595,5.636973089598668,1.089764534985223,896.3096612101397
9.09031486124832,3.3055827158105235,6.974312939291726,1.7912085324895932,881.0854599310474
11.639490058366617,1.2866890997197884,5.647422441422612,1.3976625047181321,832.7441376675354
8.08862395076815,1.7380549935756462,5.719571356141077,2.6399619437729127,904.3354195725676
6.736554561438751,-0.33606960502126304,5.631725288065152,1.6230375681760791,920.322628123342
7.461638531712008,3.7347627931235774,6.063634325443119,3.7607390540570944,924.1375611707533
5.0,0.9295317569799288,5.007558616078738,2.174317911917642,961.1067086695414
6.457930303366412,2.326910864239175,5.285712692636667,2.9455971633785776,939.4636350956199
6.886076342830344,1.898592170278136,6.310334628457446,1.1883113385573072,919.0035143355376
6.713867403098111,1.90199903321666,5.777372951557882,2.0093777192686924,927.748744495985
7.728532308050583,2.8098619848708752,5.385756085897874,2.492938478696179,915.0287793493736
6.266370101426699,3.671262460303635,4.099477608969288,1.17335980654256,945.7006659763417
9.181546000986707,2.2514936699419916,6.998050284536595,2.0162741694484616,877.1745178080384
7.500310597377296,2.655078017630526,4.838545890049229,2.841487225760429,922.6829846490714
7.486049518292078,2.328891536727041,6.487237238419257,1.7380399936612114,910.2669419650059
7.008157925230623,3.0175314239306266,5.675753651688085,1.3185979963418997,923.2901053295191
7.732786025788469,1.5370836205136729,4.20654947727013,3.4423675643780145,920.4137954917477
8.737647397001453,3.0753905544164137,6.752275477530615,1.062603758682961,885.324903074378
6.199304676433649,3.110499865647384,5.75454064639954,2.12471250270527,941.2265441477961
6.512825266387115,3.08253700868291,6.835345356737043,1.4333789293305546,927.7195420077073
7.044410956835003,1.339852132663524,5.317591299264081,1.2505326089139581,919.3473254165822
5.481193614790177,1.831662365762809,6.204051229967054,2.5933256661626074,950.6684700241591
6.271113210417753,2.239466988780435,3.7374728886549864,1.8355712706699696,945.7644833795738
6.785668689683011,0.6291579551709943,4.999784136406243,2.3247091723357585,927.650834953623
8.811583771069092,3.5949202080860148,4.227006667768729,0.1958834230998443,893.9174745674817
7.893841993502887,1.987723466497824,5.1252161499616085,2.4024958255696482,910.5353167661729
7.7903848670513165,2.2839278876047215,5.971811739506145,1.4235232705469334,905.7075822569938
8.776346943251959,1.422995560272797,4.895419912345854,0.49691843907338495,886.5249384696194
7.293942317400905,0.6731224406329772,6.363842093638782,3.5077916438297407,916.3778036853355
8.085697274893334,1.395970114525229,4.643387356449988,2.4808108211957016,907.8476523538649
7.3451673706012555,2.2192041876335886,6.385236613649979,2.1818219301436783,914.7064939169765
7.898043524099442,2.6734288127536936,6.809757165874036,2.9995350797918925,906.7581565148447
6.625862013582627,2.16179154060272,6.513526135090986,2.198055425110829,927.389234598884
5.0,2.3467240162419505,5.1558109481702274,1.361108791885115,961.3461638021361
7.298581256720544,1.6629736253186234,3.374546402055857,1.8600259116140982,926.8237406612816
9.63412220414991,2.496248566245428,6.082166996737348,1.457307029446358,871.6189661173481
8.889323103362388,3.482832866385907,5.374765285284696,1.5997176857402324,892.0439851890561
8.948096226886756,2.7047894424389867,4.521607059872647,0.9938370673126069,890.4933737863062
9.354196082709327,2.8095418882529404,4.94372093512959,1.2239835393597445,882.1254911478978
7.632986386442156,2.294016399306631,6.934425316444802,2.71566842613494,908.993967789995
7.795973561108394,0.4968449304003981,4.362659799389846,2.265660351042598,911.2329775579167
6.573522156848474,0.9553334693687567,5.968309175621211,1.5975895579747932,925.2982637511849
7.0258907159594255,2.454875800663843,5.717958175637404,1.1775745084294917,920.6696078216506
8.423656724656713,1.9890609480399142,5.142612335336768,1.6756824169536535,897.8998561981681
9.305826655753224,2.439842886472828,6.144532687313047,0.6529201576263448,874.2855718466135
7.290830586478501,3.676423417844074,7.132245258898866,2.101304479539482,916.009684637292
6.824716102722883,2.7260359992293335,5.204028496113802,2.7563771855940518,933.4309115506849
7.5007919382848955,3.2588862057428214,5.256819051922899,3.893578128047219,926.3274645068176
8.401810123393672,2.09468138947073,6.1220649049902,1.1173930219487054,891.9695930149459
5.334217775799687,1.19278432251556,6.418242821435001,2.723041956760487,951.1063045894205
5.0,1.942133840785659,5.372292792851365,1.4342308434416995,959.4827306666363
6.674194725762625,1.1952481862808622,5.194626263906351,1.09723496795919,925.8314224941823
5.668931361128762,3.558294956772448,3.2823534792802396,1.0968814969152185,960.0129751022716
6.7377897035290335,2.7903910765354696,4.721991087633446,2.1125885811415737,935.073873582245
7.278329521773792,2.5205124966282795,4.36068832793245,1.2553651010453843,922.7580582116033
6.8201273864654794,3.2359432022281034,6.184624996311891,1.514523382965212,925.7594328977389
9.678701301706118,-0.020056414523225374,5.256097051399158,1.6476789354101904,868.3187127424661
7.99011714690348,2.5881379513426594,5.216978394461072,1.4080257280808715,906.2936321260581
7.950711539416242,0.6893542156956274,5.490943736377019,1.3499323578406832,900.2389236256629
8.433310716065103,1.992744301534339,4.6298235298746,0.05667218998521961,894.092318415298
5.791750323328847,1.6882924075327854,7.053247186688754,2.0695626320894953,938.5949533763702
9.058667681130403,2.6617366120969477,6.798193911696611,2.0541371916467615,881.6748149422617
7.38635357019681,2.2281872889609553,7.118106783047688,1.3621241202115906,907.5083713165558
8.50572092586182,3.345117173611788,6.1834172312388915,2.2883074163106967,897.5960811567619
5.8922141504397665,1.3981028390673864,5.470521884978063,3.117526025652549,947.1747937730978
5.169361850975903,2.709114389633284,7.114729303006885,2.018863866267427,952.544981042458
8.726834487037543,2.162223216898832,4.8190331640870205,3.064206223324982,899.4138242540138
8.064614289146276,0.3647097299284474,4.628791020966988,3.790505536341696,910.3025167160743
6.146922668463734,1.0813835414769675,4.898488485230141,4.024419751296219,947.587168465797
6.195505378087958,1.8501219664778317,6.022871266914298,1.049411130791999,932.5328982694319
9.188152176622154,3.1122924498917275,4.737894806612327,1.0535495948650637,886.3816590921766
5.7158821606990085,2.4637230575571145,5.344627011782001,1.644456002619431,948.5332398665407
9.964009429883944,0.8324991761192857,3.8981447061152235,2.1029721610078727,873.3987808610449
6.149068898028197,1.8596837719528403,5.981097665428244,3.2693215998748646,941.875608427717
8.457587888412574,4.01780644879303,3.9828966328168907,2.501792976872764,911.3947457990269
7.007072286376523,2.111223334840858,4.567838945134638,1.037370296262,924.8873349848212
8.404781146623515,1.6726744249276042,6.717167134896644,1.5106740732205373,889.4327126934617
6.683828996828711,2.4917396407562205,6.68031831698611,1.9663998336275885,925.594261463805
7.255810640891559,2.76339307958197,5.874313089546498,0.8086720174836037,915.1544928100984
7.561378763093582,1.543831652519941,5.77566358173523,2.0109347660327317,910.999486991563
5.996718816327791,2.5025747743714373,4.969040352845741,1.0492515271526037,942.9503916770744
8.61123651813019,1.6711105033291909,4.727096336257799,0.6794230931541023,891.7498550100014
6.730179650292622,2.7193276018294386,5.13775830224262,1.2424117764243086,929.8467782165317
7.157100126989972,2.1696931579712837,3.9863458255376822,2.3288168439138683,929.7680721193357
6.008475938087232,2.481967827052892,5.752448554953664,2.323292568789215,943.7708003644163
5.0,1.2408164538324957,5.54883112480841,2.077323133349952,959.0974552318954
7.213458356099746,1.1787136159271407,4.566578733289733,2.793290928432702,924.9847367089538
11.118923132419374,2.9454973046593946,7.068681918841357,2.7084665873707476,845.3220919994063
8.676906431847035,1.9206036186145063,6.106913710287048,2.163505073656222,890.329114584746
7.471109430398408,2.2850347420993615,6.191841804008856,2.0531054800205637,912.9680995220822
7.105663756187599,1.6936045729134803,5.012660073960834,2.1036373641760773,923.7864725441565
7.5336988392180695,2.898726774013644,5.4986699219736765,1.8818838560503344,916.1024420973716
8.320678672762815,1.3921900199703423,6.127372670187422,0.2605258186978592,888.3064599715134
5.728780777036732,1.8643987600991172,5.652782367100236,2.9083878758558557,949.890114978961
9.171482542003307,2.7859928127031317,7.101900784769872,2.3180182655149415,879.4925339647159
8.573071973161866,3.172967699164266,5.296212430583249,1.026938043338351,895.2962628988641
8.577278588561901,1.4762407089733167,4.995439467763889,3.14225329541795,899.7517185646368
8.157713608214591,3.959683981955883,6.134252876471426,1.5280161054297834,903.1839892334722
7.529424986540985,2.3132416936936164,4.235352727713488,1.9137847978731022,920.5415288399631
8.50929185395023,0.9570717381912623,6.4242969323081125,2.818860476454603,891.7205819032578
8.387721200612066,2.369052048589968,4.199288199408017,2.176111486711671,905.8764854875017
6.968938933588464,1.6170007855165422,6.13858466605855,3.068300673532719,924.4688278352152
6.639597340654649,2.434068487183177,4.851726445827337,1.7183188007657682,933.8361585088162
7.65278444289298,1.957143752339662,5.976584146983393,3.3529385690242686,914.5104556245158
9.823530227242781,2.074273690190145,6.407342946061018,1.3777576801339821,865.1106752398294
5.641339386519149,1.088406623413854,5.653421195503919,3.0540978634476943,949.8905773830006
5.29871210137134,2.99006123071636,4.30037904835932,0.18791262488048188,957.1984981378764
7.747141261854775,0.8438726328489679,4.603224755492848,1.11984635893268,907.7284105173376
7.576331552784027,0.8912351045950049,4.771340858966218,2.238372910791455,914.4167912939885
7.760012496555612,2.3673603491474866,3.604993106402226,1.679643659085514,918.4637594052149
7.86592979686275,3.60284424717797,6.627477858731929,1.9402011040779494,906.8554172920459
7.165196618047792,1.6474069029355927,5.610107585756329,2.033320736128569,919.5105610281327
9.734795157903124,2.700972322703966,4.364481954811005,1.0472779134983563,876.7795555916887
5.098644032285227,3.073340176863545,6.955674857458357,1.1072563081019462,952.2249454719018
6.257254462829631,2.814684437294069,4.798671899861837,2.1856976390467366,943.9950074543157
7.345117859776429,1.6887917108263186,5.750572489074871,1.4669336385425762,913.5193677425441
5.0352167832687496,0.9089532828059255,4.674729454803798,3.0728270871689345,965.2843722896605
7.236218393351893,-0.20754756567135502,3.481739846670972,1.8464422756537722,922.2159551538438
9.992205248592027,1.7371595005376068,4.1355594411487395,2.5750009944854644,876.0503096808325
7.531329732443942,3.1780873685621747,5.051509569133569,2.3542813354456857,920.762537806218
7.846051358578025,0.8758340152380659,6.398296871206048,1.5190711542618511,899.1158858757088
5.6097528522411295,2.7002098475187655,5.846533146819246,0.415736970438102,944.2623448202125
6.575457887940784,1.0498474699481277,5.640205126171245,2.947953094096838,932.0749893988008
6.937205429514094,2.1060725763868384,3.489972377255118,1.2168727386422857,931.8523165326701
7.023427354865649,2.707791614155018,6.770086147680095,1.6769935556170044,918.3865052431743
9.422465692505654,1.3405045631615722,5.723679696495556,1.8793260467467408,875.5681281558092
8.336536591087686,2.170484680696914,5.38058233010784,1.9591907455170552,899.9745534032354
5.832813064594452,1.5849086632746712,6.6324231099888955,2.769566930031215,942.1035936873473
7.869757167648007,2.705148658938177,6.747496723568274,2.0046592463386217,903.9613540719718
8.247332622745178,2.235317168484637,6.654590247609191,1.8981167277925355,895.6632976930173
9.2102235577819,2.0565076744292674,5.252913503296712,2.8147647652360104,887.1823753732626
9.870811029852561,3.5583499601419777,4.496523439215805,2.480521897509428,881.3594186999201
5.977358712258197,2.662306142368302,6.488922917142073,1.411543643215476,938.036412877256
6.283713733184493,1.309648133873711,4.134945556929583,1.0822756980169337,938.2854116131765
5.613633211628075,1.914136099202238,7.447256738664282,1.3410401798400644,937.9957876147082
7.1489702113395275,1.9241012149203391,5.527999545194563,1.9606241998494283,920.6957205969977
8.199537561669501,2.080319572625212,4.439115744300416,1.0031569798636624,903.0925487146675
8.981001774883653,4.524509276607494,4.268131445843389,2.0726024377299743,900.1500177140827
7.386073464536216,2.3708518927109967,4.222395175943941,1.8966413521677272,923.3650786022147
7.020228715117734,-0.03590257010477593,5.640362906720843,0.0,909.8058902119659
7.727636988373111,1.457201028283035,5.4936076799402125,0.875059850986164,904.7514898191164
6.247285647554966,0.06762791250419142,4.264077826490807,0.0,930.871206938182
10.63430808254216,1.6702017429541602,5.143544213444098,1.7248775511645524,856.070796425375
5.088508459322912,0.012689770273571543,4.132064613908658,2.8592109162768002,963.5213112695316
7.777110868343587,1.1284095289315719,6.089301805944173,0.4874736356575964,898.7021489615342
10.535409328844459,0.4792784703658801,5.445406733887286,0.9421705441653085,850.272306527533
7.510199766839997,2.3841601779674777,5.121597494082552,1.8690097061814548,916.8093789928165
7.2149414474977585,2.0005393626288788,4.211889269932473,1.148997576917258,922.7825797792225
6.963831865784359,2.3029623074987313,5.199844399777235,1.1450617863465664,923.6883455205775
7.229412477356388,1.8954486114314737,5.085272118653673,2.4332752849385275,922.9364982552968
9.559272712014796,0.6057022497955822,5.817726701209597,1.6040836443416633,869.5121988297808
5.0,2.513521369254735,5.66701797811696,0.8106200900816147,957.3865977570805
9.800150551944489,3.922224560269453,6.2920601020793425,0.32982728795431937,867.3390842935055
5.364064271324782,2.409212578606547,5.015423456494938,3.7667262160509853,964.3506100986796
7.100021506148378,1.574075400682434,3.639588497803506,2.902647243650137,932.9150315851363
6.8561333695520075,0.5719328238945549,6.4910928765980405,1.6386933231503866,916.693969190937
8.382829904656079,1.0919330292400347,4.563967486951819,2.0702864093311497,900.3148735533625
5.102813472174379,2.453039656572059,4.3930829469847446,1.6091751503224094,964.199945915113
8.193258999122914,3.073118026799375,5.456883454886248,2.408365384633001,906.4739930766978
10.536464434930279,2.260866174721976,5.802270512954517,1.3166285058256955,854.9568782942042
5.455238993110784,2.7998872897059837,4.969163594285317,1.5654614268185414,955.7711460607575
7.784559251415594,2.707678244027243,4.9613073185318735,2.364320672155597,915.1968140937516
6.507026733305087,2.5065343913859177,5.108973682234445,3.163087283557126,940.6824907849344
8.138830809289553,1.341526404738744,6.916540350993143,2.5931320757296836,896.5551443060317
7.528721666123628,2.1739235119751523,5.497321912441867,2.987131102072742,918.2906044153672
6.537769636433536,1.1516221961178617,4.532037160538204,1.7500661299910567,933.7567838965691
8.23180842730661,2.017428952958102,4.542216643097033,1.5015916740984454,903.6916036680951
10.206522164680115,2.330863531066912,5.2491158204176305,0.4492950887344609,860.6347861537768
7.213644312409052,3.678783807386855,5.737857934028007,2.057758685873027,923.7738455300183
8.579636913222274,0.6902680256323679,5.9839801619661905,2.3032376250851523,889.7971374177539
5.5600905631932545,2.4815076309913056,5.624158603847215,1.7599956834182353,950.6105682494975
6.065345434772987,3.4812365916235946,4.658126649082911,1.3786389391202123,947.0754729391439
8.208609416820567,2.758847765838796,5.0760587004392175,2.9947227518745057,909.2637457937585
9.726174042803947,2.8329454428250416,6.233907881864624,2.505443421757323,874.0396584675952
8.03342002317849,2.5876949018678124,4.353908039546905,3.0502603604152094,915.6093525019428
7.030412954215269,3.2983344897754168,5.034246606922538,1.2371367239870366,926.3395741691114
7.498937108135031,0.912521831887632,6.097462857881353,1.4334126987615814,906.7547986498997
5.624388399045424,0.6140733340297535,6.375281426635176,2.962541794601277,945.1852372217614
8.40677298953305,1.993665859534744,5.307084628908617,1.9621223361953672,898.5275017090089
8.823499593485113,-0.1611621035717099,5.088793189429184,1.5447167106571562,884.2267231250107
6.8218645007503795,3.2306458041780113,4.17788205855626,1.6003879809897281,935.3631137966948
6.794936778360748,3.2207151954954414,6.025639922727095,1.991135579092557,928.6977700314657
7.898817344478073,1.5666494449154738,6.818779685146789,2.802361452668328,902.8804084120156
6.8449203959391065,1.6292294033394903,8.065154058599692,1.8715897183267292,913.3993780505366
7.400801078061266,1.9276525248493286,5.886446183518046,2.632426264142222,916.8539014416402
10.649582683749774,2.0520206504396197,5.449120348356019,2.3739022214768384,857.8454063410192
7.129461448881005,2.1271739191942856,4.580189386849093,1.297328767855221,923.5650146529385
6.962489771968166,2.558232106878303,3.6211430862568506,1.2966965056103015,932.3305534693585
6.528687291547262,1.8273736469915218,5.676959249739833,1.6397867264548174,930.0769349634489
8.616287957249906,2.943193303477794,7.8503391201543025,0.9305298762701855,881.6160475428624
7.228163740172845,2.445947777125303,6.770812229656913,1.5886889153604857,913.515994628201
6.525940442517861,1.3930365541273644,6.616564269113798,3.2107467333851076,930.3910337519965
9.481956048409518,3.3351126678040974,5.745602817057915,1.974887731338104,880.2801111040147
9.629404506770456,0.6417430138775131,5.859523160280322,1.3868378671300372,867.3057933532081
6.599364651391943,1.9078341891785235,3.0762526817220226,3.5325957214563823,948.1213559857283
5.0,2.966917401075468,6.262510580763997,1.2555061442190367,957.5375082049428
9.011270534755383,1.2769268950878554,4.920659430424184,1.2304936265556896,884.3593640301597
6.473055261359994,2.3095556467671514,4.798272653404113,2.9835885454453592,941.5418139439121
8.685938398744153,2.543339596999048,5.176743046951392,2.529054447680256,897.5836906360327
5.0,1.139476132018761,5.142995510548985,1.895952917978891,960.027154139161
8.838896007448964,1.9275222804059648,4.782364408028338,2.665527119991329,895.3620878128178
5.683242106078828,1.84349616979079,5.513872072175976,2.2404800009833337,948.8401316086897
8.596146178599787,1.4482621481677072,4.941722403791947,1.0510460674089392,891.7932146645605
7.521409601754651,4.301674852050775,5.6003229557561465,0.08193223438855513,913.0767404122445
6.069090870905033,1.2368936465545244,4.012822185449967,1.5461238786341678,944.3678007412302
6.889445530609829,3.0049302940678833,5.285942229367983,2.8679398687186235,933.0391735961788
8.529477685435051,1.607198983118858,4.403704410313749,1.6572239293227078,898.2334477229311
7.658841679672851,0.9133638111147182,4.858550681502134,2.3680777586793953,913.0208183843974
8.376619470708727,2.102814243155069,5.6433988430335305,2.1475883587560536,898.5189536576869
10.464660876773229,2.6490933843875006,3.8960023852450423,0.6451997643084804,863.7420102662971
5.153637582433423,2.9205095750656787,4.677592622727863,1.6748834450349468,963.480323401017
9.925818862452935,3.562265110655069,6.068964384836334,2.2871034643572625,872.3158293150232
7.656533906284819,4.9452462899351,4.086822158134199,1.3702829955965066,924.1894362003163
6.1518239275153075,2.250514203755597,7.277867140278808,1.7099694743776386,931.0840138190816
5.504529561391515,1.3369078261746121,6.704407956130646,2.3133976736776893,945.4860653432183
7.21631941383445,2.452874326794891,5.0054729155477204,2.0581039993143837,923.7106760945895
8.882475167886689,1.7337870495935084,4.712790312214937,2.837527792739772,894.974356182866
7.308676319433698,2.9259661298522297,5.701939903335482,2.3069367305307833,920.9998500478855
9.766732395371022,0.7028357036342783,4.052537742972841,1.2353200012783865,872.7607789591705
5.323236464922662,4.368334542400437,3.497857275167567,1.6179626288563713,969.6392397755523
7.481866578230918,2.8560480947755127,5.040664875947433,2.0162370273810217,919.5769658980305
5.621409833380321,0.3159959822038354,5.365951233497809,3.070732061211233,949.5048559214156
8.045447823937451,1.290971097685028,5.59442722435353,1.6211794957741552,900.6831809683406
8.83033108514595,2.816081044113939,4.885259383882116,0.6139449580815775,889.8901270383749
6.86885730947842,3.1763440561714544,6.773946729474948,2.352453522792951,925.063528773151
5.0,0.7277623727680367,4.004860341516117,1.395521401324801,962.3091960449011
7.798422220194742,2.713025850432949,4.361737865041901,0.9717589443400252,912.5615510275858
8.155107827600265,0.05266012733807668,5.986635956144811,2.015042410260671,894.8300167320047
8.106442132442547,1.9106641345289541,4.338352614362859,2.7782941134466426,911.4228437171386
9.353673287733232,3.112046842103206,4.2996795478026835,1.540895568271185,887.1529091543161
5.893419480526427,1.4484842698970195,5.623354792207164,2.397259109746104,943.9028728797134
8.520324158175674,0.49307770086198643,4.4464773796839685,2.545530930433946,898.4009126890212
9.288761268716963,2.146214796377559,5.3669155720793125,2.633437194933303,884.767208638741
5.0,1.3952811333645219,4.800143440342243,1.4141821523051186,960.5429249710706
7.979477738878466,2.6295583660658357,4.63833629662726,1.1031343536532918,908.1635779144577
6.743730253488493,1.1146735677819395,3.3976946086550597,1.212197516033124,933.0966513686229
7.377715990347531,1.2273631103468996,5.639563152821338,2.632779737697976,916.478797621021
8.021514725307505,-0.02100232087624354,4.252810007887071,2.5339145237366494,907.1018251256611
6.7691571538296715,2.1699447110514827,5.33175779646948,1.234279519439732,926.6566687413344
6.486437881257582,1.8390950617234012,4.987895101651435,3.706115221074909,941.7863670305369
7.551228626232037,0.8116153292599291,5.2934919413001165,1.1389088267302676,908.1435576291103
5.869131091705796,2.193798713767092,5.350324625986739,2.799571267760581,949.2002557109133
5.871262306672222,3.027070300644139,5.693628250918263,3.215732351364169,951.4372002149986
8.519059924434755,1.78443205658105,4.772240698508558,2.0878060847946913,898.8097702307462
5.776808947262015,2.268166949821974,6.742696479273368,1.3842209251353352,939.3853025838121
8.499468751363818,2.273311249585164,3.652599939144423,1.4016975780413228,903.1921448842678
8.193886939280926,0.7956701728210396,5.273408881472771,1.7903278397097009,898.6622909764171
5.0,4.056585820707596,6.336230976410867,2.8646966224544266,966.2210718349942
6.483653021496517,1.5291501698777161,5.976772553002604,1.0400993498401219,926.4575599840667
9.29116410457106,2.6561162018602706,4.525164423471403,0.5289871740697796,882.230729576566
6.028251703290477,2.7692152772290495,4.691754507011976,2.289643992455443,949.0114461365947
6.803393606535918,1.8604048728842482,4.493207440673396,2.465290201007264,933.6348734623947
8.193091339877844,2.606795025059635,6.099227630664389,3.5743755574394145,906.5267277892737
8.675085763923892,2.2458192218163893,4.7600762714844915,0.8941448197866155,892.8111044870866
7.122691670933256,0.582360242772594,5.75512308812345,1.8921547104302092,916.1302131610033
6.603734707962538,1.6677272987499117,5.764301414075955,2.929469945696382,932.6271202179464
9.633554792547761,1.3874490976459382,7.868393468235372,2.0966897340821853,862.608520024535
10.108349495696368,1.538254958653873,5.813251259801704,1.8436486487507806,862.8131853299668
8.968287076172693,0.6959968221633621,4.688855985249536,2.6319243975436333,889.8292699444756
7.627977213847536,3.12643371674603,4.039849737933601,1.5204888286347216,920.4232910532872
6.28760141753861,3.601992654613413,5.224147285362254,2.681128673563319,945.4916869288743
6.2543333901651526,2.978002975998409,5.380914157572682,0.9971494462477797,937.3761723532924
8.283771157898636,3.270529224147143,3.2893004726094444,0.7844546373736825,909.3795570518521
8.127597331333025,1.6553651629918438,4.786145839706987,1.7811295848701356,904.5253823430323
9.602397889419644,1.3637431650139635,5.797352542827553,0.0,864.9525533630355
8.475675138804208,1.2214129531882885,4.967644329733825,2.0677597093703226,897.0627045432324
5.2453795473602725,2.644064922957223,6.468623785705837,0.6139509258362308,948.7276783947282
9.077921426584378,2.2270630531441498,3.94164355527948,2.2259364164531013,894.0260083209587
6.002909059028381,1.9227782884015743,6.176882820153216,2.1483675504935564,939.6898651008362
6.924043092071472,3.295148544195343,6.413889741525953,1.945630091068146,924.5294195664534
7.8753003093775416,2.4049413538153432,6.456496475841536,2.3491269340304735,905.6552442046527
10.493501234675946,1.1613423624794152,3.9341436153456213,2.1633579748912695,864.5249460815834
12.164877834008042,1.3190911708643052,5.814552795857384,1.7655995173349828,823.6538963579111
8.410084588704274,2.6819932992541453,4.831245881478485,3.464805584381706,908.1889713800446
7.225205071919418,3.0417328526545973,4.093857558017099,2.314648554841954,930.3816753004377
8.301758472720826,2.5516802322559693,5.086132275026292,2.617526469848702,905.5031636443516
8.831483138810754,3.8968887478720813,4.595022008099191,2.858463795178074,902.5833662050843
7.018998561664213,3.6350071657314187,6.420750468163869,2.534519503233672,925.8702196205035
10.192817033868483,2.441035834850763,6.013063343013569,3.650266335139844,869.552339370987
7.845106138787103,1.1614193405184978,4.347555531891132,2.1328055078569568,911.7492890445405
8.24661463363709,0.6900124882682324,4.775778686169071,1.994430923331151,900.4600148007241
8.498886378081693,1.6126182549852852,5.119302574383377,1.4803423297547078,894.8320347948943
8.132379915921684,2.753213446416157,5.427594852682103,1.7949808507520144,904.5682117791835
8.758410750704417,3.826647079311938,6.50637827480378,1.4150203447590703,889.4891220928442
6.574120220179616,2.4174470344107997,6.190782326480633,2.5417695304012318,931.8442859656228
6.662547369080954,3.1687227942312366,5.55139196897484,1.2701470021450891,930.5383297232461
5.849768650542458,1.7546925138121976,5.239351150105078,2.059033735918502,946.0965178630745
8.15925184593034,2.62276912522755,3.726645965392528,2.4476375474419,914.0417494624892
8.66840475526817,2.8233568294771727,6.791997626126056,2.120259109276177,889.6594120312745
8.186659299227829,0.02040572414747177,5.052903402134342,1.2832680995440584,895.772825515113
10.011738650021305,1.5865611976234897,7.054840240426257,2.5591559312047876,861.6332197970729
7.49160597175643,2.94970038427787,5.696109292131835,1.9317282331712422,916.2949138164497
8.503112483388769,2.274468335636565,7.525284208621445,0.0,879.9053028953052
5.862448685791028,0.803484951849067,6.106321533366316,1.2133186475332907,936.0293276986163
6.919350446288399,-0.43012237572735623,4.067980368779121,3.1209057891221867,929.5037010914681
8.543306636348666,1.6342192546979937,4.885584519738788,3.1874574732117473,901.5033420680845
8.773653166114716,1.928414307106121,5.330865039328035,2.4208889680521586,893.117511555371
7.059049578503727,1.1160770501716546,4.626217112891676,2.6272551815666643,926.7870125102913
7.392601122212899,2.1430849370279943,5.122939182817956,1.377364814993708,916.4889560128213
5.223189379978786,2.5063867472328947,4.13306084141789,1.7918844650087529,963.9985738544137
6.964456198790086,2.6706871707262327,5.505721281099122,2.98829328036771,930.1371789546876
8.83557474527968,-0.35591892493232224,5.73741194901094,2.3407321940496595,883.4038541362006
8.36280752415985,0.6857149021918798,4.495890592793881,2.0519587071096415,899.8023197616985
8.250998582071814,1.6953773516452644,7.440254293481912,1.8505531656855847,890.2584044962141
7.57466053077144,2.5721731310374634,5.563513261280459,2.939577600987766,918.062569173966
7.510594737942265,2.4892340135500355,4.683259133877088,2.897625722840117,922.9599134885153
6.5095182907898295,2.4718699478766757,3.8704607000347826,2.5197374006150093,943.9052578210112
8.548242630303802,1.6165820580310681,5.559942889397169,2.053020052866049,894.0064511792209
8.131459416584084,1.6723665626900392,5.239511467186647,1.7145948113865697,902.1453219373814
8.238028271989199,1.2716707315782592,6.283040907286443,2.5544109757477704,897.316904093004
6.710947735998629,2.768194128105848,5.356629735028032,1.1184721240204156,928.8620217613163
5.0,1.0795112122604218,4.306281217731273,1.2843441219307663,961.4753887533386
9.145729067630544,2.8500363951895697,7.170718296177581,0.8391269113720485,874.328752917729
6.781743815987394,2.207853238137646,5.935624879507186,2.9881838223945003,930.2448636866376
6.205836353935319,1.9549555215448464,5.2458912884016415,1.423466700696524,937.6376713574366
8.54021836787099,1.3432896002235335,5.6646385314497385,2.3232062294013,893.9114743443548
6.911981040121305,0.6444581388358737,5.974041956561658,1.899553983432378,919.2322365814525
9.089904576069934,1.3523472436219544,4.071143386106565,4.318031192097548,898.5430829840119
8.425508924365046,1.6699931313751137,5.65769421996281,2.353524363228669,897.1016473517303
8.525353984800716,-0.3690243115812515,5.049876526706108,0.510287392603725,885.5251813046974
5.451066433199198,1.8026448446653358,6.007299985629752,2.9403486052772667,953.3536953375642
9.3179159780796,2.9243573680260058,4.759818075393722,1.6902792291154527,885.7104045462406
7.891875796850784,2.5672179054338726,4.895298144902918,1.8392577584407568,911.162550622337
6.9460842911306955,1.5037941242584925,7.162871098564057,1.4619901895919654,913.8396706886094
7.715082701013377,2.0469362984152277,6.7309120908821365,2.1564900149107697,905.6438156665959
5.0,1.4438354305780003,3.0,2.146010510139857,971.7714599490329
8.112979217221007,2.148760733335696,6.656761982464312,1.4836182578810972,896.3687457065545
5.955942737726893,3.5401078237440315,5.426347973742243,1.593484383610857,946.5016097356565
5.470994571234698,2.968498802624876,4.791817937100988,2.0810289064706535,958.6910867589093
5.216461220673163,2.520794305692753,4.49282526429235,0.12581481079195012,956.2932310255486
9.169032562484889,1.5071150876162818,4.550882371720012,0.8468020235970384,882.3593459315134
6.556104909460817,2.7499383929448387,4.820064055241585,3.335993676878415,942.4353754214592
9.800591564874749,0.31312304862694695,4.372867416318156,2.2622567554561934,873.3743718434164
6.696297805421553,1.7476465180091094,4.145400338927358,1.5800728106073765,933.6365538838519
5.0,2.58371141982395,4.459619849156089,0.6431337347705317,962.5737800560794
5.825213340077012,2.7404212140477515,5.823393855065687,1.9549470680428183,946.2004287288247
9.353717430010407,2.669884490215741,5.550090148570797,2.7881536734248846,884.7438460037947
7.266152733094999,2.2948306892096944,6.055856451551856,4.111364883719952,925.0966816550501
6.677569055264098,1.8042750209161171,5.433630160789946,3.513645139996558,935.3455225535577
7.740027338779181,2.5379759698264888,4.1933206693552085,1.2904495838971717,915.1279757941189
8.252674104251318,1.0471389594136995,5.994440923493606,1.6033603748925676,894.2221296580448
9.17609822385369,1.1553227367067502,4.495310721125085,0.8228006158106622,881.4155469093172
9.67274884483939,2.0617346764602966,6.146614301988934,1.3266759467008389,868.9025892507901
6.960347031316371,2.1731976427087476,4.334079997043039,1.8297254695001985,929.9638734009635
5.510928470876943,0.1743848214353536,4.812523373596474,1.7062904026990848,948.6624307043105
6.879802258315086,2.4551463809495186,5.1386083594320855,3.643653845263545,935.2553998312097
7.8904207598743294,2.7727283779193934,6.174404801056949,0.9477144460190277,902.4986014550085
6.054361610684084,1.9227147625337047,5.675997252127395,1.9639244406496823,940.3756599255694
6.064273627657435,4.374466283283992,5.520001322150924,0.34923219016268514,941.7504090553375
8.015681822324828,1.317064893684814,7.385668785055305,2.264712624390187,895.3743002703632
7.4270214726443236,1.6389128366131305,3.6630168387748547,0.92663572745924,919.5540240288116
7.54919549311738,1.6049330938727906,4.461622357299449,2.8821010467062336,920.7475990922266
6.3622569979498955,1.9238123887089824,4.4188115219610085,1.7671792855877668,939.7658897678978
7.154398928691349,1.671275187033709,3.7293476900777254,0.8784125853736857,924.2272657568936
6.1136502835975435,0.5931894553951282,4.780480487113973,0.3178385971536335,933.6042286219696
8.83529761668718,1.4534517037635246,6.187769163796706,1.2170900091122627,882.1830428053617
9.052874002085629,1.9023793042259238,4.908352601484248,2.1915047125942704,888.9627397539466
5.0,3.2285720820619974,5.16699702801369,2.3372109177251694,967.385604542627
6.1057337097113855,4.202243273372913,3.7774451721197178,1.601249615061381,953.2591402497503
5.255206117364882,3.3354738978506546,4.703474424839653,2.740637634746375,966.5931543177687
6.524964098389653,1.2246209703273936,5.038301284412416,1.0914056856839434,929.3942884553924
7.374843045314459,1.3041903893738345,6.142400422547114,0.0,904.61444857866
5.325532170452204,1.840671422490649,3.825083602081779,2.2260429205939993,963.2848158132672
6.1172102803120305,3.784558888853586,5.0449912542788615,3.032076650146707,951.3089238922468
5.994063941877752,1.8345759478181065,6.5868180300688906,3.0394669389261946,941.0169907484714
7.810900994098416,0.6724925094625693,5.054916714376736,0.9601526075077322,903.369900589247
7.604016505554376,1.4988228630469649,3.384438585881321,1.5642454501427534,919.5383624347726
6.41739366999412,2.757056001819417,6.7791757773481915,2.579056012592406,933.1095849853602
7.765231308209097,2.689940276896087,6.234896942538333,1.4983151136329833,906.3630924797623
6.679979873119102,1.799783333508344,6.369397175078791,2.0843078884867947,925.6196983415274
7.09251733451092,2.683414673560031,3.7562163532546062,1.4268480833517743,930.1173733447639
10.010178135447806,-0.27317220254683194,7.012455725847214,1.128488994030901,851.3485961681706
9.510691577685522,2.1038292350326975,4.726723914888802,1.2829010788745943,878.473946029971
5.550628144608604,2.86068542136863,4.990561055779769,2.7645801543609854,958.5277581007455
8.744598626818762,1.1671367248454647,4.7972228340079965,2.011026211704699,892.4907083328942
8.717094831737388,1.1636614635037121,6.4469371819552075,3.017505310724446,889.0655134726632
5.777605066871073,0.1335518472365247,5.320201647494704,2.416336555963536,943.868989737322
8.728166465632292,3.5898955948106943,5.9817410325876255,3.285172185184754,898.787657176116
9.80689787761883,1.2798460229784334,5.575901022884368,2.654454554366989,871.8191010662324
5.816182790633379,2.241043277862112,5.404957996307079,2.607472664197364,949.3482544674408
6.123745768478605,2.6039170414833746,4.553215936253804,1.9036096810914545,945.9822311621166
9.026492200265254,3.512067949141453,7.312140587307765,4.40736526119732,891.0098596938439
7.9072429662384724,1.8461022260143647,4.036606371494771,2.0901585759156274,913.7910763135
8.327214412859284,1.4605702062215813,5.912253974034685,0.4212613046992957,889.9739138703956
8.010883824600745,2.1730676485705533,5.876656592107279,2.2144268316911733,904.6816342625303
8.086043881392216,3.284080276542287,6.654356286152425,1.2141662054100557,899.0461093311744
5.510291807533376,1.8298274685992162,6.888090032379278,2.8136172172812923,947.7608284149937
9.070976559932173,1.0451309184159236,5.362611400583225,2.5806534065447506,885.5696389072765
9.254384988641661,0.45924219168463765,6.0303943059247525,1.8467890800538789,874.6884467813155
7.155913883897958,0.7787026153947747,7.264873710452509,1.2896855892454713,906.7985496948384
7.434784575279206,2.8643914974066647,5.434823233077748,2.1171405813766433,919.018494106481
5.203338746166416,1.6793755236931884,4.4335665249348235,1.487012953714356,959.5289608792791
8.271382134026751,1.3924790900792896,5.115531887300579,2.630243194227069,902.7445903750006
8.358086162571215,1.2840327768160575,4.195354001385533,2.4448125714064366,904.4183554826814
7.406713474501034,2.085045860200182,5.871816810994723,4.348773273994748,923.6358957323744
9.186530039805755,1.7605449062344163,6.564456208140635,1.6439083690792602,876.3430793131279
6.998884153530089,1.7268678562807476,5.378958507932461,1.7572594972122846,922.8735643311073
8.3469088888404,3.3493239278107394,3.8790399505463595,1.8761794608505815,909.7439602504841
5.970503491961827,3.5380162818616334,6.521650835057677,1.911211572583135,942.3137311428951
7.464671773688643,0.38997832709100355,3.7237010384342213,2.821663150369184,922.1365216326294
7.238468613145746,2.327592731142958,3.954045222076959,1.778923483950294,926.7997525930152
7.837961883061412,1.2231379013786077,5.321661612505281,3.5779053729147963,912.9005452089975
6.945709606749962,1.7517488861389063,5.751785245675499,2.4658200877805614,924.834230040931
7.302791106492498,2.3092783851266945,5.922247498758354,1.6114111616095803,915.7769707657043
8.73907075716226,1.7872800830690807,5.433860447953527,1.407003452015463,889.1163971070583
6.844853644142674,2.2304598806276332,7.260043765134857,2.8326977547267655,922.3971374256039
5.090134348891981,2.6729702060319176,5.565168341083202,2.0228161215094485,961.1379311714163
10.12437585630813,2.29457680054032,6.534668101752936,2.0072480430054043,861.8792343930053
9.57218111803573,1.3531636958323765,6.286954564094698,1.5212158188607048,868.8673420390293
5.5616059573415715,1.3708003930296762,4.20712626779547,1.9508434552635938,954.7826627983311
8.534561707867791,0.5602947033819645,5.330269512714478,1.4888361193577824,890.2830915859834
6.745537844172985,1.1460797024792817,7.623320513281019,3.0893691649807984,920.4845713752716
7.89523082299659,3.9620683618985284,4.995649146059742,2.573648121804318,917.2570799058947
7.9413361935202404,1.2079964259047555,4.8253794756433095,1.8601849285593808,906.8533302012974
7.148388299525517,0.8066211875561802,5.6705755814770225,1.8484255335578155,916.5084172730741
6.324351501620406,2.319927861844773,5.031480070739948,2.073739334591374,939.8675888001465
6.464188421525611,1.8896352407081403,4.706295420497762,1.9955678089022937,937.2874162250013
6.1257121267781365,1.8044067631507745,5.016716605702413,1.2344510565526658,939.070475024977
6.252266687654333,3.40904596641209,6.9320096713686254,0.47938069729201427,929.4785290779813
7.399232564925967,2.549126675558365,5.363381308522428,1.3618394668471772,916.3226574492271
6.426360016333872,1.4700070682965247,4.171924967245288,1.8971860074679756,938.9391042668275
8.52307809856893,1.57552408240822,3.9882534619118357,1.4097334418260072,899.2752893622396
9.73086923300389,1.497413486094315,7.706804932054469,2.655470424316456,863.9353229367347
6.629920137944936,2.874739621580257,5.276665630565898,1.8166774912793966,933.6355540638609
7.859106750803066,1.6918523705468624,5.934578500965419,3.498858860022896,910.6708474786847
8.249527665454401,0.2068464975458495,4.7286227736603905,1.5508045934166808,897.6267843406903
8.20800340637891,1.9516803212656557,5.820985969271415,2.112573438961246,900.2775131735071
7.613932901874131,0.4629739988720709,6.959329651601532,1.7689105950641726,900.6020100156859
8.614023627539584,4.184230601754901,4.847736816256245,2.351822446187858,904.3699672108872
8.223373429020986,1.034332086152769,5.9585867799485825,2.8526009031976347,899.5452875737101
5.643506366509053,1.8381352346422692,4.0942537241096115,2.4866247671416772,957.0811432042409
8.80373409658391,2.258202734701137,7.522866118366792,0.3753629844271531,875.675954285019
8.830936255900113,1.71134183932077,5.768535930244575,2.399889288378294,889.3331254490929
6.355070843732127,1.7099695985338075,5.087206155647708,1.1912974861751688,934.0526155113016
7.556906753171403,2.421827286160877,5.202125876713836,1.7521846572669777,915.2366741177145
8.524993489216603,3.5262159587962785,4.989961825485665,2.55146334946987,904.2713847971323
7.186029270630957,2.7675090818172974,5.041094835876507,1.1041912732679684,921.4377064542656
9.109467071649018,3.4785138785735428,3.05250485765034,2.9247584059880403,903.6649198707498
11.04580874192904,0.9533808919064981,5.402034267903245,1.7172912803590137,845.1867543057244
6.321020951047526,2.317362633255361,5.360121319394287,3.736749898334492,944.5805975439195
5.428433095269337,2.1552460520582795,5.9886615372604775,2.0549422606350096,951.5513899745339
7.955727893407314,2.3510912916767346,4.9768562535584735,3.364274194121416,914.6657243094868
8.582343757689216,3.3762319706355726,4.728963685858978,2.9581433796268075,905.5127055380212
7.153700439232846,1.779210850207946,5.492225055547025,1.5111159343564018,918.6976748698613
9.679890994981552,1.5944966334459123,3.887631881909516,0.9586474178931823,876.6013532443405
5.492091300415127,2.533980797418664,5.643423187534585,2.090901888990037,953.1631454420838
8.539377934547417,0.2217972724341526,3.638180740478279,1.5338855051822602,897.2848984435634
6.59120876886166,1.7631479508778216,6.620818648830796,3.263775024069605,930.387136054598
10.079066859310945,1.865802310714547,6.184269955660775,1.8025126626619017,862.3934366749896
10.488773029752178,1.0796413836930747,4.573814123575986,1.7596768331849808,859.908783251933
6.350015118324978,3.057059011356577,6.161138013338037,0.8832812314103848,931.765427859665
6.67566429613713,0.9377596826567158,5.611514224253881,2.335373610463815,927.7530422946064
8.789381830469702,1.8641269516362038,4.49098976891514,1.0606221744425337,891.4908242117993
6.9193040253157285,2.293157225322968,3.4771238427709106,2.353949530304572,936.9969201716267
7.431883173101642,3.3534515614761187,5.816435683426453,2.4640733811984026,919.9530298869528
7.538082630813615,1.9894435651191467,4.705718152864965,1.4002599104205082,915.3795880694914
5.0,2.9361535941282106,6.5949695696960795,2.76526394481417,961.5220419032397
7.4792433808586445,2.7005953972771275,5.514033733881852,1.7800996485670093,916.112448104551
6.465408338903739,2.1234575561691424,4.800417303502683,0.823005043276624,933.1174897778038
6.760315766400342,0.9104865917265446,7.2978387330904715,3.236229872250954,921.6122093517736
9.66544800520322,0.5654191390956511,6.076446492603005,1.2612235407405448,864.9464618822478
5.615239658581116,2.1065054014191866,3.0,2.405656433013184,963.1427343511598
8.719807780121966,1.4573031260973863,5.013608231209133,2.3406355792377953,893.9813370911852
7.081555604502287,2.9192610916812916,4.1159110079875765,2.311347739139476,932.5970316045049
7.0803597472562485,2.7458565180985777,4.700202062279692,2.2974895327441085,929.3669698587364
8.685557844077566,1.8153890055629502,5.355267601081464,1.2238498907519983,889.8742866742465
8.010076941853336,0.8422870760587307,5.854048508587546,3.3530796812021766,905.3246806728719
8.355919495829296,2.5107355496072734,5.761365742113574,2.7649993201605114,901.7902963311484
8.952276990799291,0.9820505538648496,6.577873076564802,2.38004538500032,881.204228042591
7.003037425225016,1.241536077069135,6.136598377508667,0.9336190115874967,914.8552698135278
6.581644898238375,1.0205842617848455,6.074746929125505,1.217305699475653,923.4196389647618
5.872274210163303,1.8614989780600466,5.701492323133274,2.525965301351331,945.5639334582074
6.261884205031567,3.1701923340705616,6.7867988527259016,0.3970527106425463,929.0022118168845
11.923641637963087,1.9949591297764713,5.183723456809083,2.2709630879522966,834.8398701189832
9.36701937110518,1.5567813075723043,5.20969673126481,0.9350585620915031,876.0801875961695
5.473388450687968,0.4743850699547558,3.5944266470274697,1.3055745779923096,954.3711626838314
5.516313064884645,2.552124584729843,6.5561640438100355,0.871145913865923,943.9815045804063
8.222799092577738,1.2195953940713724,5.423074244220845,2.196885132625842,900.1237254852543
8.32089719606695,2.1175176191580967,8.433605706171273,2.893089161467438,889.3952114575683
8.323325752976046,1.6457813840833593,5.094467308237542,2.278414019050148,901.2742982238001
7.117566309669453,2.8381772195994377,5.588578129416735,2.3662664391377977,925.0574039346354
7.311818609995649,1.8427636079714478,6.046504953608414,2.1343671169239053,915.6750819609991
7.9918192862390365,1.9410736454769484,4.398100027011287,2.546154808696511,912.4982875095832
7.628839509439995,2.4857471474554598,5.8585477138792275,2.3736684914000117,913.3366195842864
5.0,4.106940182263186,5.534661432057185,0.0,959.4321874494483
7.1553005541372094,2.8884469303585543,5.196311810323162,2.7250453901293157,927.6544955620266
6.22289034860953,1.9113938936513906,6.672603958743006,2.6409215695687207,935.0936483097908
7.762817128362768,2.0031979906152886,4.596251282089344,1.7101497354732746,912.8997123605143
11.977888503905115,1.4751405396755652,5.774902113082222,0.42063461781384603,822.7483818854948
8.051222498211457,1.0500042964803047,6.954664291385046,2.1939792205075253,895.7091872657944
7.029705470741403,1.447249212933678,4.793378244043701,2.2613286433091986,926.1182372666019
8.882702252965878,1.2278510362880575,5.203114017307701,1.6476132139513247,886.8520834614965
8.22403183081382,2.6533683837958852,7.845304563471828,2.149359779477353,892.6608578971652
8.130141735677762,0.928805142131014,5.974391065156057,2.857472206376296,900.9296082176834
8.410275889823506,3.333210561380044,4.993802523357383,3.9180173746361335,910.9323688155678
10.584815347244312,2.7520463836188296,6.302624760078478,2.117522938332693,856.080624147785
5.803667347011126,2.0205017293676684,4.9319064484089745,2.267130945082594,949.8993493011344
8.210448115217181,2.0003186114650684,3.935084075839929,1.340968899851685,906.2668173377406
6.110428305027693,1.4427186903854465,6.87236394526517,1.5988863632187371,931.0725835983509
8.333268969513373,2.270084411347764,4.396940735868986,1.8911658957028163,904.6340953849352
6.121970232770859,3.0880924632085893,7.951712624997291,2.9421744283124784,935.426556809899
6.873949779592373,1.2968435377441863,5.010667624537795,2.6551662048224465,929.0503413977269
7.0573651286431405,0.46660791108126953,7.6332646815618554,3.54348267520637,914.4319194616594
8.963725079017063,2.703218254856744,4.131328931479942,0.8078190594718326,891.3210998311864
8.87768166591362,2.3243659742438005,6.525493586266252,0.9410120234808219,881.2271216333575
5.631423935330423,0.8798011985588206,5.99972627298465,2.881666348188746,947.2412317927168
7.582401166499773,1.266608629085882,6.3377462255551515,3.159088301051591,911.4924649093343
6.435630217876241,1.1408957259498593,6.468022706676261,2.0265024973367463,927.6526607269501
5.612242633986998,1.275467730965751,5.002254857718828,0.0,942.6203568888436
7.174474424363444,1.6763172459588123,4.191156157997002,1.4051766704810018,923.6800819025682
7.037275817316271,1.7334526957192526,5.449082269660782,2.268394921719512,923.753199373848
11.140074729518282,1.34920634493154,5.723030257585134,1.2804696107378137,841.4201519874927
8.149439738041044,1.241836180500072,5.028155378844495,2.1481009255501724,903.2051567474515
5.433573748868644,1.7712156560806185,5.777553970159862,3.5188443590975815,956.8116950061078
6.652838993743586,2.167691534859561,5.829625531174741,3.1409062556760006,933.5914666497797
9.032074943144098,1.6837034636351553,4.589973553456134,2.647113796296111,891.9148250197123
10.632664159304888,3.1586670233413017,5.894971281690466,1.9484405769294741,857.5917101183684
5.121025031643063,2.5080877144207863,5.232787976305354,1.6042655536796864,960.0919029045416
5.0,0.40915414314130416,4.8000190997966286,2.606201052221979,962.2265191595756
10.306447763057673,2.5237277654138532,6.287375138223993,2.020315722000182,860.3305521657311
8.084421266056356,2.6055439825855826,4.723008788306456,2.047763551497896,909.2649217087127
6.19756090218545,1.5652650318758088,5.043332410095274,0.7590275096951782,935.1745432874071
8.301943629183652,0.5048024126968444,5.572050850186656,1.428375694219286,893.105768357736
5.0,2.008066759411136,6.874311620654239,2.6014883738534516,957.0244939734496
7.505063259895741,1.992291348517756,5.692784077724298,1.11914652740113,910.366095348818
7.991731759264628,0.8783537634668053,6.028288332474667,2.212565678881966,900.713599857184
8.886405209306744,0.5487807837400644,5.202357464003504,2.3300028758913114,887.4306099842288
5.979156071561194,1.9124464535465606,5.421510375623659,2.376710252603215,944.4647615673906
7.628530742105038,1.766922807949178,5.451122766480406,2.4482113730861514,913.508668274771
6.111863060910619,1.5827346346776063,5.793306236017025,2.502180842512052,939.8144154344786
7.883075633511476,1.9165892652534386,5.2040324269517395,1.5009655263659765,906.8169182394995
6.156980516455464,0.8972236261796809,6.839999885476209,0.825876349071061,925.9596768620497
6.887848741259669,1.565179387133886,5.126833761497858,1.3011716700933198,923.9634455244559
6.006276907814657,2.5333250306143476,3.7927588647946324,2.583936957523929,954.0371431107553
8.476704362735486,1.6500299196487112,8.24279660437002,1.0393227249634442,879.1841586554833
8.787676674984997,0.32802752820744807,5.172631309056248,1.1675114560923943,884.46481767853
7.14806914506388,1.5273077222764284,6.813169787091347,1.163084799393861,910.6625383907335
7.5573569924400426,0.9298415364931396,6.904790841959759,0.5232204362053916,898.5765204350023
5.327112878049684,2.2671362964617305,6.445214312250382,1.0823965070945603,948.0072791898317
7.0504850279898195,2.3188374033804253,5.301972780402598,2.800317530658936,927.8035426199999
7.424693074437383,0.3412253749139691,5.786684819874343,1.4265882778275512,907.9615515925774
11.431189636544962,2.759012970582189,4.225489790695073,0.600849474756523,844.3741514675502
5.832049461338754,0.8878136987214416,7.490147773818276,1.5906849160683338,931.7990409780513
9.696265858128656,3.5591822904823514,4.6481940018173304,2.408437772714934,883.6348600353018
8.995288160198712,1.951223735499383,5.246099037259125,0.5353817880930698,882.4388141707985
7.920954606735204,0.7536065014608377,5.598986487040251,2.7626482478128094,905.7245707709275
10.1379307262927,0.8580139293073186,5.39256024516304,0.8472153477127369,858.6145833072065
8.058158208910294,2.3480952917873448,4.843126717706606,1.6836130888106513,907.1219446313951
8.083738793501894,1.6087001101016223,6.894339052054688,1.6733879120035065,895.0070581886471
7.420319020473682,1.903346090381859,6.45027928348828,1.5508479145955787,909.7777573854299
9.335353323627942,3.6127802326970393,5.822047204325693,1.9481586412147818,883.3267156749496
9.144703850716326,1.3007559357709249,5.10044694400325,2.6228482831813587,886.2875347612968
6.561484068755681,2.0599628576957065,6.564275871844471,1.9673587349574329,927.2083843840802
5.521129208101849,3.4198444873730534,5.035531367222434,1.5154610719253896,955.7806571790546
7.1955290439065145,2.2705134754664003,7.070391840337816,2.3658789478087163,915.1316400081677
6.2999421534035305,0.3933972646419941,5.611220915483428,2.1658109828980048,932.593293914428
7.404713138076968,2.5053890117321367,6.729781526972715,1.4643971520585393,910.1264442797357
9.356157202026209,0.8369971422165559,5.386179673816417,2.0338411376674927,877.5408516179734
6.814047517369815,3.406807528732965,5.571533182040945,1.3981259974339284,928.7671085960502
7.435764928032638,1.177132395002022,6.7254210614586665,1.3074090172824455,905.2793253291564
7.587034102212593,4.969509507745665,7.693925151804445,2.6446409713199244,913.5174096828756
8.772646323307928,3.467375988327678,7.060366817504882,2.3575670452553243,889.1522011008589
5.0,1.2033874303720213,6.37713461937785,2.616303708189238,957.1464247450949
6.589949557852055,2.0200138050016103,6.089283432957597,2.508102800921209,930.7877511960804
7.816925538419209,2.7536442816334636,4.993051309740374,1.2902245927567577,910.5797994259225
9.300118434640291,2.783660474226708,5.795229741105433,2.801025544053434,884.9662065665216
6.762146328740692,2.442336259976197,4.586950816003268,1.7619143117744624,932.9731963961425
5.0,3.25215903696611,5.8757821336847735,2.7433742586137733,965.6664890335444
8.429567168949205,1.8770310533656305,5.940050660693574,1.8999067120229631,894.6033846929352
6.546956416761556,1.6332823314239668,3.5391548585318082,2.250530470303458,941.408371610264
5.715500011364458,1.6531360120753895,5.538738609191707,2.274582343157614,947.7202610461162
6.563481915430164,2.858373231972127,5.914874899089106,2.650560308227512,934.9600137560433
7.223211963516226,2.3651810403026463,5.416290142860977,0.6923631031929032,916.3469541606166
6.59288300319268,2.291283665690256,5.858048838856571,0.7388818298324582,925.9837708741857
5.0,2.795234249257182,4.158277756643686,2.537368692081741,971.6117235215785
8.845599295330699,-0.05105240785385501,4.724135694439742,2.2850899719946907,888.5727206056123
9.412312561918084,2.3100688238751506,6.5349381631639325,1.3794850814491029,872.8303004112137
8.477282987009259,2.218568888873716,5.500571665645777,2.291447127213393,898.1688687095664
5.793471494362775,3.668808081300705,5.839878981314908,0.8736318319168792,945.2818779032979
7.197762699078723,0.471412017736333,4.953478839291421,4.611431608695208,928.2677023082612
7.490218027155813,3.557186632376758,5.519494023276857,3.0492571094623546,922.9940846381955
8.398191584342865,2.0754091289246657,3.1979878198648013,2.4978421419262986,910.715357406517
8.502510733077122,2.488989530660045,6.346011938420767,2.0605042965419895,893.6637016247867
6.398739301832256,3.6759187876093766,7.30793283895247,1.5050175641557624,929.5660400408807
7.6229933346203405,2.560761268005573,4.434982450785359,0.951851008523301,914.9850652693519
8.185920606922862,2.400368289462561,4.5596678124904315,1.908941898008461,907.0477127713464
9.68373348322015,2.2422911858023182,5.940879898237482,1.3121914914439001,870.1048104418606
8.556759809737084,1.5165218650056231,6.973879290506746,1.3588465210774032,884.4117338998075
8.683585031063279,1.9715108754896071,5.497902682617055,0.8665946881803654,888.3543185307007
7.625739941894041,1.2844872338772513,4.270681979187496,2.199730441544884,916.7792825026135
9.615688717805256,1.955433100574518,5.291382763362127,1.698405195341685,875.0269856764622
8.114644193939245,-0.3359306970550966,4.470067919688208,2.4280572598606955,903.0869285280779
6.208368134739644,2.4290395675675485,4.831153707131223,2.3656790349238306,944.3468343591124
9.605054955187786,1.8782627462163746,5.1959589008466835,2.1835717040637297,877.258008745631
8.546854908808541,1.6637962633332357,4.570675411758373,4.127552206443346,906.4813438141537
6.835433968307276,2.2197580839401434,4.722094275825435,2.6589644108524353,933.6976624694605
6.780760548901135,0.5664360770345593,5.574534000222243,0.9915471914800815,919.9351828966378
7.9448633177111425,3.9292699966212825,5.71503581213723,2.3669891583371756,912.1284887237223
8.194777192901377,1.8972325385124003,4.076019666179032,1.9567850056252085,907.9061717676773
7.795938398446809,1.8541555670278105,5.896381722509338,0.9267755433388263,902.9080698324489
7.966963010164327,1.0346037898670777,5.1180661368686025,0.8626936959386868,900.8212455971255
10.049936061864571,2.023946382449261,6.220261523552609,2.3625623338236554,865.2925154536568
9.107314728352328,3.3869598902732805,6.2804975206878595,2.558038027902852,887.0751521391092
7.785953386897536,3.0359162094320338,4.955458819044951,1.1629942405403788,911.6449282942724
8.911965871151224,2.854437751140556,6.114147694037733,2.7761336425557155,890.8077464953012
5.951214144708691,2.5463989516672716,4.66304396030117,2.2279315174522267,949.7266208130919
8.096890574920213,1.6414574724373903,6.82376206283529,2.9566873255540154,899.9558849134612
10.213959524599666,0.5498368329632981,4.700863799143535,2.871696318671394,867.088091245854
7.17293115691144,1.798961228133365,5.852749608625513,1.8732504676776063,918.0657883675914
6.228549107071373,1.7641285354663228,5.31239085535572,3.308479784081676,943.3858325418033
6.521866667110409,3.0487944396712408,4.483105485762399,1.1007071279036267,937.1576064854354
5.865550443986417,2.3093904424598204,6.400915761785309,3.912235603960556,948.8432192307472
6.322857137808445,3.6123115279035485,4.885868191133209,1.296971455611284,941.2886531257184
6.944237852114957,3.1974885400381745,3.799927835021694,1.9615978146578557,936.0956484150447
5.3916494712320375,1.5435043904959043,3.0,1.5462493611097896,962.5337447078962
7.523427500924405,0.20487080338013164,4.624955305572029,1.6985672096962086,912.1584658733966
8.85341576067997,3.385575233941481,6.875908419298973,4.33884293001117,895.6497433039506
6.138365729779619,3.359385223230744,6.75773846750366,1.6298234500711377,936.5485415592855
9.778925885462654,0.6337884090977739,4.781401597652468,2.680886697834337,874.3296292786372
8.266188132791392,3.5092400198275007,5.12554508529862,1.8116776709708664,905.6553366747718
9.045870878436086,2.382117170592518,5.035086924443977,2.749240343670198,891.9169284468305
6.513248169221795,2.160685498125653,4.166567854550431,1.5646723853032065,938.0379373419136
8.781787840599923,3.6147832542473273,4.551168128376657,2.2049056749273372,900.4933087579697
5.8620991494070305,3.344685173230615,6.481149519400785,2.502958640378194,946.180288331336
8.835371251254763,2.6513309519952037,6.0038878713794,1.4225508373308149,887.1431185956844
7.757759009690297,2.473217065811983,5.7730888585298885,4.206180739380473,918.1180871917073
8.329876829977175,2.616394290530359,4.164853388339141,2.544752834587038,909.173943321891
5.736608091562722,1.5999425661174742,5.600703214033977,1.819223236386099,945.1971697504994
6.157395236585093,1.944898550267679,3.1961550305119784,1.4422123865194458,948.1116247407358
8.395842327380077,1.0976828454054575,6.342802691260533,2.0733784189015854,891.8288030533641
6.077477993663699,1.6669602242610813,5.758574900737142,1.0272015915092243,935.3635449755302
8.194809438148685,1.633366121331067,4.154767547900169,3.4258362110799547,912.2680775364297
5.449293290309631,1.3646946303783354,7.11642555749004,2.3450030179208645,944.7926752033333
8.772261319000002,2.136746502648463,3.703835340831419,1.9296111460708842,899.4627813375068
5.651215027847236,1.6760191492994228,6.0303061822496025,2.83678228348537,948.7854002556917
8.328449906519285,2.502234720351974,6.055171768978662,1.4227881775312259,895.9182899031887
8.438446400469001,0.3776793867062347,4.260329560647519,1.0752323308556502,894.997954253959
6.454842272355638,1.8866452058927003,5.462149309189883,1.8958935426170098,933.567403549428
8.37303985062709,2.131551640177496,3.8631721578471367,2.1020349195756722,906.7743072212636
7.890663395000334,1.6893707601631194,3.0,2.424468965274216,919.726029824669
6.6917372157108925,1.8276073001907687,4.432123773068342,0.8189776668542186,929.7799335312395
5.987167973885688,0.4147539892701426,4.883375057738003,1.6349465359846145,939.8801464111709
5.0,2.356477104669492,6.144256180810792,0.0,951.7137798812576
8.02447507094954,2.6476059825670704,5.56740808506082,1.0541206632751265,902.8744656435513
5.152795842956918,2.493537294203767,5.593545459386146,2.572209226960324,961.3835983099766
7.643016299161962,3.038727059442183,4.485578376716415,2.768820646859788,922.4700186860183
7.104827675876626,2.201529605782502,4.969988695958613,1.0863963717495841,921.6334198955288
8.518714163157293,2.4786811806509372,4.570073390130839,1.7403163607404994,900.4005726571368
7.046931750765204,2.1560907384568524,4.275025992970192,2.020484924102395,929.2898956464113
7.005828320479363,2.687550719592494,4.906300573012743,2.8624881110736884,931.7340178554317
8.597806056432443,0.4227703638678779,5.574512385096334,3.223275893213592,894.0394403976046
8.002587043626177,1.106419032021989,4.927361480575796,2.122465804178418,905.9321319947608
7.974233935774167,3.586899657033091,5.176497330575027,1.7915066755342144,910.9903910835362
8.20390138471279,-0.46043582209620526,6.19491481091139,0.8450451130394925,887.1700322504626
5.196641815189341,1.8598220701746562,4.999245581309296,2.086455387648848,959.756487902231
8.635183019980474,3.1722749596080684,4.1660333690121085,3.659938001192213,909.1891571641984
8.418703191020404,1.9067393344582353,6.0634535216012395,3.032154039949855,898.5264775433267
5.974975307135255,1.5949889285493026,5.765849648508285,2.1398866370071237,941.1746558220397
7.133879289488698,2.1294216768153005,5.828659498172314,2.2427022469600884,921.2005173860151
7.4410390685585535,1.6468798199975534,6.125838657535709,1.4491869108383548,909.8072935733817
7.298254823397401,2.030849492756939,5.956641527307945,1.714291496978782,915.3073116363793
8.000789949852802,1.3166189634798704,5.528728692471304,2.118079340467479,903.7393405673942
9.647050172746775,3.108674419955724,7.8914526628520925,2.1205074722547543,867.1411013331119
9.122650091509243,3.4232649210656607,4.215031253698045,2.808599946322448,897.4277138983249
5.531671209852891,1.8666096778883774,4.913582721511442,2.769666346193037,956.4837556508546
8.433104985459073,0.6135105793087567,6.467334364678167,2.416453424168866,890.4820437288873
9.493399979303113,1.4761568296866048,5.642586292095574,1.200683057440569,872.4797526552222
8.080212781033804,1.816011339897036,6.257923034011238,1.2308677430545578,896.9641998070947
9.13647063777895,2.5055388769032083,5.669756429536871,1.2896868237723313,882.1953671909581
10.518405668551148,0.991986776829322,6.874056551159981,2.1884162313653293,850.0118430900876
9.035564319160471,1.2308376813578494,4.492489144366754,0.3789431561950867,882.602134814344
7.873962893462593,2.510676137858807,6.84245988940671,1.9949799420283028,902.8629635048259
9.06763271112713,2.9389088320395578,6.6709964932042665,3.126914173163309,886.8635742451935
7.717331749645337,1.378405954829316,4.28971088576962,2.533460827744512,916.4907007309514
7.535854564927433,0.666782946049004,6.130665409887673,1.7194179112433732,906.2920699856741
6.972878646429401,5.0,5.4569600677634105,1.4413956690001757,930.9515847499939
9.845120038248162,2.7833042370887133,4.893417980880936,2.644572227821346,878.4396011864608
6.2723570010869985,1.7329962382329684,3.6113808102822804,2.2448442928418184,946.4371192860107
9.798551587017174,2.8690312755308396,4.489186328882683,1.8028540379338076,878.293438332021
8.249796185610556,1.875543370285578,6.208112140184589,1.528775296875087,895.3158796032574
5.4010407377970875,2.8671568891001864,6.313841269260557,2.0611063917498194,952.5579638728116
8.051473939487133,2.159393197776222,5.2892895194238285,1.7575705888104092,904.920258072389
5.0,2.091271898167573,6.316985143143285,2.6275036559333715,959.9449812803433
8.438262025246553,1.8864181317692115,6.445260077894138,2.9929352767829736,896.1846927854751
8.827847224483486,0.5526186665369102,5.654639958626348,0.9062001377258269,881.1308364089726
6.61146606652192,3.93809489939314,4.777666376149796,1.0193443419769284,936.2998282350568
7.685321543933373,1.0584660797322565,5.941054112815645,3.0784449501189854,910.5420532351421
10.43123615062543,0.6399764236894054,5.986984707658864,2.1326551541311645,854.5685401032147
6.741379943607095,1.7871401172436328,6.17394439035031,1.0946794905689265,921.6698202658052
5.911638619415099,1.0385281864894933,6.36540327000224,2.786601285328514,940.4180468950964
9.722495103693898,1.948287209439729,4.137835428078779,2.273348079911066,880.5232325023331
10.443880785796193,2.6877638485617688,4.9900707546342575,3.7625966095399144,870.7457089001173
7.505543507771771,2.995302900529223,3.6013786543121804,1.8117586581875669,925.4571173138278
9.017194553112535,2.8147307216216815,6.246996038355348,2.8869631976549703,888.5342515423555
9.512213873296322,1.6943679452143197,5.287688552019584,0.8409324486937919,873.0506254660862
6.386273651192424,2.049591827661586,5.930814070697415,3.1168220401308577,937.6599638475407
6.772041246948198,2.407879050897491,4.024321251809842,2.755328046568924,939.0047418710882
9.346311769732102,0.24221257605792745,6.900980849693051,3.283477947035018,873.6693511820821
10.027521418062765,2.5705847001198596,4.305660835380725,2.8884642540069883,878.0937970777526
8.344321290261533,0.5427007124161685,6.2745633043824585,1.9207614512994577,890.9882722222321
6.180278469746918,4.040346598906489,5.6179501708925415,1.063098748770513,940.8606465244325
10.480591667549161,1.5954849153583046,5.310557222473821,1.5183576797087697,857.1765973814486
6.703543653282053,1.8151248228054087,5.229839893387826,0.5910796902415043,924.9683472480259
6.997293328242822,1.2302929007621446,4.86193699068387,1.263280775053032,922.0842587643272
8.013506751734432,1.3700299681443102,6.7951961769007685,2.340689079366746,898.5908591815179
9.831240631072161,4.27409356914324,5.512612834352242,1.961797696939851,877.4378830728457
8.780963964828336,2.9403696886232975,4.23077846964678,1.8211278878942232,898.689177544561
8.122298250542865,0.45079755485216166,5.1160397979651595,1.3655176672420017,898.1831183795425
8.19493279517716,3.5042129006852294,5.628339027202938,0.5820807913133716,900.0545680698086
7.565272002965199,3.1932422751414316,6.397805281445326,2.1456664905897997,913.1371714787651
8.337209271777759,1.7187875377117114,4.895380279482793,2.303328153974915,902.2381872083411
5.0,2.3066969420298378,4.962223444195452,1.2067491519626274,961.5604522980553
7.0550888113953025,1.9850559205789258,5.523432127147405,1.573247783869024,921.1921764912198
7.861982902375171,3.972579904446932,6.373424819947326,3.233706763271543,913.9535796958438
5.773478874570739,1.2037098110079096,4.13124546440397,2.927598362858907,954.3620178060529
8.07948497671734,2.1460106097757268,6.005354630991746,0.8124603506168393,897.5164025045148
7.1932931685208175,1.5718546690071953,5.035937469871344,1.9322908902153952,921.0712344687423
10.133213547473236,0.5669595953821458,5.1755674182515135,3.1639645458978016,867.5176049039843
9.859529587822284,4.191638255054987,7.501575745129749,1.8268632021539843,866.9310242952685
6.801291646322756,0.8184334208975876,5.303530775448475,1.7848454492742696,924.4676115881658
7.273743432649957,2.220129187487776,6.25469375030858,2.8741901013944613,919.2201938240543
7.389078651587411,0.2592993936196646,6.218913837203349,2.789655395420173,911.4561511166405
6.822510785760566,1.6009294607569067,4.3199760859014935,2.74824267630448,934.4134665367759
7.79253747604219,2.4219688214334574,3.6546056747770956,1.7904122006606955,918.1925129561589
6.362576896668615,1.1752660204976373,6.3209820924169104,2.530310413020038,931.6652499258481
5.804076997593711,2.586801850735655,4.416453807551481,3.1957964111641766,957.3231974527259
8.434066835850404,1.7309589081119174,3.835817045428973,1.9601010412251385,904.1207588189275
8.444294376332717,3.1600825123986134,6.526162214844198,1.6772723029490637,894.3555534777486
6.293526360510011,3.3617609133402233,4.4805732662244075,2.984058111271708,949.2957531287203
8.843033146143899,1.4132552392699882,4.727482524315606,3.6363518423176986,897.717000714641
6.552633406252003,2.076732859392957,7.474373155089295,3.6920039068526576,929.6035226837457
7.879747857056972,2.1834542264722328,3.8402646386184287,1.7003908001800399,914.7067503576919
8.730516018918685,2.6193492954346986,4.243713958593075,1.7807678004024865,898.5215728924147
7.449581152944431,2.014381996244266,5.04030185752608,1.1766701334907603,914.7077255838445
8.182111368211702,2.190210959342842,5.259743160165578,2.094441859531839,903.9669351505173
6.725355534168642,1.7565935252048805,4.606254717882347,1.1407048548339866,929.3436206216144
7.205300124857854,2.1152398669720185,4.341344902677084,1.578693246634005,924.2784219865259
7.19121085367949,3.2979401935351325,7.009994324431931,2.560903838529912,919.0848199322473
6.3801324801896415,2.6460832412118545,5.762986124104716,2.3119819281115173,937.2247954069416
7.234838755326327,2.701255639443369,6.085168744209188,0.5514229558663781,913.4337611202276
5.17707255170438,2.7230703241355783,5.362774823441464,3.256233838619509,965.1901036932985
6.763269379286843,1.8461912221189645,5.789454948859136,1.1304031302786108,923.3481971874181
7.072686759945494,2.3188270435795304,6.43290166110959,1.231252860896797,916.2948216349772
7.11573037125693,0.9148263216642554,4.503700985454666,1.0088622785884405,919.7205386260491
7.137753831193832,3.268807656316957,5.764835996517982,1.4709733291487928,921.733285501544
7.407353700209806,-0.7829604323432204,6.196042313407891,1.282554897067338,902.7082690296039
8.219162277129096,1.9128516076645747,7.044797346384261,1.3020532470488781,891.255768049118
8.811775611198783,3.140895977150274,7.447890979801762,0.02858235861484415,877.0477067259209
6.5253521597276,0.6361320663706584,5.569859796981762,2.1039419136430513,929.0400741570278
5.695198716916283,2.399779917616851,6.6386389496871345,2.185652134252448,944.7356446588819
5.936933381635345,1.3192335534209731,3.0,3.7955253903137685,960.1330551675943
6.769195618207609,1.6311967348111314,7.052282909376714,2.389072798132448,921.4482356719125
6.972118023275236,2.9459409606394376,4.774116338279196,1.6027287842254836,929.0102901515851
6.345005900703814,2.19805692588515,5.258902551012109,1.039428017221263,934.2382444319855
5.555825003625158,-0.034355867884362734,5.941104484367021,1.9229788321605905,942.8031474645055
6.815818758788717,1.0235744602684016,5.346557632684486,2.3589783115140475,926.7054501575282
7.772139930170957,2.9753357348887595,5.696453379568134,1.597321104544764,909.9029102930746
8.392544198753347,2.4489427181929977,7.087692968226143,2.0488128210788576,892.105039479108
6.663865420337518,3.7481355725242844,5.115779954654029,3.5178832752470566,942.5175504238426
6.880503266784849,3.6826475940132974,4.413076183499447,1.6927118983686695,934.7833100337579
6.109952536729034,1.6577548698532083,7.313463857298551,0.4905795561660087,925.5073679162297
7.452841244437836,4.503237805069489,6.026764217004677,2.698789429913148,922.6662293998053
6.227357048713778,2.0244796698519107,7.422238975313464,2.2514571566520427,930.3914665603485
8.3596917198618,1.0373314655909747,6.363629910578904,0.6328063909936692,886.8770494898739
5.0,1.3663601340894227,4.176405607986563,2.342114941821036,966.8145262805463
6.960555491321307,-0.25672510528941883,6.145384671756881,1.2017091606898025,912.4217241717628
7.951661008787613,3.607019008249281,4.516051934117446,2.353057921891525,916.6264222453563
7.775751774483757,3.594761989043864,5.507431802439667,3.525810807363433,919.616861266082
11.539550495970744,0.984492561186679,5.4242855963922425,1.858424532525423,836.5115062584256
8.024700036851861,1.7721157116180941,3.8823361953669435,2.866616959229189,915.0057339298461
5.993918104736984,2.0956075441125774,4.6871895104382135,1.0172101457180982,943.0584588184997
7.35680362936639,1.0396469478578862,7.7051873001591,0.7844646829298554,899.8631551530679
5.0,0.2448979687288384,5.738377404841165,3.6138963779165367,961.1535049260916
7.379100376054859,1.7896423962230883,5.324403865337048,2.2462520108450694,918.0494147973684
6.250415914498862,1.678920570540753,7.312890219940925,2.50933595292907,930.4662426043008
8.873085413340242,1.6115887590112248,5.1037646899308315,2.9216178422763015,893.3028565146022
6.675689588106698,2.2227160626009645,5.40857963803088,1.5777481521616339,929.4628792850698
7.32485112630713,3.429519658525992,6.4908028561228495,2.660093087810134,919.7494419036574
6.546663237893394,1.6969072803082739,5.09926420138365,2.538835329847054,935.40932397784
10.108277027779998,2.170442998721363,4.753479260647499,0.9641561433741084,866.2345655410654
7.018135850823133,2.726870523744936,3.2462435846392825,3.2103882491301494,940.6282535541295
10.248835565218803,2.554142926512749,4.563501686617238,3.0454884127836266,873.3166513046858
8.7212276431774,1.385576475552158,4.553972254010387,0.9730262087698174,890.8046107191664
8.22310009100308,2.096377123114036,5.65856669546861,2.160229153169436,901.3329477966921
8.05309972097628,2.547539820169053,4.889541734272224,1.815136210469645,908.0459189266941
8.090695947324377,0.8716486624892223,7.6580190108571955,3.1346459759407503,894.7060497781251
5.0,3.2635390107965083,4.442371069765194,0.8715103951051113,965.4002670355052
7.0816749087738655,3.4315889052141113,6.900646686857405,4.881932019368424,930.637759760517
8.767736956776481,1.2772197445555062,5.719752955127549,1.8604126645025003,887.5174195618735
7.426654224788842,2.1936700183481688,6.306774035712389,2.5907561329449527,915.0056843186115
5.392215229794637,2.6422782566710317,6.24601959473587,3.1099986656022427,956.3119569824504
7.4213933241337955,1.4543858436712473,3.2817644696875834,1.8432005254638846,924.3263218456326
10.056158274383236,2.4816138456880945,5.488447321023443,1.9080464915237771,868.1658116316511
9.370337573302079,2.1632556262921656,5.237771862766168,1.5977352849450976,880.0451404320695
7.406993985950953,0.5320818223611992,4.367021905308732,1.2916274990951058,914.9226225826483
8.92717391558713,2.459161315978558,5.959626037215869,2.2174873182341766,888.0624169924369
6.950239469447922,0.8998575837289642,7.216540315877472,1.8917866558600362,913.4266824178416
5.0,2.9392028516620474,3.0,1.5925006413396035,973.8844783419205
6.113301017805668,1.328788924866111,4.965530324158279,1.6392288415730385,939.7181374525068
9.844333152762296,1.8387145663388549,4.254233835886377,2.460986763114514,878.1081004206211
7.089010377256043,3.372278913446575,5.571777826237693,1.3619491765195644,923.4207491962011
7.134924030937473,2.496381646528845,5.174378716850004,1.8024281852862163,923.6094896342906
7.050242705587679,0.9205260804254547,4.894322787242822,2.718933913431285,925.4995866377415
10.35620488435951,0.9850834292009163,6.189506828329058,2.1977803760554395,856.2275081655797
9.938938373043095,1.4006972113762746,7.136181301057099,1.1603525869131124,856.8869600545395
10.8281703501722,2.394644083356666,8.161318651757835,1.9809031450024241,841.4059164480973
7.261432184399923,2.358299814932768,4.760370951531412,2.349617296914375,924.8318692737244
7.943436733120643,1.1568976953371308,3.6791244481819305,2.791417752988994,915.4659666910197
5.225036175868813,0.8327905143856409,6.05919643407834,1.3956970666040793,948.8645423332789
9.715401639177411,2.281583405085834,7.110484735323204,1.5531762218390923,865.0832087374781
5.748330673098097,1.818139934209838,6.3136899670407285,1.4438720090238428,940.87620542365
7.825163345643944,4.157215887447737,7.106347039530311,1.483583840486569,905.2350122497959
5.854046208550734,2.036603656563079,5.27451332939788,2.324003772557692,947.6256717749817
6.616699759891956,3.8142528277002747,4.890425560226872,2.4755913039069193,940.7498706507722
6.244106353425449,0.82961640189566,5.615435907401312,2.840722794306467,937.3399634129795
6.588187108986273,0.42678706043829284,5.169446812633112,1.927060072739385,928.4911914633248
6.691315945276532,0.8799148674744655,6.163094021340344,0.8757416361764199,919.305857585454
6.677596807612384,3.1891297814534663,6.469767778003491,2.5355761315659704,930.752294510374
8.750000867670462,3.756101589693534,6.548083664571886,2.127314942726067,891.904529843256
5.84270581040622,1.2178205460473661,6.01059267080439,2.0479755834528026,941.1026045011206
7.8308121405208,1.5394339702404425,5.7458223266753,0.9732772093510222,902.2544323630297
9.326938728458337,0.8310190897875003,6.294426689250848,1.8433313091157273,873.1355912760761
6.730205453229906,0.18836015288161279,3.5370080923472784,1.0450761710994252,929.4942991235384
6.4231216638785975,2.71841169777663,5.710570752333942,2.3855719907566075,937.1444794959167
7.154213062229624,2.223020302962163,5.552478057170451,1.656084777036928,920.1854760925281
9.269587812541065,2.0104879826738755,5.713080395971555,1.5843724829083534,879.2329699535476
7.791161446430037,0.59994346283662,5.412376453745769,0.7702756135287743,901.1661141301247
6.703178558088602,3.639956681828661,5.931855493461616,2.821676695747234,935.099867225437
8.22581497678206,1.4966432619505268,4.925397078465985,1.7931482950165156,901.6528913752902
5.846561775245365,2.5336264248164757,6.62952342945363,2.069584616270206,941.9043395312399
8.522039265664421,0.5454385947552756,5.973649777413474,1.411607927445956,887.1955533631353
8.112910961552652,1.8094748103799627,5.650685857883861,0.6795399520266765,897.1104902184601
7.038287293291674,2.291374456238584,4.80248342936388,1.5746995294581971,925.717125380723
6.242121302329154,2.3270752180533076,6.315316885207905,1.702766929781829,934.0671530976181
6.169978616574814,2.154648543236625,5.706659698494491,2.2342080167318743,939.7351533915819
8.302226004518864,2.4945224920487727,4.744516606463083,1.7159740712886942,903.5697353939058
9.343470753733593,0.8694795439670389,5.443338457586761,1.4253209122421766,875.3379618739856
6.544038379456808,2.19737260543966,6.12908261924124,0.7973284822861328,925.5873834859127
8.187580055327226,2.1137576834802774,6.0515735388198255,2.0387627963381987,899.7627755546895
5.0,2.2316726841950607,5.987008967808155,1.3627518449833063,957.1662119519343
6.6230734040142005,2.0723452173191816,5.592531391741077,3.0566452270125586,934.6681271145471
7.453411600693647,0.7267872260866024,6.525819533301897,2.1201173290704816,907.6460562221681
6.135474874527249,0.6822002478910263,6.7377965038116105,2.4496822720263927,932.2755703346234
6.095240437815606,-0.21426818588455143,6.237322615675541,1.8009690669686629,930.436774384244
6.49833066529667,2.8175345098452977,4.912548725144293,2.1610242318143293,938.8976294783786
7.93828909248956,2.827657509735199,4.441938282709483,1.2874277473837972,911.081205537524
7.219006472390438,2.84355029122212,4.956060233028406,1.0574249394643154,921.2579256172727
5.0,2.3067899624614516,7.453656747976723,2.012104861878845,952.9714702033649
5.0,-0.13311921771811086,5.781695913827353,2.4563133241608606,955.5911969491476
6.589702233214237,0.9732895082147339,7.626441827526385,0.4433505839507381,913.0433258644333
8.186529879080329,2.170415417593112,5.379801656412564,1.6007172073567673,901.4345935732395
5.0,2.1355180027917955,5.241186329507078,3.4736976863107136,968.218734188657
6.750404735772554,1.777251786847979,5.425943463355926,2.383382041335964,929.7465484891011
6.710628215223869,2.368917202908247,5.4078259199466965,3.2301168269523988,935.3712382614608
9.582506667312671,2.0116517076852456,4.726349088132276,1.492764038569132,877.6634432160882
6.922467282430705,2.1207704655513617,4.351151731833323,1.633675388004448,929.7134750360289
8.074483477111393,1.3609346671679838,6.001336627180863,2.7733866562756058,902.732398092081
7.711885710131195,2.9820109861215904,6.554900717597364,2.4988162843026607,910.4040446836171
5.0,1.569228391319616,7.944981300666401,1.924492339152252,948.3030956653294
8.652310824947605,0.6693509169793737,5.066287093308977,0.9899873525851961,887.7690256820771
7.823094758184432,1.2290009871812715,5.147344513135925,2.925481569781528,911.5769897055105
8.262402959511885,1.6515338086380198,4.728770705548983,4.008182518022169,910.5587394654187
13.389356559654491,2.9940027883688467,6.625727429373567,0.7425070493625974,797.9737294470173
5.0,1.9577320015652069,6.314987454796265,3.122895319799551,961.4245512092187
10.087044974641662,1.813851781034351,4.623065418125473,1.625359085874103,868.7006915459191
7.068828720899466,0.7513365752373726,4.597801913027057,1.7332250791694803,922.3938332351169
7.930993356604514,2.7854825898295763,6.452514758595898,2.215711590030667,905.2032734802237
7.431731632048137,1.3480478459766143,5.883196151208407,1.0355813766880022,908.7363457523396
6.863645499902935,1.899972141058664,6.2583887130111435,1.970289244044492,922.5750844477028
6.645250607641862,3.4801830768818647,4.617231521661087,0.7109970977582643,933.9928321102984
7.994263103359514,2.5087633310493045,3.6222751360897933,2.3808659918225636,917.029398077903
5.224239454992482,0.37174595228482565,4.62503498331983,3.786977630370535,963.1574614565558
8.625868751282649,0.23048976364752782,6.1877667300112265,1.4883748086690702,883.675546660416
6.875708392672119,1.935689549880754,7.611057978634891,1.8650053293666307,915.7687979650575
5.804895991439463,0.787259385125195,5.0705360104723916,1.9044174591418013,944.4418287430361
6.82498071300628,2.648546747632998,7.775855881876866,2.789174875192802,921.372804848969
9.385723825293859,2.0422630649649793,6.3298197674916885,2.3244578952414408,877.0467722522484
6.696997369475666,2.165384769023863,4.106967698291173,2.7362768082815427,939.2688223630826
8.03768042731443,1.293256818357647,5.714033837811032,1.5950117318381019,900.1805168717858
6.40356558642679,3.7413836552867057,6.3639742784118605,2.3468552038558372,937.1799614544401
8.636882774885429,4.84259372801046,3.0745171014473134,0.0,905.2783123665502
8.528261608185307,1.7214152762432853,6.144451157913382,2.5339700575912234,893.7417534384142
10.272913249944617,2.353039248415001,6.672721179823112,1.0257658329637898,854.9864884665558
7.236654081751177,2.0974173430643126,5.898868124131143,1.7379248948000596,916.9953722980239
8.50298220713686,1.7403131365589313,5.438278789318577,2.596200886915364,897.7798755272476
7.647101309308417,1.1679295322672032,5.327073416998593,0.7711281339040736,905.8301443109685
9.443807672794522,0.9150320125195228,5.268677672308177,2.8715462385776203,879.790917432227
6.421751418586904,0.8644027344744758,4.32402019623289,1.9005561509690208,936.6404822125891
8.617507969315922,2.4052400255491455,4.812476168095032,3.162492389029791,902.5214289475549
7.2079540558249775,1.4803255217963647,5.083405954347841,1.2777246727713707,917.8874608624593
7.4037177343372536,-0.5782928501405302,5.6134943462257425,0.549769820522441,903.3298081118288
7.637628726672559,2.4448582205983223,4.943185242342934,1.9768426277295694,915.8393033176192
7.878360594640016,1.961738717535844,4.63087075750207,2.4696608542777936,913.2993333171495
7.325656435317063,3.346673001401146,6.259770859125846,2.5367495510481772,920.1187818119759
7.822069774755789,2.3731223970910094,5.870613971947856,1.091609491258211,904.6029460153493
9.867177086343277,0.5213264036897027,4.960770463210433,0.7002935439040712,864.172516189704
8.978174528422828,-0.22967664072998106,6.006278471487588,1.7501408208787481,877.6564849049504
8.803731888745345,1.2805276156620626,5.046842106314065,2.4131551923804726,892.0423804383288
6.816690710964194,1.3748925793063473,5.56306502948812,2.3726294256850564,926.7134321487594
6.166138757657514,2.943159201000167,6.475044054722867,3.257701069177716,942.2409264012406
8.932950837356628,1.9911290677104265,4.8962589068337365,1.7012358388660664,889.6733579278837
8.814070188794691,3.133688498098509,4.327588392166257,0.5240828494202487,893.3375875743839
9.709006013626473,0.6751669442973653,5.354865416978658,2.957333150627388,874.1073590525203
6.594029061046156,2.965264384380448,4.136534983814538,2.1561562512886034,941.1201606770189
7.155677016959479,2.7209891534309194,5.222551490649025,2.2257503284007285,925.2008940127587
5.040773756211848,-0.018234111431196354,5.219362520686543,2.6136723136852673,958.3535602492834
6.91129334090869,3.3226178412607723,3.036315876094437,3.0109148722949293,944.511782137314
8.99485576586917,2.0934584917663526,6.03063516374451,1.981584012679838,884.5754709626186
6.800256931157703,2.392044503868506,5.317310233318679,2.941241306662455,933.1149503221122
8.460719692801236,1.1351038875715773,6.681896452771936,2.441709011313428,890.5198925769182
7.2142453410032825,3.275247012921972,5.715531979794083,1.4755340869536009,920.5747389208161
7.986085542332341,0.8141476707611301,6.235608570315549,1.813409222265191,898.1905833689012
5.778462915276499,2.832092018373946,6.690038753207043,2.4933952187188044,945.2988765183416
7.627814174450852,2.8206074759086714,5.368282917229254,1.4329401886048836,913.0701731494935
5.0,1.0258325718277779,5.499176811136098,2.709167281709162,961.0790029915746
7.219655762757022,3.983373599422574,3.9264567766097684,2.1265468006777652,933.1907452423942
5.05429013442729,2.231528480217519,6.739537745234241,2.3052945912798544,956.1630133236811
9.308991774820225,2.6538926102710243,5.354302600278445,3.152404258840122,887.7965501225905
8.666111029146768,0.47287920466424427,4.494269449652018,2.2852535020609586,894.4424579256682
8.200006472949122,4.117730003008565,6.239722486487428,2.0571294831322504,904.3161584266256
9.78150934073907,0.7754430597749102,3.320218808035748,1.9339292295135022,878.6926116754493
6.076625218762744,3.02488643276593,5.070725777126822,1.8922744321754064,945.5845901024827
10.121044796873338,1.0052282820683045,6.4083110412118405,2.2498394913628856,859.8339102513614
8.898287346390577,1.3810111971523173,5.062278148034095,3.090658387293132,893.0125324095621
7.145167069171581,2.7887540438854472,4.782078049051418,1.5105789917326649,924.9732072170054
9.203430220774417,3.027552713675157,5.0838452028870496,1.4500342890632294,885.7273173266399
5.840559731382548,0.7287157508858979,3.490070735531426,3.0280319161584233,955.1441557491445
6.2632287577084895,3.090472169056994,6.215478431783033,1.5470824481131569,935.6895344574808
6.587115415140449,3.044980495133194,5.377113958023087,2.1728758930821632,935.7646672772677
6.706533437903977,1.0620465911551076,5.227675390005238,1.5265620281473073,926.3017082254925
5.915163535859621,3.59864759359111,5.231331383590959,0.6564124333148327,944.8443483373634
9.334624600642988,0.5431423717519619,5.514079798464584,2.1585801546335692,876.9907967576049
7.111718399445253,1.3752274172223846,6.153437370672067,2.8921343152208405,920.4141781433652
8.02875745253532,2.4790026240919887,5.4479364588007515,1.9503561185658203,906.2139489317011
6.6444729503794795,1.1464337152973936,4.1383634518201875,0.8146731493950174,930.1085472534071
5.0,2.2638190856793408,6.075516121544067,2.087256466440332,959.5394993390235
7.905086037587133,2.241076078803295,5.998569691004226,1.3952388890836862,903.2249415649623
5.0,1.8129257300772794,5.7055269982164605,0.0,952.237362245209
7.397048930871797,2.8324005385905595,6.575241306961319,1.9352930226211678,913.6517053552328
5.447527441750784,1.7716392073423608,5.530378676412959,2.414147355110426,953.5932302876112
10.480913998846212,2.2315410688138058,6.611376088989256,2.942164382505533,858.1929518925715
8.867044083262083,3.146471877487903,6.907211021478396,3.4054837919697127,891.1115050457693
7.6586306869072205,2.7906862100258403,6.082312885524482,2.5207485419092075,913.1399134077112
9.395560016482003,2.7860172908142085,4.752066378122063,2.746853926884475,887.846759884549
6.230526033801397,0.8508203977832198,5.369214281497559,0.9723476399375468,931.8462914927132
8.31521906800514,2.524792575501322,6.738856034058374,3.297460641237003,900.0219696477833
7.7997156505780705,1.1215012090304952,4.002372133930493,3.0138881452572406,917.3649107500231
7.896030122000505,0.7185850202219737,5.108046331821392,1.7063076120267815,904.4437408109801
9.408530250160151,1.9282936537150317,5.157035163553256,2.5453281002302743,882.5796836632201
8.598738154169704,1.0957048133484102,4.634789399646266,2.4648545467588883,897.4479749672736
7.933085494237535,2.790617718839977,6.372878949918786,3.176170808440315,909.1219015330211
5.017668845657556,2.8145354596953243,5.876815071040777,1.8791137822720927,960.897026593032
6.059930557080804,0.09737376356855809,4.788941643399508,1.4030138898399906,937.2175974670504
7.315936599606414,1.1716974604231098,6.10551292023584,1.608001304270925,911.4937449346924
7.6400585614149765,0.5402133280820012,5.341583765331782,2.717436786691094,911.3826062807283
5.8046944129891145,1.5373707234071095,4.609805426777657,0.46410367188613244,943.3228186616086
11.117515013367631,2.4551756698688245,4.787081589757133,0.0,844.5142314779255
9.77459108288036,1.7577119018216116,5.93605107477594,2.715399205574383,872.3052696115361
8.403177480588726,1.4102407593328645,6.439009878521839,2.2198443713242395,892.661895705788
7.608055291925617,3.3001765268131393,5.013231767045214,2.014770669042542,918.5910832520702
7.181686545148272,-0.30485717259628853,6.0444413336690115,0.9555626976092351,907.728119782244
6.072122309966646,3.2368718935182246,7.081754157577483,0.6320881883237695,932.2206088453654
7.6162207777782935,1.4557117068445145,4.241129443629747,1.4923767332014513,914.940118730051
7.886628810214126,1.9218909898872105,5.855669872838623,2.2893560794957453,906.6683196988272
5.6373591367775635,1.4726366622798914,6.330655691295409,1.5313954297862358,942.2230183779794
8.001264625867346,3.5428881055391184,5.4048501834011695,2.7200801601936178,912.7572806164263
7.2671114267628765,0.7690215031947405,6.738283210855647,1.2367525263837664,906.9549999237927
5.0,2.0117363697219357,7.698837038261284,1.5845239414723329,949.4175813058864
6.209422483830747,2.5274386518599967,5.843355348386303,2.5625608437474954,940.627419608182
6.879591699867533,0.3889972321148325,5.266410267722001,1.6984679868123471,921.664389826099
10.331531486010284,1.0801018295538465,6.476982807661956,1.738120031741923,853.9048349271158
8.334829686800637,1.851821466501771,6.342068860377902,1.4852092370809498,892.883107878232
5.4967776463501625,1.1133349653156253,3.0,1.3368474073577215,958.5992126864883
8.229054434126455,1.1844082287808502,5.497264443908886,2.283341883116968,899.8858386245653
5.179044016592451,1.6501373369235626,5.1054005332608865,2.3869650357157,960.1230619145964
9.12403658083061,2.649581331646173,5.896705691513917,2.1817187500410262,885.0915637964564
6.793313022273182,1.6572822231218556,5.30634171970621,1.507053115557247,925.9099437814679
7.359545716891244,3.0784261944729465,5.414823907728998,1.8388064800693018,920.0726876833204
9.488694971313285,1.0022422173406453,4.6367872405389186,3.2767478267369414,883.6449705669087
5.569254647123625,0.7480777395265474,6.234529218424488,0.8631332983203464,939.4292954608575
5.404322722330513,3.926345405721134,7.155042221468732,3.508713024342912,956.9255671673405
6.624601010480992,1.3420418723344887,4.652328050784965,2.0797758768940375,933.3401588547624
9.057568276528976,0.6890879929278402,4.102944976853027,1.8558988880187968,887.9870352778931
5.220980886784736,0.25794605822816963,5.520003219827464,2.7627026710413416,954.9286639723365
5.0,3.0751034538089392,5.4713443389647365,0.3461871447533056,958.1356036384233
6.823261712386502,1.6586954853399407,6.6709327861203604,3.1042556596638007,924.9530861521991
8.32761119986638,1.7462902649336014,4.270805047621468,3.486180663158705,909.7979301171606
9.300392624608243,1.8407982884133605,4.962044824975902,2.8703782939672795,886.4628232243803
6.805257956871902,3.012942884669781,3.352296760733147,0.31817170487142654,934.1337314551239
6.882860089325996,1.8204701660240796,6.874983636211823,2.611334238240386,921.5134035596129
9.230851101383621,4.344053778832626,5.750544628323364,3.316798846414947,892.7345387441676
5.0,2.133760574054229,5.036567086019203,3.2341990301886043,968.2743754439235
6.917218837225486,3.061784766958321,4.177728521408824,0.8735286022188851,930.4151979031228
7.785635834887587,2.805239857904407,4.269523941822749,2.8130854652824047,920.3351842760189
8.173828081927551,1.9635526797419622,5.914266899791391,3.436456322223318,905.4373860872684
6.735289960213676,1.4130290139795367,4.39257495439929,2.023572574916815,932.4781741297625
7.551661517558762,2.3319639285665534,5.604005423148569,0.8378390217682237,909.8134110774446
5.0,2.510098731207273,7.54294486113503,2.662922074179947,955.5445519717398
6.512627381499227,1.4274139518734728,5.152412377055179,2.8430863749214,936.1751793912425
8.180263068831701,2.1663388659506557,4.538555556025621,1.888633468539278,906.5226255231797
6.02655894861798,3.236204978259596,5.882007205452763,1.0474212353089403,940.1900889350437
7.5884763323843964,4.069947739069679,4.274208259218272,2.7854976672289307,927.4064773263813
8.170308751204047,2.8543693203494214,7.219984530329404,1.3849529075025935,894.2850443812575
6.986176198713353,3.862759686380282,6.903619668528335,2.3178773812310967,924.0648946284556
7.755695656494856,1.3706257887935442,5.335828381046356,3.246533084010357,913.5436078405827
6.055901152073082,2.7018822520592938,4.60270681857578,0.6729615224383843,942.7093202117795
7.19008308045593,3.338519508581272,5.07423012722464,2.726211198375403,928.8352596988233
8.415324254383833,1.103666667028004,5.204334387914572,1.8347343757441594,895.8892558434344
7.735459441452651,1.5144098879549908,5.883567131707065,1.85547737281234,906.5994466407992
6.620203095654096,3.7379047618352503,6.539632329301116,2.4114531476262613,932.5642920842736
7.8363246064361896,1.02490114421306,4.46348736924141,1.3828927748686741,908.2029813681802
8.571914685954926,0.6588699673442893,6.510909565342745,1.0599846904570858,882.7780476197855
5.0,3.5279815736395115,6.117685612811298,0.5726441823754578,957.2360668493184
9.238611097433846,3.1967632249804385,4.992210509193393,2.9854101675353717,891.6827499409081
6.995617891978392,2.4321202439837695,4.41328810432299,1.702662251912829,929.1892365819303
8.138234899860345,1.9542892453541725,5.616232717292568,2.4559523298858927,903.8119583889008
9.295870385467842,1.561475494395018,4.440411516297916,1.611974340094676,883.5119584540271
5.442489454154301,2.281948873809051,6.523680849162606,1.0705915973000353,945.4938183040072
6.43583849635868,3.5798069574015496,4.376117227867796,2.5218500879513117,946.0234025964726
7.067176956186443,2.238566126142076,6.047706193163144,2.2623700589798577,921.800290928065
6.324369718313358,4.166959267246966,5.419383635184918,1.8104806768100592,942.2373938091141
10.102404863755213,1.1020580143597696,4.939375115624799,2.241516850753175,867.2503597913633
6.214841859259811,1.9803192456717307,5.397168493680709,1.2316123550047973,936.1237965781941
6.6666798307697,1.6269413323360844,6.579983169634202,2.848479819644249,927.2483446551788
7.806583547404465,0.9148584568376672,4.30774259100621,3.03391571082758,915.3151645089538
5.696775710885866,1.8469162669903445,5.0878434448081835,2.6074436570695365,951.9440865483666
6.906478932365604,2.41732930166044,4.748256435312812,1.702411392725064,929.247418566365
7.976179891875263,2.52423017995203,5.461382866451285,2.0474774357467274,907.6168419451656
7.000709393426233,4.170452178944556,4.815319107487346,3.25506915850781,937.8499902813603
7.359919711650077,2.4644674697235596,3.7319187576133857,3.0249329740889417,930.590686044546
6.706001831327444,3.150136803679616,4.444862453067637,3.5950952724069802,943.4723916261651
5.22829453622885,2.066094246298976,7.137755018538112,1.3755849173494608,947.1547396296552
7.982389817008858,3.6780556004525953,5.746728211286273,1.3038301728102941,906.6272865892711
10.132399607470862,4.39844928558807,5.712362053808078,2.107496230065687,871.7964432334694
7.527602446175157,2.5310851309759497,5.217387609991362,2.32551660583704,918.1483914038189
7.837896175871324,1.0073409845484187,5.44837457589083,1.88616866795235,905.4172181425738
8.539084132675288,1.4511949772228316,5.07018807716862,1.6882524577316753,894.635793702619
5.596004255179951,2.281934303205162,6.026928531041065,3.0139161462633037,952.1774679543539
10.05377198719441,2.456498035250646,5.600808854259373,1.9274143275622881,867.689690682759
7.803493194634203,2.698425134384372,4.328731789841385,1.0278308656653408,912.7885607022488
9.947785348633664,2.4601976812300412,5.753724503104193,1.1202487304515802,865.9576503838911
6.400450506714016,2.0069849162559388,3.0412580767284494,2.197651460106801,947.2945218662833
10.227092883836736,1.3638015587978713,5.913859199677786,4.40212198792935,869.1675272262783
8.662733241052175,2.4011382612642294,4.090643143163478,1.219245005003857,897.796438268261
8.329560128778537,3.8549873574806566,5.403944913829924,1.7481007450615522,903.9101872544101
7.851036681529722,3.0199286054277548,4.305372396803811,3.9238438202128316,923.6830358987446
7.127207072888326,2.534703949636198,5.502823199533097,1.6125754161292245,921.6264251339339
9.30079748771081,3.029566923822751,6.078278519276222,2.364368673017124,882.6991147950337
7.71053980477207,1.6289359710991476,7.00282708524958,3.5007285780729847,908.2982553546271
5.0,1.4917348539166797,3.9586423449885215,1.2388170552769422,964.072652783861
5.8242203074394965,1.252214895634018,6.475472955671135,1.7525918223827512,938.2818741758373
7.221231371710879,1.8747133772305622,5.631152705377471,1.6125072530923676,917.4392137101493
7.964998474748333,1.5779941032909197,5.049332847175376,0.7856837096262466,902.4069775783069
7.415117266650157,3.208274740652139,6.25985650505946,3.2554927565509013,920.7420056725695
9.328456184690495,1.5246765823178112,5.2640751489147934,1.5316765292241075,878.6744498756833
5.0,1.1972782837750837,6.217530516400679,1.2990034593424862,952.9711823792233
7.7153819047577405,3.9425771788306316,4.507730286872005,1.6444528895436625,919.360105815591
5.0,1.5486247689186565,4.867002967703708,2.7430651241232846,965.6033015671995
8.639568443226253,2.153528457250351,6.4436000527946,2.0903148296063048,889.8356022723608
7.358311928336996,2.4513228247434116,6.985400523570422,1.366666955655709,909.2864774544028
8.129414958036177,0.8633068810791849,5.464968100847151,2.327319875932042,901.157036248266
6.204175559115351,3.235483769503069,3.0,2.650075758198858,956.2476161378679
9.419197397486627,2.6371190404112275,5.300950717391545,1.9809883296777944,881.5903462800268
9.062586996088276,3.558384011880782,5.53242611782243,1.8121912569074723,889.0893432937269
8.375316454517831,1.3207780627818997,5.2672266233068274,2.8127007507057757,900.5847277353785
7.3057241297048385,2.09912579247616,5.836338561665531,1.856651802789247,916.4478625431298
8.369785927942699,2.039355754994195,5.023090072402678,3.2865532050320185,905.5903933827462
6.439661148018977,2.263888494350022,6.3388708606780275,1.3938921023277504,928.9580806645899
8.783333488531069,0.545385251422839,4.333286727268958,1.3752692273913665,889.8278402088871
9.974221341485881,2.1108363786922224,6.736848707354141,1.2769625759325232,860.5026708381861
9.10591583996878,0.5735360885762548,7.050078823961092,1.8089228346480137,872.8864574771799
6.405596295288886,2.3583340711969214,4.586940261939692,2.002003249093055,940.2638408348728
8.042125975909654,-0.12864912451851973,4.586400174396937,0.9394912723417488,898.9356725128393
5.560287684362028,0.14841316570941343,5.910695313777528,2.0774058143313483,943.9459382234426
8.358585466763513,2.8185487164399983,4.312779590257111,2.4522833498287646,908.1721302037337
8.175905119293809,1.4531615448052173,5.00739712889768,0.8276067561655764,898.4867859747035
5.0,1.0121419263677591,6.602526956456014,1.5830628588952915,951.7211194621361
5.757324234131454,3.270845621075548,6.237606764476963,2.4539885828551844,948.8733946013591
7.075291654884349,2.327626217328415,7.48019634168959,1.1284645872992636,911.018627641394
7.04871037928876,2.872090195533784,5.670784147600208,1.7472171824692297,923.747620223213
5.685784596871792,1.8337579276791696,4.889161997721814,2.8705468551470377,954.0144221281502
8.083468094028275,4.679628693900003,5.551243511653021,3.436146210500815,916.3828390809315
7.8772104134107686,1.395486139440205,5.3494116605913655,2.351932168999302,907.9617160865254
7.2085963020322215,3.744495549359888,5.363442890796865,1.864597371337909,925.0735441440863
6.366312749762455,1.9386339599000872,5.476196291904267,1.598881583491418,934.1888983357728
9.073060689624846,0.345489605087254,4.5682332911537635,2.7286032790172383,887.8231065652503
9.983110669632442,2.4828487457481088,5.782217754970643,2.9067251192925356,871.8769944286286
6.774657774230194,2.3147625614551637,4.091336732241409,1.0748513623058815,932.1332842086337
6.581749624267768,0.9486781857607702,4.783173392091886,2.728341452755146,934.8439430579139
8.236811498117994,1.0777807228652851,5.381121236860182,1.514362958619023,897.1235308064623
6.962955930379521,1.9753023569150077,3.2404466873444084,1.3123553808382056,932.5239981913005
7.290904199005149,2.3497478152479814,6.268991536344918,1.8770846371596575,915.4869225092762
8.609479727587008,-0.47066328287940085,3.4468454901524948,2.7932905940498918,899.6237359883047
5.0,3.053121452523803,6.169587690898178,2.2475242598717378,961.9004163365877
9.477453487279003,1.5055020261850225,4.2071907100718375,2.225865331832653,883.3464980222501
7.609020786494012,0.6682525156018237,5.095081309296501,2.281953323199745,911.8433761638148
6.882760283156729,2.9410665514519305,6.01913064694943,2.374126414952289,927.7390271671434
7.366148768667826,1.9763820205815437,7.698139519479483,1.908679025978828,906.5176759512625
7.443644032530778,3.2161657767822542,5.616451977707349,2.5055110123135886,920.4353227816174
5.0,2.4379522629797554,3.5173736718004918,1.4722542432199714,969.6328850246194
9.742407341179854,1.9984854970519539,6.453695132635774,2.520806120756423,870.4447143932872
7.561988448405928,1.8472700550198438,5.268081595140981,2.685588278267191,916.7047072909035
8.164503195671063,2.482712760556138,5.569906654458824,2.5593092756535833,905.3975737246676
8.927324655861064,1.5864687411906697,6.057863029887614,2.6008230653552786,886.5940079030504
5.96825631365955,1.1474274112535006,3.274622043094286,2.371892512184116,952.498202688266
8.210207848552843,2.609909122654644,5.5065368477351955,2.938754332274091,906.6085502432145
7.09853836365181,1.8555121585555705,5.090306110047305,0.18270897281707033,916.863819325606
8.77015616282474,2.033567648069006,6.721834906005519,2.6829967660521294,887.9829647663605
5.0,3.089379836154608,6.227113763338743,3.5803660217263005,966.6922523441681
7.351358549638096,1.886123392264259,3.872998077218453,1.5024836200329132,922.8168132486053
6.595769016324057,2.0150339255417906,6.762625852349048,1.413016113309997,923.4608506767241
8.148394425951233,1.400350488549068,5.949525088160211,3.0290552103790427,902.659635263024
8.205066281052304,2.430739933981851,3.952758402546782,1.2586085284165742,907.1792287421036
6.43856115776696,2.349827912680088,5.555753103492773,1.466620549939638,933.1303588564459
6.431739203735935,2.900775131790558,6.534826113855855,2.135958815758237,932.7316387933981
7.334001947164006,1.4208711629931239,4.285956127426606,1.3608390318775512,919.3944195335512
6.155036659027187,1.5421830304098143,6.877577335845417,2.7000196015948474,934.5923471031894
8.76297554317819,2.7921373991454694,3.987371225872474,1.3673583021942561,898.0540149243571
6.946189199328831,2.2522130033628636,4.708772823353016,2.2885066781653443,930.4120063860497
5.0,1.0937818738073055,4.557129164610308,2.2275859703972047,963.857620622362
6.937766915067291,3.306554067734501,6.876933731588662,3.3311104579267763,927.3068102803279
5.942184268734041,0.3015494315997491,5.008983863450803,2.9322414930365825,944.6428589047599
5.053086276808582,2.784284753263752,4.337182997339002,1.576377966837077,966.1869748119738
5.643860042666141,0.7347879640018034,5.945210878914062,0.9884060748222034,939.8159016373629
7.664112707749455,3.885788516485527,6.161180990592719,2.670375073581949,916.2831572643234
9.492961242372347,0.4554002730943767,6.167536094794132,1.4772873321973385,868.2279536887891
7.96977671079747,3.152250651872748,5.22866083477399,1.731458609676999,909.3946856441914
6.59024491767639,1.918365639988756,5.754534301036948,1.1521378479490911,927.0110529613366
8.183856292756055,1.633397430161256,4.849766913770714,2.5432095446294665,905.9567751418751
6.811364534671513,2.1853966564677614,7.17480167793573,1.4828055068499935,918.2690850097358
6.458099446255283,2.631900339157813,6.644205158657932,1.9719666493577692,930.3725141937535
5.768455997650523,1.0955994976691303,6.5829568290406755,1.9843975472860274,939.2446506630621
5.0,1.1842122748314279,6.294115934573545,2.1468484959311285,955.7325895558764
6.915114440160832,2.649604865112886,6.019733305995001,2.5293108013757184,926.8985452949144
7.737080234880198,0.29265704635040013,4.255637515850212,1.805743702484623,910.5454729150853
7.355064494977666,1.4157709068079147,6.133301236255648,1.4068579344907661,910.5694619911264
6.876049608078962,5.0,5.61426523006332,0.5123642929956427,928.5651391398807
6.081380908954828,1.0319870354107192,6.763364084950919,2.082103703494136,932.7713417042124
8.412369287527452,3.1478027917597524,6.307419182382429,1.8744007675055772,896.6655726980416
5.524302120080122,1.4140492312861879,6.050380470153021,1.4316217359032062,945.0945415931466
8.664041870765214,2.509045144797144,3.815775202469844,2.0500419697220287,902.4418585936322
5.9966744716099125,2.6543556905962173,5.410999463391529,2.6847861380919085,947.4037641337504
6.371347143970448,3.1289567351829475,4.942107740096343,2.8895104679577432,944.7009103626649
5.299822214076484,1.7997461731872244,5.752365924183073,0.7718900652604868,949.2775281366875
6.747896779671545,3.988884638754853,5.084451728557356,1.711310959187732,935.051484270622
8.962968687716968,1.4106634354148198,5.224054223906694,2.768820169918742,889.9426922842034
8.273442132665934,2.23422041359956,5.959033904906704,3.276832827618419,903.5377617472807
8.967633168042052,2.2452769322176076,5.067861886431224,1.3461890774732659,887.6186113116004
8.283213818900904,0.8780318800505846,5.621591539574013,3.1026583433860617,900.4934202921613
5.844495257204446,1.7141277450208794,3.9805881091256934,0.919922974212305,947.697183381241
7.003816163508664,2.1615134992384073,4.667598523239941,2.918627650495956,931.6226037483932
6.3297013063238055,1.5678789568705802,6.1560435672029605,1.7745949342357266,931.3278285599093
9.49586235605856,4.440923965456535,4.269807883303526,3.250258612515,894.7134934221289
5.704817030360532,1.1613763264004693,6.745725077602997,1.6287750269957648,938.5320646755217
8.840546534083666,3.179424468140428,6.474399355301321,1.7520874185917288,887.5582369271657
8.839430805163154,2.8564598131487866,5.231770064660213,1.8932858966369215,892.9814026374698
10.24443030257413,1.9861378654957287,8.498734105502464,0.7703598762216852,845.0515461658125
6.885470111055754,1.1347909461477532,6.743103577848293,0.5900218633930718,912.6457723689429
8.568483239370243,1.23174467960823,4.550720493294265,2.4081233544325693,898.5701479884913
10.922477754808265,1.4820327007834901,6.246174053700048,2.7907698778826857,849.0237395917705
6.573537484599455,0.21425871805373697,5.565863066319757,2.4860620022728828,928.4068719998883
5.19743962870146,0.9965345742007095,4.723287909140589,0.9968195086571816,954.5628341628737
5.0,0.5175234846363574,4.430090856833791,2.3841509960576337,963.4230097431928
8.569068043291997,3.3458750031777167,6.4948933348883795,1.2078368210370365,890.9522246206616
5.0,2.6184623923882184,4.902054535375866,2.326122166578932,966.8741309449391
6.941521420593116,2.78597409886546,5.398123644962948,2.90503931616195,931.0760406198474
8.155969780558442,2.588831951541948,4.578974071773471,2.2939734826680147,909.4731551481934
7.777763305244871,2.166967623334163,4.751842062701409,3.1748271217935455,917.8037334930582
8.138167296276258,3.460680332129137,5.373070799928528,1.880010022917804,907.0042444814885
7.833434783701281,1.3892373442682628,5.888182292724151,1.8266805429565078,904.2992891722955
9.418298719970089,2.1066696553670448,3.0,2.0538810382246244,891.097689609226
6.071525428891805,2.747058827824123,5.51691979916675,0.9258871329610066,939.2345442207313
6.484507292312204,0.678790768143871,4.753878987414964,1.677639139506306,932.1272709135982
6.3410108320937635,5.0,6.902362653450225,1.747893464207948,937.1233758713661
8.745287717793914,2.028565762777586,8.442752646005436,1.7728000453704953,877.0433632920356
8.850597882592595,2.1419894505755925,5.140720965046285,2.21463293373073,892.3991119768967
8.176837978977762,3.2568780316749217,3.7777714392868056,0.8157367041413672,909.1754066461089
9.275240500334892,2.914955333010224,5.616876969918566,1.0835088129115995,880.2354269467793
5.732938698935429,2.038078019396459,5.294570670506795,2.9056556773107767,951.9528633756566
10.000836167326705,2.130129438098042,7.47135064900129,0.39420142074895237,853.362157187347
9.784857932568388,0.49585146905202104,7.166589343375542,2.4930968550982753,862.0447479071524
8.60343299586862,1.4435342221500238,6.365374970596564,1.7011522553618534,887.4428995333143
10.17269836315659,2.5172102161589605,4.913305918787342,2.1280979853307613,869.5904789314402
5.015065188483339,2.4438928390428867,6.177766566180804,3.2464790282671516,963.5985359675526
6.713327795606022,3.221165750004087,5.765006359068304,1.8950537713077418,931.0714759038366
6.397044808977071,1.8794989417766754,5.741323203299391,2.5003104044046154,935.5727704096264
8.582218985636015,0.6127134865691337,3.94177015143213,2.0468535741455325,898.0752615863599
5.924788890596782,3.056730430775678,6.5617953384536465,1.9124990641973563,941.6393527317688
8.636242724006228,3.436089346182016,5.607808328311235,1.8134597617277097,896.3323361963119
9.555804215995071,2.898244572856229,5.399158652455425,2.5608466788049813,881.4784058519974
8.542804350126,1.8363663291425085,4.899843504991172,1.4147185071029273,895.4157816941779
7.925626535492252,3.044386051876579,4.706383500346623,1.0943814491589894,909.9735992388395
6.018189988648876,5.0,5.817258581278982,2.05957997874487,949.3330513291145
6.229723550811953,2.1151523144404756,3.7508371981419177,2.1542272028707963,947.3107491355061
9.374428357945,0.6882633077548754,6.2894987596500425,0.5406734676808318,867.0310232382591
8.669023505857998,1.4137149504478481,4.445894563004314,1.991610057111469,896.1458071972753
7.441470720933684,2.625476000304051,3.441319313794708,1.0184984630283913,923.410402104802
6.873135681351164,0.39519568910193725,7.321895315926021,2.5014744859582563,915.2309441681715
5.0,2.1694030749120694,4.641912950654421,0.5570521152826935,960.2499732273131
5.893721371973342,2.3803366503158827,4.777840838478304,3.540060663890471,954.6799875064255
10.367128630709585,3.535121739812652,6.634538331008074,1.7294412666913381,859.3273153957833
5.5793166434963,3.3101948560543004,7.3544309005166415,1.30803044121015,942.8379236332597
7.784219731831621,2.864584791751771,3.96699842139657,1.7736220317054454,918.0670358553695
9.011165959792798,-0.1626790105145295,4.543831939749331,2.4450166869071133,886.6150822639785
5.617615997996561,2.9210531280479253,4.617321177839403,2.7123760713879497,958.9915761731277
7.777065712171625,2.7055133860602463,6.434801662695654,1.7805509519801306,906.3067819105471
8.906873306265982,2.2559443770783467,7.139132127929534,0.8490476681502477,877.2977342461479
7.518748982860876,0.26977787385451446,4.419747438421921,1.0301622931022552,910.8943273285203
11.802604583500152,1.2232260908129398,6.91474533796822,2.2291101589925963,826.7330795101655
5.0,0.8331772304659337,4.790965888471298,2.7898617036083615,964.1348586290316
9.088092794825819,-0.015008439507090632,5.836122902945572,2.893980201267295,881.2572353200324
7.240797393905304,1.9970848485852055,4.228546300572182,2.134474060328625,925.8805384076759
8.657880232255012,1.2021778785572204,5.378069586418002,2.7738396529451386,894.3381638933436
8.16196072754887,4.625305580268911,5.388887285927284,3.5298793740736008,915.8749584285332
6.4002657043350055,1.8312280605620905,5.184841693684726,2.9522781701890337,939.6471451058063
7.84349458868901,3.2937531558659603,5.8849709813196975,2.7376303211234974,912.8294416866933
5.0,0.4309009753067754,4.492969135147474,1.3547542535261727,959.0595930657876
8.404871250857092,1.4699104139951302,4.616276701813159,2.7700956963424024,903.3195141160671
7.947237698985789,2.0968978760343147,5.937872144949355,2.3689859823109978,905.9432462531826
8.457990252964654,1.0918460513923296,6.842035330975729,2.520516502693711,889.9984888792254
9.087177487630726,1.5777993151952556,5.477186305952077,3.0088850231556092,887.8146947829249
8.051429760314566,1.7820490937564613,6.003670773462172,2.2868462786945525,902.5153224898742
7.722134129697414,1.7660920145551056,6.25808001029734,1.9179629354708294,906.0404519803058
6.178397495008062,3.8551185730353463,6.3305051886334915,1.1441073538712638,937.366817640874
6.431668854526423,2.37822628543151,4.546475274163361,1.76278694588374,939.1326680559902
9.280101930265996,2.4795105629413032,4.722989769795096,2.1702818137301474,887.1294844851876
9.654503108558968,2.5396547743450704,4.809925406056465,2.2220954721460227,880.1219210194465
7.142834345531919,2.6126263773371123,7.428633800893964,2.1951010389362593,914.7651374565628
7.569004120879911,1.9171130161251346,6.008192939171904,2.7676078878088353,913.6326728421224
6.143078437509351,1.679253628521154,5.963315720385017,2.692291760173697,939.4197659339559
9.259135267901167,2.1668160595182773,5.866235753183739,1.9503294068347223,880.512729964215
8.498125235537668,3.1568039489134727,4.179206596380501,1.3221903140352416,902.9375909315097
10.411826154695625,3.1262381884363837,7.438190470777039,2.3066863494220575,855.7655255991357
6.182515384230392,1.7596015243115888,5.979187530786961,3.7970700380923637,942.9463806296883
6.932988151472674,2.7678436946681115,6.223160112654953,2.256994220223235,924.9370282661172
7.847168883788359,1.805415336960332,3.734478711084198,1.7632608381014243,914.9837718628517
8.469734306588656,2.0338705494352443,6.279643852361518,2.4286689219737285,894.6817452066365
7.176498543678552,1.5264766184458027,5.143787549872373,2.476589007009019,922.7802958522097
6.1905583643194495,1.8183548610937665,4.177217025273762,2.467720480324621,946.3946855053945
8.822111293385356,3.34133006954968,4.546236334128203,3.0983041560365607,902.3267333438358
8.581703043818372,2.0924211473392362,4.2351057915466335,2.3088743655627764,901.8239490952565
6.125588849154413,2.1352825085523177,4.218215804885389,3.0603297883282785,950.5012089244531
9.533164201658243,0.5527822207420416,5.56054782036421,2.184187290990008,873.2040376028161
9.255298063794905,1.6907560923672704,5.113237211268349,3.209998614007099,887.4433073228281
7.701444745871689,1.7586850962552714,5.8340693621613875,2.965388156591683,912.2726805538093
7.6193967935640545,1.1708565145565948,7.175975871068005,2.7374395292423204,905.0708965636368
8.331086656673861,2.0216654117035637,5.370496286372663,2.6313485886103205,902.2080437025166
6.207445394615613,1.5708177097723457,3.255110706041573,3.8412141416563346,954.7871488942827
7.545047218746123,2.079995855243582,5.258041788452183,2.8612940709331456,918.3694297950203
5.0,2.1215030098189342,6.693394436397872,1.3205463963003903,953.4171418623822
8.814683468254403,1.0442456421773556,5.41406052750317,2.196720441174657,888.6667514204229
5.15776016633721,1.6012982175168107,7.0293306536917015,1.7882265854181905,949.209098291089
9.755129742643499,2.0773742827608337,5.952941593137819,3.65158105343836,876.9631641464334
7.004819859050325,3.1842994311567256,3.661730265602611,3.001150047676366,939.4417784768953
7.182499527103235,2.2567191727957407,5.609582250438359,3.6255608196968687,926.8142840727139
6.558399140873242,1.3380648200825722,5.797001294264729,1.392004377412174,926.6791770934303
7.067941689116886,2.3990047592438524,6.580355801273644,2.88133974283997,922.0594372281585
9.627797017722056,3.7075488893217603,7.319636571611568,0.9083768135711741,867.3198885600684
5.0,2.9167064725890186,6.407725519708699,0.726294132689614,954.7535015654832
9.415448079132283,2.5475265304356203,5.940479797387217,1.6824350940207249,877.3256922399615
8.007035221652561,2.7255901754823215,6.176188271578346,3.209900109996564,908.605094413206
5.689467528214177,3.4399540414286305,5.331993193550432,1.2059079672368704,950.1755850389138
5.887031410426143,3.0756267940176603,4.037122163192571,1.9865505225414053,954.4095644063917
10.014589540812304,2.566760381117658,5.54149608622286,2.951074294564709,872.8099355790538
6.081739680085903,3.068642219590085,5.865290327458905,2.6771305289274423,944.8364792879847
5.769974234106061,0.9183489037359391,4.296342374088077,3.772949262970288,956.0080519057905
9.205971813547094,0.4977347476597189,6.826621639499941,2.0026975937678886,872.5738486391365
8.007829314428871,2.1570986506438303,6.505411015482431,1.646696364295466,899.6582292401051
6.0931116351954016,2.0686807096505384,4.128238584712131,1.1244151351368181,944.1362576490882
7.824937463106928,1.4560899464867423,6.865832288789875,1.70560004790608,899.6473661722468
5.961370974539584,2.8258526698277096,5.191685630790153,1.1171208326512765,943.7269801366716
9.151232097633908,0.13713641354876405,4.721508434881652,0.5628437760723084,877.0184582025997
9.0920564473097,1.4652277439421963,6.579277692746526,3.5707140650736706,884.3751505364411
8.298009298232914,1.5150444551223852,5.448945587239942,2.039125439420314,898.8419507366372
8.042491591870524,0.36369821490054055,7.39918532083687,4.073173496983302,898.8803680776672
10.141782187301061,3.494731007269304,4.647111956113249,1.3285692506620128,871.1563578430178
7.499529491082338,0.640798731336677,3.768342476027345,1.656953113036792,917.6476529932676
5.727188811868798,1.4116599426923142,5.219561718833859,1.379704790594316,944.9843591677853
8.17421086924846,2.907979757805134,6.289222499060473,1.4873951480057883,899.0711666862053
10.62907057430567,2.6460453434287317,4.572857014464457,2.698882995367555,865.1678134515884
5.977860760221222,0.8918253035152535,4.169899617200121,2.4530591730115,947.745329360315
6.957805849959021,2.6824892092606367,5.728927402702754,2.7003275403342095,928.1846621120749
8.124669057152179,2.289784478658222,4.0363127898324835,3.0738172737215526,914.6454000179491
7.419142726491391,4.333035562111467,5.806692699613413,2.8858840353339867,924.5374820637912
6.026544629434028,2.4039404160683047,5.159376948771823,1.1932082044464103,941.7708953621094
9.182786784345707,1.8587581789314682,5.994466488352373,1.5809451490647786,879.1029479140711
10.98006108302589,1.1434980428805774,4.116171196075398,2.09718624805731,854.3325601763779
7.794197188535861,1.2557566330444287,6.798163151443903,4.98226667581055,912.164066679228
6.143897565395999,1.174230904531842,5.31696551500631,2.6179201137051002,940.7243826854818
5.176559212419788,3.371098813911922,6.263522667904823,2.0853510467254317,958.4634898278673
7.886963971831771,2.0179699150164705,6.45987546128489,2.538619777396601,905.0478508637657
9.155816014974386,2.56524712397473,4.342555047634044,1.5175087564713161,889.0211131999408
8.212751619743072,3.5142475999808873,6.382257509608077,2.209940408801844,902.3010515777909
7.496394238621719,-0.35846414220746503,4.074933224855674,2.7637297478480582,917.6095873712932
6.616092522316041,3.278873764700375,4.129862257240108,1.9768034523669271,940.9485862350741
5.861754550922866,2.055396911783334,7.463999235988434,1.3947573967622497,933.8968238053195
8.752126989487323,2.4350483716404443,6.611853368796624,1.9377007578562464,887.1773516067335
8.870657432078378,1.171596778251749,7.5736641754337555,1.7443387131230532,876.2559283717153
5.1814053199639005,1.2448756015514815,5.129785969392089,0.9142980642632823,953.3567480183864
9.884758467271027,2.4888458898129877,5.602428664078008,1.5427582718459136,869.4851400246412
8.361106831341003,4.38459780033147,6.027354746752363,0.8857497709356443,898.6942303754643
9.59939196771869,3.0033133128149014,5.487804433406105,1.0105640876031803,874.7815613337314
5.486808377272327,3.2655229214185404,4.7538639793040955,1.0872444097068241,955.7052548338378
5.451263766876842,1.8079987297385802,4.603915302119951,2.7627610385806896,959.2300753007237
7.276546035349055,1.399795775414372,5.71386223282895,3.191332050687601,920.5739698018169
8.254176640342791,1.2191950484210066,4.433140158337695,0.7711362583694186,898.8383938195827
10.194541234390446,1.511726275303312,4.405136507633148,3.2641469330195916,872.9679911787728
8.559118370722697,-0.052782433170525334,5.893572011154593,1.0987246616315631,884.0452812054126
7.13597808478195,1.2750806571083981,5.4048406485143845,2.5975040751778864,922.068488800458
5.960446188501162,1.4396468439401569,6.437206270581685,2.206846856613044,938.1387767368672
9.345000859078725,1.824641825605159,5.075088589917158,2.5086812357702826,883.7168669685248
6.052941861373927,2.1317501097472915,4.918744050024465,1.06740555775123,941.1714530268607
9.942702832158481,2.3624508686256105,5.923553396035471,0.5501141738623152,862.8688666805206
7.073423025590236,1.98507462755704,4.687975125446173,1.357673271893943,923.9341501730265
9.885873108926775,1.418556913657243,4.841872274443315,2.3414949199685258,872.9861889891872
8.518396935088917,0.036641356734479436,4.881545609620585,3.5655233403886886,898.9346061341455
7.294506765836313,1.4246913915982067,5.290297893704447,1.1762211218511363,914.782720505564
6.72090544226081,1.0275493623129948,7.272436543295902,1.9209300106813516,917.8970512082109
6.98863818398088,2.4660667482786036,4.123211175042843,1.4007366411923048,929.6394643469391
8.142475038562857,2.909287396693694,6.795507582117459,1.9862190537789248,899.1665007427176
7.615734744326575,2.9385710670599394,6.237786756289917,0.4553717111762703,905.9442213814506
6.609282887896942,2.75695273612782,7.066978847369993,3.198434668311921,930.5059617447633
7.2515528845235515,1.8664742645475119,8.636686048322273,2.0192288626290447,904.389520790231
7.6178655445787244,1.4780444345241033,6.931453020787855,2.733732531188868,907.0796733125171
5.0,1.2528972463329338,6.425666947907861,1.8142383813047138,954.075198787951
8.187252172183047,0.4925010833982495,4.187503648374983,2.1525024609015544,904.3366048096866
6.030418162924789,2.991853700507858,4.313777738488957,2.903097994117397,953.6319520481588
5.770001395191382,1.8252889620700257,5.860190184365222,2.1053734584753796,945.0626351618458
5.0,0.7536597063791262,3.8019238520804355,2.134165059292364,966.0728586891914
5.0,1.1735086242897652,6.115439251291219,1.3648471658996009,953.6245280004108
5.466828745331567,1.1330265435674478,3.3650781092389885,1.57246115065672,958.3900716658678
6.436468563554264,2.0430244850151267,6.652233385564616,1.1897474897272518,926.1846984499928
10.429888706289852,3.0674678510706856,5.178299688066401,1.4095859292162678,862.4368714746718
6.711180486157194,1.6520104504044169,5.626596945470189,3.0009832883713337,931.4911341504095
7.766625159402047,-0.25253351478364916,4.751627703579517,3.446887448005711,912.273556013812
8.100722079759493,1.81081966484108,3.6014735897774277,1.002180092296487,908.0700139322579
7.696597779323773,1.8438060999028043,6.734695279194262,2.3161374280294202,905.9971985073228
7.3838348089110095,1.7750797690644782,6.8357013949547145,1.7458468878396447,909.0316840461692
5.7070593546011334,1.3725388335242983,5.148512234796302,3.11757485337261,952.044875912695
9.676391322418818,2.217439080725842,6.161929564734008,2.1078881745423357,872.1041479715194
10.210794965456827,2.066141115149002,5.109108579789596,1.9940194362073054,866.2141447604383
5.0,1.975169685873353,5.7884898442662465,1.4041845502722115,957.5278121747613
5.96395711367043,2.4126413614429656,6.25913919892011,0.7745759687260683,936.2880924128383
7.080284486434491,1.5701671768521464,6.055084924573873,2.6087507861995904,920.9458830011299
6.053193307634713,1.5134143302993468,6.840969613409346,2.282382859801155,935.0229859956363
8.258948330183799,3.3801232895854,6.0188806757053355,2.301955312416344,903.0995836566835
6.40759169639008,2.559355409715436,5.528084617038595,1.5205383178731215,934.6202051135091
10.747584101709904,2.8269460609427997,4.738581032122578,1.8833852435919698,859.6639065250183
9.285822891515394,3.2261045853340686,5.021494619676079,2.6328567888908667,889.4388032840759
7.8188610459483225,2.5259441806248,6.310051396725016,2.78569010378489,909.3475970006128
9.040479394979599,2.9283886791361713,3.9981734810858813,1.0572227072651756,892.0686494521465
9.158850636535963,0.4206548379297397,6.605807303412797,1.493321543598882,872.3671573395734
6.654078767912635,2.204153871996027,5.218856273985467,0.8880932623422857,928.1297494815748
6.275674133187053,1.8172815381856724,4.68139409559211,2.1610115300746924,941.3231569616335
7.617214594454471,3.6776840908998096,4.4012758232185325,2.7074706496825827,924.8964053956104
8.792454186746916,2.9276455318033,6.174367785648387,1.7770275863604648,889.2382155782344
7.708590597980127,1.3695548092068202,5.485358646196682,1.4697146952002285,907.111693756587
5.134505276713504,2.372794158529206,7.08876522322982,1.731758516955767,951.307680950482
6.295763334073737,2.1676813334492397,4.236924349474079,3.8450506519811896,950.2585231068674
7.3890407046084325,2.4543314331522286,4.921836376938137,2.9535424799388386,924.222066465388
7.386501593511254,0.9811575306253482,5.407778841872586,2.584797738183729,916.5277758424713
10.458813265184713,2.360016465238225,4.748143256030066,2.2560543164661375,865.0741751222932
5.421018086401503,1.7718486507117657,5.506118664141803,1.9898068283047612,952.6211509414521
8.258383862753812,2.2824497640556003,5.819500766415519,1.2746942687236964,897.1532791103142
9.733669662492435,1.2756148348778302,5.98448423912974,1.1506476605535745,865.6752672522558
10.907174618134194,1.4149368286034005,7.006167130884461,1.545671458789431,840.9554465225914
6.893403865224058,3.1738420203667026,4.19652757121842,1.2369760961583731,932.4354052151992
8.2371441790803,0.948452441659839,5.8377603199353105,1.5137496303841238,894.6308637186671
8.354640535797971,1.0222455989579515,4.853057180411834,1.918483499104338,898.7357939830035
7.793222597329936,1.948418742784422,5.930013380023585,1.9797587291496335,906.9822882373587
7.351732198141041,1.2281096248140453,5.931332186353047,1.5036949796924204,911.407257625722
8.15396308425007,1.1149713677372013,4.5130806167676685,2.3961676437121637,906.084975515575
5.0,2.105075971208295,4.598847657365912,1.8487949022812933,965.076037389406
8.523104235093946,0.49493414309629524,6.011643063469575,2.171758904942544,889.685930367744
7.689266855492951,0.9920377650863621,5.523404510744131,1.4043276920531405,905.9976898918995
7.166287654832602,4.054095582923644,5.280378159268396,2.5542980436080063,929.6762065780944
10.570293293579336,2.459475058969009,6.157986829774973,1.5721231197987326,854.1781394011456
6.4875989718141716,1.253436647730089,6.231718475862132,3.286843389390925,932.7873138671987
6.895386016402454,2.418215078266197,4.970369887298297,1.820006916727066,928.8608459175647
10.487329953307102,2.5673304769866294,4.6479468623575,1.924252750804381,864.3537822223105
6.251908042725216,2.9944144200902385,4.2380810231623585,2.4748707890737816,948.2783692150122
6.674827075595192,1.8728439705432696,5.533454120201485,2.6494801547639892,931.9089555885303
7.279461864853725,2.9764977027728894,4.076839722851435,2.735674944153065,930.8358439854472
8.761101723194324,-0.03844652488217282,5.599428458229034,3.4204704264111765,890.3330497996488
7.81170376102997,0.9436918695242469,6.71683679142444,2.529508418723227,902.221690598342
5.5610619792716065,2.1638714017364555,5.1465402297137155,1.9464108089242278,952.6206845374221
6.701747155309215,2.3296335328077915,4.963795719459837,1.576283267678546,931.3393041280582
6.588968350181683,1.0882177123313581,7.497844773627145,1.8929373734402575,919.3680649358566
7.384168432165431,2.259419991263159,7.0097018191876455,3.187213192343107,914.929568553641
8.138765487944744,1.3761597513127395,4.735402129444585,0.8904269575821051,900.4612160106784
8.127308633831959,1.7230409057728344,5.639013181058975,1.3447935068327248,899.1305640913254
5.0,3.024773800665011,5.828678242348083,1.8248106051731505,961.834060528181
9.095911481341284,2.9089374968885995,5.703660422726178,1.334147624362608,884.0829902603235
7.878853268994935,1.0029396726367374,7.314673447712788,1.6729824121262813,895.171793924596
9.57679807139086,0.9427485379798966,5.587229892419421,3.444987630677209,878.0465592794628
8.166297490936008,1.5888266044466837,5.7372348756310165,1.7615255682960325,899.1244258373736
9.151984436603643,1.9732536988270748,6.188662295146416,2.329318852130356,881.8762537563939
8.199817967175191,1.342101511425259,6.689919716047667,0.6734425200034115,889.334928522209
9.519338634304123,3.040642442799668,6.436899194304106,1.118050184545229,872.3612592503486
8.283375954026667,2.347389841708555,6.038084786311639,2.7461468876976007,901.3269970793568
7.353127130335644,2.406085109874429,3.9413001946060917,3.3344227508359117,930.731819560498
10.908652080670322,0.7334611710550283,5.011862275941574,2.177128477830819,850.6491863211778
8.833555683419839,3.16729071738378,6.319421207205271,1.7551869924882677,888.3865923884435
8.36061663150662,-0.8201688222406909,5.750398697279306,2.3969293047110476,891.0914827111017
5.585543375192496,2.834055451849369,6.326128633822952,0.0,941.3094097848027
5.567538573804693,2.9343117376707712,7.387166061671248,2.1832970748144342,945.1120552068726
7.93907322321278,1.5675988127220384,4.323036794940675,1.1631115199139987,907.6414924933426
7.718281796652361,3.272910217247424,6.637910174804584,2.6352743857792333,911.2183164906438
6.5788161524875255,1.9369024470456535,5.169636537506369,0.2461608734552445,926.6248859408383
7.71147404941809,2.062431703327443,6.435349819274732,1.4972992192725756,904.6763435691736
9.882940392065393,2.339528787404216,5.458779256631883,1.967219329513604,871.3493263868937
8.543103711825449,5.0,7.6270045388929955,1.3905670536352368,891.4656092937173
5.7884872353708925,3.3444339080830043,5.630086936261738,1.6996124798494863,948.517762197076
7.332736759285584,2.701131200712918,4.8594857756440195,2.7235474805412063,925.3922400981459
6.2925502787211585,1.0871955133988052,5.919874622791768,1.9804031883861937,932.541523162984
6.918450125387158,2.1435898254794923,5.82394278071827,1.25553535602834,921.5967008749722
6.879576501555536,1.1868759061536136,6.638097094110448,2.7523200528062333,921.4327399580612
6.783531626093993,2.822110847282813,5.948052798604926,2.20078469525693,928.9384745714136
5.617296942039908,2.140466975734857,7.975064639169303,2.2339899836679975,939.4265719074657
7.3085179777227145,0.8754783203861047,5.388595864597728,1.2859911798175168,912.9410665467765
6.659088544729035,2.081124583418503,5.4003800502195265,0.0,923.5455234222568
5.0,1.1505825302836945,4.896113949946946,1.275095013314902,958.8965488417696
10.579458036752495,2.151216221337547,5.585668338354177,1.1937051375716132,854.4011991123548
9.133154481325008,1.1409226836347435,5.7310591210829545,1.5093624342554226,878.9819042770903
6.935548912612506,2.027487633360813,5.781210529955878,1.3265154672061559,921.4174892961961
7.528228574610898,2.7504698619350947,5.567187675493999,2.090158807237573,916.246727498913
5.742518479023657,1.946948008074894,4.8901787832727015,2.7047019768365623,952.6533012443028
10.043584316716299,1.6091117328276112,4.618334871917645,2.8609291418823033,873.5561526970511
10.345933042159668,2.203276221057463,5.124826275164444,2.6697694866909027,866.523886383556
7.735040592369787,2.697182620792853,6.641537660235113,1.2819000193506362,904.2489024458251
9.035295966278017,0.8928167301182395,6.856799685491479,2.047120634655871,876.8756239276432
7.762930168400886,2.2606561547052024,5.423035463559565,3.252132678536042,915.5075481979732
5.494911841686104,3.3175408190174,4.558417033532575,0.732212533621672,955.2877700488431
6.882264946554514,2.573656963276715,5.4188263896832085,3.078584035540105,932.1351648218103
7.697891950157936,2.057754146667228,7.591665435270079,1.2031173308882566,898.4446959931623
6.818178421884833,2.6397375066988946,6.498967835316621,2.2350122300672663,925.3507940582599
7.172020083847446,2.4524964561026823,6.050742691532547,2.330228093575223,920.6853865454375
7.362900663736328,2.7536011091598143,6.462684917052569,2.1519304292555765,915.3962910815965
7.378682253201808,-0.023931610982944385,7.040566611341313,3.782778315362063,910.7330414862138
7.578387735746225,0.4465438663367347,4.34713379845288,1.759334479622966,913.3283976035913
5.909092400405099,3.0048291494832373,5.107960131302877,0.6884097000610865,943.9932241531923
6.424475776308096,0.4947208238385594,4.971278367163184,2.285157654021476,933.97936372483
5.573123601450046,2.4015386357192052,6.087114397070984,1.8639680122204323,948.3790728657656
8.966723324529301,1.6479503439677083,5.660110890639597,2.443840966575338,887.298300377611
5.0,1.0038107544040031,6.256311290689408,2.705676193498986,957.4838999428976
9.230385514975389,2.3496497571474735,4.993112650132777,1.9730482626364299,885.7021179577893
9.579524095894264,2.2010335037165705,6.871952050679156,2.3490483445138386,871.4556180976692
7.046729119526068,4.110342652096378,5.430666291850698,2.115390345789624,929.7253482053957
5.0,1.3751887954641107,6.194545551958183,3.4335099552597694,961.5147969563056
6.958034157049064,3.440110120069174,6.69540649892294,1.7035505977058678,922.0920399173546
7.403723758066771,2.3524229143843147,6.615124315494969,1.4503438415921095,910.1989490547613
5.98410267010663,1.3389781184572875,5.8608284084017965,2.7045847224889825,941.9496423551033
6.727172409287636,2.799246457517245,6.319346906382545,1.2566561477258267,924.6842885585843
9.795292798295026,2.565738504453951,7.2416606639722865,2.3137262444660367,866.6093039210815
8.49739074345261,2.0358432948580494,6.013601233974696,1.8643286770646768,893.3105919051336
6.11315382843285,2.2662953564406236,4.77035359793842,1.9189434523664535,944.284628248008
5.103601245606852,1.4030129689544684,6.083050730963885,3.9498436992081354,962.1046556771677
7.009474023585343,1.1742128747454932,5.46271878198041,2.9872693959377874,925.3208368985322
7.179814830974343,2.759442173822583,3.151998865595656,2.8172636266555453,936.6877137749809
8.244298781044975,1.776060575686726,5.961998023703092,2.4244565123815787,899.6169390945695
6.697024931148512,1.9199170017509075,5.6166506500156075,1.4467887028478597,926.7665331675443
8.267249363042792,2.279821595944277,6.656417771497439,2.2091853493901765,896.5656909623569
10.402731060090343,2.265288344783808,4.749906342511694,2.4666594406629363,866.6282653908531
8.723251533666394,0.5706735290259353,3.9942903376206926,2.159188344111495,895.508431189946
7.427867239003841,3.2862520864548586,5.668680859410509,2.0758002618751688,919.0829236536543
7.225274293420058,2.1211821519006784,5.880177387605446,1.6820405609684759,917.1523623806272
6.964990298730193,1.7973467371778507,5.593832945385569,2.2187669197450264,924.4182675857533
9.270961368678217,2.4308460051697467,5.520708683685403,1.5795429188371788,881.256783175946
6.559029831073046,2.236542193614863,4.431273045793674,2.5627385436538086,939.8799655816784
7.567834063499974,2.767062689489702,5.361082863025077,0.3873830390738906,910.180420914865
7.576796852821628,2.5379836721509412,5.151594170495585,3.086994853159954,920.3912609437695
6.747323710782702,2.7178462289962666,6.57270874076744,0.9506672785056882,921.7659565898139
5.441301678173849,3.350993905727516,5.879325364030614,1.1461959807443542,951.7760478885729
7.984461755426502,2.883624548970972,5.222002878254805,2.3270833484973434,910.6187605132213
7.408494042216924,1.8395137796714374,7.2238848764227654,2.43195346428373,909.5000564718181
8.250360704154854,0.8770988439231673,5.23109232378499,3.6626223811234953,905.0007726294446
6.69959954034125,3.6677979330045147,6.057786723886164,2.2370276234473008,932.4836392758887
9.331231948219571,1.7622766266528873,5.333078666410717,1.9676361872057329,880.5866283690731
6.184839328182233,1.5268925866394776,7.131152515028004,2.1530395028342593,930.7814665681979
10.06806042602684,0.26327318223556073,5.586859775813611,3.272390209030222,866.3730018743971
5.0,2.3384731053121115,5.616414227890673,3.939519992531504,968.7730281763463
8.152155096835337,2.14888660395377,5.360129641227286,1.8521597608728118,903.0407403026337
8.213146023789935,0.4848850637505193,5.6965119260012145,2.43421793293769,897.8648235399936
6.306664398088676,2.4532740421331756,6.69953783864791,1.9404886524035787,932.3164436103308
8.136590906791518,1.501808079298561,6.345843844684688,1.9245869269969076,897.2107431655654
9.419278004640239,4.690315007288694,5.528076181116171,3.503240499091814,891.9239083984584
5.0,1.4306388079091317,7.201325106456654,1.2594146209092083,948.9003429188252
8.254117211236222,1.5648066678022068,6.372985641342569,0.13257503289333727,888.4080263642948
5.0,1.1252237757456323,5.061818880802651,2.2539554872372425,961.6966309511205
6.051502794715188,3.2778765210419722,4.119651646266062,2.9608052230096593,955.1551387864633
9.943749547351418,1.6272242055352468,5.0849861982034295,2.175917301000825,870.7454404907841
6.627326949911919,1.2750858462345032,5.913348778550253,2.4017628409664096,928.436694190769
5.739180053386541,2.7069550099205424,6.097200370631427,2.6019147049015148,948.8407964634862
7.203093406522977,0.6196470645868148,6.859137683302019,2.0887288587276847,910.3363590759824
10.601859507245328,2.6251105462489472,4.405454024881,2.4450460987586604,865.449681860957
5.0,3.7813997166008577,5.06084466605319,2.4316895189229277,969.7730625225622
5.923035132540983,2.566607832835089,4.322357330125487,0.43311632220841,945.2146135218793
9.74614752476944,2.6378983162599248,4.161200788420555,2.0910935149838332,881.220676551238
10.286553515306599,2.8700602169074836,4.872181254046682,0.7417737336324017,863.4913280782646
7.344853163564574,3.709708028675519,5.866612244294021,1.9694627959140623,920.4924712225368
5.641420946210037,3.2098939600191043,6.271394434890317,1.6037752409284525,947.5392343229604
10.643765252713738,2.439669722273024,4.551645893378326,2.8272090034942625,864.8947089134556
9.891663587623796,2.9038914006360015,4.69072408061276,2.195530207367998,877.1824196745315
8.51842048164335,1.1140650745348895,3.720176824676566,2.378554276870583,902.9250202745985
6.28139647659387,2.776293590747322,5.7143522082769955,1.8468394256301994,937.9203895483953
7.426455988742945,0.9944440288162524,4.767861098029262,2.84174501008509,919.753154781459
7.259459878432754,1.6329775813683733,7.163031378211848,0.7221397275818129,905.6183175910878
7.996276956923366,-1.0825621751432375,5.9098087996495945,1.2835980383029284,892.253273916692
9.676502157197003,2.401429659367462,5.3285542565432245,3.0290456972870423,879.9173213267528
8.819125561706105,1.3561279888916473,4.858887572455547,1.6514812006942525,890.0075444959384
5.883935884522863,3.1111452152044627,4.005329779805771,0.28333439586329145,948.3781081748098
9.564744675029306,2.3901926106054026,4.132128223054569,3.162113021291108,888.0230506300431
7.969698210019733,3.1240958947016253,4.877859045427865,2.861548857087838,915.1527580269777
8.530598693788374,0.9164034553274623,4.801097117975695,2.5687755252885864,897.8283732913864
9.699811288917903,3.0383860371596327,4.500828157154006,2.075524805561362,881.5627084157245
5.832629625729673,4.1058563443633265,5.877094727442344,3.3285976145269576,954.732320805635
7.446261631940305,2.7641582999318945,6.014265592414859,3.006894743250001,919.1408487428812
6.7028181729611775,2.7903490086922886,5.041367602698272,3.2382848550336085,938.4267160253517
5.148210861951816,2.169597676394935,7.435152268265317,2.5564003843577847,951.9428068672154
8.02006496640738,1.4753312194346357,3.7532706334839077,2.0982366810008655,912.0056977346684
11.267334827376636,2.7611923727015086,5.558163898972263,1.6806681031881605,845.2479221442707
5.0,0.4939170895979317,5.2814197959120746,0.9848609260273025,954.1931092738087
7.451579083425795,1.5822448750791835,4.9492991180327435,2.401636492373076,918.4449391025266
8.46081440261216,0.2289431976628178,4.80233715398694,2.4682858678364834,896.8287592952056
7.684617302484272,1.2963436226849172,5.4930401170876415,1.7201749344741408,908.2493310928697
7.33030792122639,2.642045091893561,5.274472172678271,2.490944822493307,922.4775976082933
5.551175454831263,2.5053933762204634,5.10812347288744,1.7342577347206851,953.146848684028
7.849180114410245,2.0509136955354728,4.201280365010625,2.6939421530775687,916.9228101946626
6.36485403447611,2.170400994062011,3.881888182189501,1.294314165485825,941.1432023806035
5.0,0.11413538213579066,5.211483524804435,1.1559107719930384,954.0950273976324
9.291888330770597,1.6274377194290852,5.09790389550347,1.8075370182250818,881.4402128785803
8.937578729763064,1.3186483935647901,5.302963139723173,2.6630283164018294,889.3977513817548
7.57749146527662,1.3409403094854593,5.3913782021104915,1.0729716282727813,908.4314280266804
7.843612032308554,2.599578627813753,4.977497658117182,2.8397496152073565,915.4901450289877
9.111477019073343,1.1394926734946895,5.287592576181795,0.68592949249183,878.3800642371102
7.836509485167124,1.3953191498725892,4.646471691896505,1.8026032995245673,909.9434549109487
8.856026332141973,-0.08706924570951635,7.023945809163283,0.8695390983178872,872.318324459763
7.053776698689225,1.7058768196238305,4.700259851850031,0.0,918.4129414200283
9.46797560786092,0.9121624522863803,5.129019290534659,2.2931614438202033,877.8312078056908
7.981178588899025,2.0792029286896434,4.776211210886119,1.8577511130951083,908.7625064276156
7.7910779154088114,1.0488919532575354,4.759418459795097,0.8823208537356089,905.8732970608339
5.594908366931952,2.104542245549216,5.524641566637946,1.5867089136121764,948.7293511139188
7.930433781452563,1.8553142392576567,5.3977657901169875,2.353460181543451,908.0355193438089
6.2520676237583235,3.672041773042321,5.04053960962479,1.7054802664086646,943.5724161511681
6.542575910207258,2.4972179804531938,5.216524008445688,1.8410551075452812,934.5772145964053
6.2769365575258185,0.16036212743769696,4.780186449006729,1.6812347437415598,934.4327166244083
5.900647602151162,0.7351111558972916,5.901725637726161,1.5341582948560324,937.2729593663797
10.687157104525443,2.055208008992333,7.555192742590714,1.523730180205538,844.1995382182331
9.497008592982604,1.0701520516073493,4.625158722766781,1.5002421069634115,877.1252769715464
10.380551253216392,-0.9683684302358522,5.8939632237346045,1.3974856991415407,848.7217165802576
5.665657470666654,3.349546313833743,5.5449489570207104,1.1861643218473579,949.3025238883223
7.6068806248663385,2.7202240169054077,6.16862975813259,1.6962301458257367,910.4372931518074
5.559738562193856,2.5209768734917715,6.196792960496071,1.4880577181375862,947.0528756654014
6.456457684204404,1.392676954529085,5.7054126972186605,1.1426410955874453,928.2259116104528
6.122809524875137,2.4276767710099296,5.460179423884901,2.6128117242855624,943.9287863217176
9.359376009662341,1.2956396757791184,5.065549800351554,2.9861087775333726,883.7939589964935
6.90565548284736,2.2048573002176908,4.735039646891365,1.99991778031728,929.838119671382
9.102569000541024,1.0794167741635226,5.403154339048215,2.053178390344671,882.9269453253611
8.406181334382778,3.516288450556014,4.215411168582319,1.445948827304322,905.9427396611959
10.955458128157183,0.42976334591815535,4.9061440098825315,2.853625085432798,851.9394342232443
5.280833665290414,3.2322838295108314,6.606853624472569,3.3905448920610723,959.3955233546034
9.388849859680198,2.0389158280173305,5.598512221079691,1.8689649367794705,878.6854355069158
9.219661305601091,1.5105330046580092,6.392664418935549,1.5828427772859825,875.6009723822691
6.039931742959448,2.1670029216957385,6.9696438866584245,2.2731802127638763,936.4605940510054
9.01070000470974,2.733348007178181,5.322970544085183,2.103144835230711,889.8089066094881
8.004217444539343,3.366746736694397,5.707325834193641,1.5998756196341684,906.6372511029844
7.158785610069888,2.313143023133532,5.1981541058472445,2.3769566664258805,924.6811188941573
6.264096769542,1.1093039147377226,4.6873942395243935,2.750526085911918,941.7283318344408
6.421335822826221,2.0556301237657886,4.547031740667595,1.371345278940176,936.966068584292
10.57471814367889,3.816793236662373,6.343150372596491,4.0336271837724835,866.1785395489205
7.501024228436224,3.347678085512624,5.708627280485648,0.7736462743217376,912.8638184958851
8.673195002297188,2.9087634781243588,7.346603072081053,1.3186474189272792,884.2476871744718
6.313650927498671,2.7956870201223865,6.472052012923891,2.1871744242418907,935.1173065327499
6.330220580667541,2.699450090606542,4.768787010463632,3.797498494701239,948.4511977540088
9.122977213874913,3.15875483450987,6.340342180226771,1.5499274466555,882.1186887737132
5.475635682672702,1.5433712142780949,5.194924460897744,1.1474029499235305,949.2811222206647
6.877179348142093,0.6449139342249939,6.716859709129001,2.4393931827429967,918.4349189933988
7.551041116608348,2.0690035007370615,5.013666122756979,1.8011244738255432,915.4197905699522
7.667058902760079,1.182418413222309,4.447574039757328,2.5322045559635455,916.1402334448657
7.231360072475765,0.9449792446228156,4.7042449229385905,1.9433755600796643,920.1978129362803
8.093729671643885,1.2797214234120682,4.755335097585086,1.3142667662960354,902.513815045594
8.539283633726717,4.485313924533687,4.659748235381336,3.8791007763313843,913.1557758555616
8.601956318188995,2.136124634075844,4.9273917243948935,0.0,889.76102869232
6.02129428699826,2.361907836360988,6.356691870325237,3.4561910002798175,944.6020624493082
7.073767353106804,0.777637192995746,7.296044208266184,2.746609523387142,913.5983168592339
9.292144292815406,0.1562470412073702,4.169810484446496,1.4035285667782282,880.1435529143407
8.841970781360809,1.1809473568811941,6.763513042833149,3.497936083867012,887.1061731751986
5.440710822778405,3.4381955852087485,5.022296284025571,0.9028646406045915,955.1103231213842
8.027219850528303,2.3342754660765213,5.847882531202234,2.8064887696060197,907.1638237833711
5.0,2.598595091444392,3.8458539694267024,0.33388390956231184,964.3189074908676
7.570402353090555,2.7385660392020617,6.024035017344856,1.0832974456236997,909.559219148956
10.346650525118966,1.4086506202017222,3.4946876031839373,1.0813105394816982,865.9646133152166
6.078160924096521,3.387965583973368,5.813935072310166,1.3994746716569608,941.2798784834121
6.248515431762627,1.3671924007778178,5.757256047029337,2.0092648923029266,935.0053045480657
8.64604467235929,3.406232359262553,5.691007634295468,1.3392189087134736,893.9156662173999
5.185797727185531,2.442302156135341,4.765089849367071,0.37087123864176896,956.2901584981572
6.550867455172441,0.21095484575367784,6.049526674429644,2.3707606149605427,926.1413598050007
8.394661706372629,1.2519905133994649,5.8910815094167175,2.0391607383419834,894.254494721698
6.548571228465895,0.21506146712789542,5.2900472163588805,2.327141872718544,929.5648448542653
7.146045019183543,3.1632821327942087,6.171850307175194,2.137534327412782,921.8716435632928
8.616278565472552,1.975264579197599,5.404395853434495,2.7633882255881326,897.1075703388893
8.132319125304843,-0.2283424399497802,6.0287771589087615,1.9396141174711174,893.9933395899369
7.900227594443103,2.3757468817196585,5.37412067260591,2.810016507848248,911.8577008249341
6.991316581094942,1.4628357376116798,5.716701991109541,1.3794426815190177,919.301685816162
8.055091672903433,0.5161941449666767,6.074722941075262,1.4250636965289176,895.3792518235408
7.314400979850365,3.6779658369686974,5.102087426381965,3.1008315163185545,928.7340531679547
8.186708414888678,2.1072858660965785,4.266163413745804,3.0845349265818314,911.9533611024465
6.754601962323033,1.7065685976866876,5.776079005548155,2.4589937142246665,928.1244191294543
7.226146538430688,1.600575219013983,6.68939137861293,1.2887136697121537,910.4576241870172
6.015063311171979,0.48672053084222777,5.799150972957446,1.224294051763395,933.7760945415588
7.447488584990646,0.6954511004158905,5.818142314696373,3.062451169889017,914.4649774779833
6.283498704556733,3.284916784875083,5.45782389350336,3.018131942062528,944.8504116447282
5.82893032475701,1.5261171302142809,6.239118652773201,1.9491365138639,940.7886488489956
7.887991721783083,2.0220677009368635,5.314064583862063,3.8735079415758826,915.3339720881522
7.819109663786491,-0.04433047620107455,5.0461012188731384,2.3671200575569116,906.4921941713219
8.674310602422858,0.6819079642044943,6.605298252874865,1.1142405007751042,880.7006838020806
6.853311645637351,2.609812519874753,4.969461681707318,1.7794951202656866,930.0315053490452
8.112079270255133,2.377711760113834,6.389470946451749,2.004376462404299,900.2043819231154
8.326196358410495,3.7533751987243154,6.605935461957709,2.069118909399291,899.2941869828677
8.167160711747393,3.3429563316312265,6.066816932062061,3.000002574281366,907.0769697689877
6.261519475796787,1.769289027515177,4.250764480427367,1.2349688698685126,940.0100834988708
7.724045223406783,2.472953564713271,5.527154909222498,0.9347901607102265,907.7184483601412
8.046210444081993,1.683396557096926,5.298000002941382,2.4818589464040763,906.3439774013211
7.510767700361913,4.054809818638649,5.004000744664687,1.594412392859317,920.9852508060161
5.0,3.1490146960524,5.642751587346427,3.9388048987734594,970.9093103442625
7.74073443596022,2.1696850908577514,6.269206347497548,2.754576305180506,909.8809752340409
10.818796559095864,2.200394784876351,5.041447339868801,1.5796828381278079,854.0531754780675
6.959941096864526,3.4448502872598077,5.328617325726325,2.970282991027365,933.137610061769
6.407884353217018,2.579577847113847,5.2589410661680125,2.5843286360664046,939.8799997920968
8.060022839567097,3.558628017070086,6.663871045544312,2.5069577179706224,905.0610297007472
7.9685673156998575,-0.1936479262588735,5.242899382189414,1.9022048547292059,900.6510901461323
9.289102748124622,2.4612282614987984,4.265594342238255,2.3363606813107727,889.6557637775318
5.613197766136668,1.484565135318615,3.926565161009486,0.3176336795258683,949.369527566539
8.597070378862488,3.7563779876279924,5.86272956656597,3.053671523377641,901.3827511210728
8.385633091877196,3.5463986871898294,4.739318260114098,0.0,898.5938469188133
7.286780194589181,2.032835809101307,6.168724505272478,1.6463015247792678,914.2871730106958
8.008030976882536,3.5356309788110316,4.168780011492869,0.7234315574447727,910.9313726011204
9.044186222397535,3.7831145199925063,4.961087833389392,1.5993190870147813,891.9234343526192
8.808473070042675,2.0744066719261474,4.169431150479852,1.9407061820703158,896.4915676594504
5.785471031889407,4.471933772431857,5.934610715548923,1.0425651728670307,947.8593366477047
8.730237280133228,1.9686588473302775,6.14884754062465,0.0,881.2280037096688
7.402967092451222,1.785479049664091,5.8386251576366,2.1656525793128463,914.9029192410037
7.6093111470232735,2.8658725885843435,4.414063679596158,3.6691518256223166,926.2964458687103
7.6097954865025415,1.6462092688576861,4.754236255889334,1.7189758665199946,914.0481194447347
7.2746355168026104,2.085339775794894,5.734313988611554,2.76746476498064,920.8502862406234
9.287561245660598,3.40943442405091,3.812258591875636,3.203507870045509,897.6637296981625
7.3744230602261815,2.0192188522172705,5.258865055612097,0.4799696603633614,912.5111163054347
5.820680807425247,0.30498220702469236,7.016905353335881,1.6341798788173432,932.7467765956779
6.909705216045407,2.3673193878491965,5.320044450819625,0.9788915106489589,923.6975737969576
7.768042075215713,1.3037064209476052,4.011455360968048,1.3549783696174686,912.2490104219072
9.343822176445576,2.865271157294546,4.892590752323865,3.3616093609173037,890.6636538712705
8.40464202742325,2.696189715826246,4.869307674322425,2.1789435891393536,903.3694170630819
6.224197081879434,3.4714003481665223,7.640308779836561,2.6310588808361395,934.8852444588975
11.227784875018337,2.9075323007926968,7.165679080513896,1.9648807152289718,839.9741649801327
7.897162966466969,3.090244283658065,6.230935434101578,1.031557883411565,903.308095932839
9.413086106998522,1.3309032398622866,5.156924069258602,2.5424925577749646,880.8181938419136
7.272428349634156,2.8039864958905025,6.700629660979723,3.002060297154257,919.2756914021974
8.300038867058174,3.9684512893602903,4.366540360949541,2.2538993729349257,911.4813491589357
8.759202756777608,1.3113500913632328,6.576575315244259,2.391299489407948,885.7620543635517
9.327292067631383,3.799738291727098,6.427973537420044,1.0121588909065724,877.6987915011441
9.086052458067337,1.4506499087986695,5.348654265350719,2.565490906519381,886.429121363867
8.808295500109466,1.1480287549500257,6.639186313350772,3.0768110583410793,886.6522247042222
7.027369903208837,2.296200443354838,5.05277887053615,2.3236683794171626,927.5559436607143
6.642380937065908,2.7159104161288097,4.234914401901767,0.5625734032984857,933.1395257230007
7.998911265486297,2.911750123972265,6.477965012999921,3.308503600620225,908.2391293916951
8.899692108511605,1.0382375792267982,5.41475707086054,1.2441408850849887,883.5219933407416
7.165918948835089,2.43454009725429,6.101780603298668,2.310229461511929,920.4370482144924
9.09775794857158,1.3144454285164948,7.320886591559406,2.7623810148487347,877.3929396266157
9.67892511822927,0.5110777439294234,4.7777459276037035,2.8636946576407953,876.5443252695652
6.125518621389871,1.0712636844672154,5.3566204951600245,0.5599545505761234,932.938924947461
6.24461894430558,1.2490996340441818,7.069634504577714,2.0937738048583503,928.9601137226862
7.2894374116419955,2.5215951603525073,6.168731730855283,2.040817288706087,917.068952406352
7.961419002283795,3.1522136630686686,4.8002172557954035,3.1512225501812092,916.8238203247085
6.713149479349424,0.5267933701247334,4.544982296460521,2.3669788339285036,930.9861667704213
9.528304018300716,2.351961074208056,4.9719193598966545,3.158494128835968,884.6756897923975
8.136100292277677,0.8233018142290935,4.761585295197122,2.431934079908123,904.580969779926
7.55917057236111,2.6290854090140003,5.737348119489531,1.940667036351026,913.9851882648319
5.346135714197208,1.377269418996252,5.5784345071976,2.1550875372305276,953.1916625749601
5.5262762753587396,0.9486709819767212,5.779237754275352,3.2188775336819706,951.6688221859591
7.9215138754227095,2.7996645153475748,4.659187198440217,0.9624545315990007,909.0960162997586
5.0,1.413077394554905,5.429166092474745,2.724763608096426,962.5429842229194
9.018956114466107,1.6840360486473016,3.4443002260437834,1.4979072070233703,893.2120956056797
7.26276923344152,-0.21998908755637636,5.645006317361366,1.3260167326010373,909.692225573251
12.3646394543921,2.9465513614234737,6.675440644955865,2.8187410932929384,824.3935023146835
10.961874375924166,2.820908521169107,4.07525409065382,1.2935301959912051,856.5514721894194
7.227826396128725,2.005457844281314,5.983428230647461,2.3016597735402597,918.6068895026096
7.340494496203028,0.47241905864424094,4.888985648239437,1.608846862272188,914.7459786075802
8.993372271003045,3.209369178334763,6.3025011536933695,0.11445064328282117,879.5065417952353
10.054758914877056,1.3337366136392088,5.658647451212278,2.382172784083479,865.9615814439936
5.042956413845975,1.5466465498994117,5.904704112660441,2.101057018365432,957.5852125611326
5.0,4.312044056359531,5.56482389875544,0.4719355884681453,961.6197721771318
6.566947791668428,1.2963635558907702,6.8283318063843526,1.4411283667689103,921.7908800205956
8.374106374760796,2.7422099624265,5.847410477695102,0.5544063066301561,893.474319964001
8.245310385761396,2.5620922620826176,4.7945762859975485,2.5853519098371303,907.8181936107541
9.104657182475776,2.390172192880085,5.598715052321004,3.1103945621680773,889.5685996020586
5.700453707452038,2.2820005425545107,5.131118957033951,2.6795924840369487,953.1567234455287
5.0,2.3763885618891996,5.662399906519589,2.7913041254400732,964.3936158689918
8.787021292953218,2.2719405909405403,5.080230287633187,1.5857356754665486,891.8859840750355
6.257705590552148,1.948081641223939,4.823189264453685,2.4375424088882998,942.3916514760996
5.0,3.5112831241107423,5.699272212748446,1.9927450958862716,964.4178758836856
7.717595618939073,0.6873394392007217,5.555789628616553,2.148251612871056,907.2374727499166
8.689763532328016,3.0214581040153767,6.5639558450458475,2.765945168363618,893.2771877557512
7.316914301818084,2.8223422986875515,5.085044120867187,2.940389936517789,925.7825244013356
6.813227420726266,2.698399121329401,3.5191461525046925,1.6881948882891873,937.4285588982893
7.26095665178114,3.1169794276401284,5.136129201536687,0.8738841509159609,919.7204271342486
6.944125856398825,1.907400604731607,3.8735692410834233,1.850076372245715,931.7410938918991
5.477929332089749,0.1310259241731233,5.915671974096576,1.8245813717488926,944.4656447749304
6.427978984514352,1.9277073402855143,3.8261020716512126,2.227678304011325,943.0234830251736
8.281919857520721,1.0088057823754455,4.511628937585899,2.6663967347712982,904.4207800765168
7.98251781206475,1.2681407901419361,5.137665541725137,0.4683344276127541,899.6253408017892
7.752089708950231,0.7575803261675882,7.043950604761145,1.4632691590468192,897.3237714830482
6.007277277219931,1.5226551415561655,4.427109884285082,1.2288894485460475,943.2082582753167
7.227745256796499,1.403376306016551,5.5124049831465864,3.0007150309534327,921.7193348608864
5.0,-0.3775698299271024,6.079976576957259,1.83330328531809,951.2045773130355
7.767714995828085,2.700221911282289,6.984060553220697,1.5896931443505695,903.2018971345831
9.643286561720352,4.220321858004882,6.27779475172141,2.430641353957262,878.9698081770515
5.288801801936842,2.6062371934962885,6.593906951632466,1.5255949192671818,950.6232340284123
6.621108490023367,1.7970760434657722,6.364307058851542,1.9878441785625207,926.3719767674278
7.993660168065194,1.9452536043237845,4.290877028603861,3.451256960089621,916.3412761385762
9.379263951641226,1.579014131986824,5.8596921043170465,3.4290322591093148,882.1695716465288
6.827663075549776,2.090041583866958,6.348660952172223,1.6740925415497447,922.2530336407272
6.461624506101155,1.9629919059267664,4.54349971032598,1.854110558272338,937.7705492278114
5.0,1.1589515696017054,4.920240123275978,1.5047771994153556,959.6621294877807
7.655157193962159,3.6828883889478314,4.696807704872944,0.45930777996786376,914.4678039112896
10.563114060215616,0.5128457642902291,6.272622985968033,2.8289514760773744,853.0229207686158
7.916037692947014,2.718331543194246,5.430718879670868,3.9370736933374113,916.4489152654431
7.46658153122443,1.898802372682468,5.179154105664903,1.6452404498793816,915.1664700212192
7.983123466150478,3.900831815065745,4.218330083347013,1.3465650181685827,914.5012112736581
7.483361994077097,2.3408645992482215,5.432605746806208,1.7817225629279947,915.4168703535119
6.280478441609805,1.6400944628167518,4.932411645015251,2.068036838262868,939.2263474263333
8.734919873516558,1.7522928015655026,5.743339565264162,1.0915759118344956,886.4835206825057
7.838642284667632,2.039906694519761,4.357032801354549,1.633217231212695,912.4179587567048
7.526419877900486,0.8572093050035992,5.677906259506201,2.811917803150415,913.1682743530267
6.036950959082625,1.2331304748820884,5.0610492295011795,2.101904507573817,942.1483520369783
9.455261897902139,0.2150560308081424,4.2507030742648535,3.016308822503184,882.8970345493552
8.497054117999665,1.077023101625906,4.1727159621218535,2.2918142822892014,900.7921077649917
6.670618743949047,2.09390648166045,4.322979611977306,1.128866184981665,932.5760174588175
9.002737280522906,2.3001750492845208,5.293600942559458,1.5391888186241927,886.7871129921583
6.753643742422189,0.02067030500359812,5.6209954343635005,2.1987296508435854,923.1915420732553
6.326994761233444,1.8627882969557996,5.769823632377181,1.1019285792311138,931.4945712137504
6.360445323779569,2.563409950822132,5.807552917728447,0.9981442136715146,932.2656061479145
5.0,1.8370878066237648,4.7414767390208,1.0462395573074197,960.6796192972171
8.207313570627308,1.3662113542221996,6.558402908095175,2.4126435102510526,896.3441576001034
5.0,1.5878388549517861,5.057774473991847,1.7070079876619697,960.9714888153559
5.6573342531013555,1.459236645022778,5.950149760059732,2.945953304874358,948.8456030417831
5.0,1.3632694408919428,5.335844566506183,1.2828636936426907,957.4740974461856
7.37089546081366,2.1738235252448486,5.875621231703041,0.03407978563692127,908.4814501394493
7.274519309592192,4.307688227735451,5.285671933855086,1.8954359049574279,925.8950380709827
7.009955680220454,1.2563000830948168,5.893634876574566,3.318044024315056,924.7676231741143
5.936133457994136,1.681857367338573,5.492611130119676,2.027655533558885,942.9925365659661
5.74164936984504,1.9483020606247683,6.313840570650689,0.9023254054937044,939.3483763249362
8.19655479531986,1.3126455656417064,4.6813149567888015,0.700578723034603,898.7544002358118
6.674172102437268,3.0982358035234263,3.7301086641094217,2.9583215311387923,944.8744275942247
7.974537482304217,-0.3708853733064381,4.526642580565904,1.3540505828464708,901.337012806174
6.172126970813666,1.4689408296213244,6.568918415238034,3.233436262125224,937.4896955217583
7.771594114156623,2.818313736319962,5.34544118011226,2.523274759081027,914.5517254172789
9.454917055974096,1.7059056916113662,5.592062295546563,1.384345028476252,874.7546934701177
8.379248700589175,1.1791610411497087,4.446363385953613,2.9337094754493127,904.3836429778362
6.88137927267528,2.4407567544387643,5.565553725150279,1.2608822773893849,924.3367141230636
7.885798455533891,2.906343235397152,4.477187355927303,0.8421303100440014,910.4566499021294
7.1390022382046805,2.2106354452150585,4.624218724947245,1.3066036853244436,923.4501798999452
7.5118202770420925,1.1987796401871167,5.09751631717612,2.614989321272175,916.3590474434026
7.011583421777244,2.456203319151743,5.9450972578421455,2.9103735912010693,926.3292431256787
7.253497191171913,1.5979506997252102,6.0518475806425105,1.6831781897056708,914.3735663121532
7.818140029611262,2.7451868818938276,6.079044897937837,0.5053509510886833,902.5640136123533
6.0099619506270745,3.483258884856591,3.9119158849556257,0.754586831097555,949.2596541537255
5.976181759515033,-0.6055767556885328,5.4933354996097385,1.1458835425125091,932.5821368296106
5.417186169253183,2.1110674731956327,5.303218166617264,0.9648024965999007,950.769316314688
5.099593343244435,0.26426606305237277,3.9678175839185448,2.212344300851653,962.3744351655166
5.674075961669281,4.441788585329771,5.515983766722198,3.5504926757795614,961.1232855046633
7.739193760206193,1.5318754662038097,5.249572782563239,2.6366212592204703,912.4326462562545
6.160818726762174,2.7463732418253723,6.011525672117887,1.0974153240074083,935.9099436568756
8.270421696346645,1.9646831404051044,5.581247076239802,1.4444993874667558,897.7823612265438
7.552070623128842,1.1969154192809404,4.950679469716746,1.6005674565609542,912.5143318338213
5.0,1.0779469528225731,6.425762450456977,2.311371333594469,955.4359779647215
8.482463376332534,3.585679173100759,3.2787664992248757,3.2570037886816077,915.8100159656659
8.716197968387565,2.955938060178311,5.43573487157039,1.6260796964393167,893.6086342938407
6.00920598774772,3.9435840873775634,3.736749068008064,3.231021832854551,960.5848862836573
8.130287314342487,2.0554533351576993,4.58780672879388,3.6831287667377826,913.5893084816928
6.215252643886202,2.2879196212460005,6.024813703009349,1.7200745069690195,935.8728900139242
7.646505565122503,1.7328084343447119,4.225802519559197,1.6994843031509537,915.9916319123145
5.603252389567551,1.712917796884991,4.076282181296065,1.7115045060871066,954.6806308269701
5.0,0.9581130675226317,7.881944983415624,2.049991988550309,947.3580614829126
6.925774215580547,2.084010190924351,4.1407109485798355,1.7134567225745392,930.8247411199618
7.314406580587746,1.210753405113803,7.1505209030879735,2.707341969111445,910.8614295270709
6.903480459578094,2.4419089221642025,5.327797835420739,0.7609349756857744,923.1746075195302
5.7239541626661605,2.1700102189802095,4.975170878561025,1.5723023237631104,949.0132011444541
6.900151406803294,2.2876820436757224,6.066786390588205,2.2633397384577885,924.9588838461418
7.903942128871101,3.675129939690226,6.836594075544499,2.6960676057284094,908.189497976761
7.432660454816195,1.9622820502344087,4.353932057891671,3.7562280509445927,927.6646667408904
7.77375154589882,2.7567270028534283,4.9897502102714695,0.9687798178952471,910.2110120290511
6.49482719931865,4.051509464085582,6.346869734684252,1.4783660686501952,933.1965030065688
9.257576872074239,3.3066170692950476,5.787994312427,0.1868747414181302,877.5255322880422
5.73573999516783,3.1531696984548447,6.601917830641383,1.1121047941177085,942.2606914702029
8.231340445630078,1.6933117844795,6.015111954431779,0.5848597624527658,892.5368153181948
9.272836639439943,2.229643055567797,7.308224009149148,1.5829620839485372,872.3613199411961
8.221362139123343,0.6817237079700582,5.678588598833651,1.817307525886695,896.0496203692643
7.196213659402755,2.4989144009644146,5.7218111483309615,2.3755633918700494,922.063071091817
6.707554430005532,2.274460177613842,5.821721372015799,1.7611203757440625,927.7755949153342
9.054131476569385,2.023385125156181,5.357511148273442,2.375949664329723,887.8745049468303
5.365537612107491,3.02719478824286,6.348087158800924,2.091259333675154,953.6177533068454
6.044813609430534,0.7922251775756035,5.737041223863026,1.1733414353998532,934.1743635587524
6.903663351762418,3.634862851160347,6.288180009145144,0.6509810353272976,921.624741420849
9.356480636267998,2.901764687940284,6.44449985362416,2.4669455999168526,879.985496957107
8.069651454061344,1.9293660203480258,5.928454681560328,3.317202388011606,906.7700927653776
6.047931362234632,1.8512704121826065,6.001716324234197,4.028308009345613,946.4608459995019
7.034538441922645,2.480611215248594,4.489670212403466,2.7483637609876967,932.1354369739806
6.578515283855558,3.5208512320637793,4.949646412180178,3.16601216955525,942.9345001118522
6.435316511649697,2.1016077186900106,6.343383452990731,2.369167763231148,932.1931694412738
8.968334337835168,2.1440309019792263,6.9236311818185134,2.2416075084721694,882.0247224688483
5.442385306104741,2.018118477625871,3.5595697744916395,2.0888008190332226,962.3305234544454
9.91317128360156,3.782024112701473,4.932136852748585,1.9153522847833087,877.067535533561
8.742344535276935,1.6311168970629761,5.52362060241465,2.4856612443433077,892.2150318143837
9.136292505905548,1.9704924013809286,4.620725537919322,1.583522334908221,886.6769625245433
6.805590731962113,3.4634356542609943,4.677480355818317,1.8820460387302465,935.0399254704142
7.275088921381336,2.1470108336128635,5.974919873793805,1.057626973628489,913.5345012168439
5.350272278212932,3.1370588600455225,7.081375969171433,2.379941335251927,951.8723133552564
6.713006389399796,1.0887199430970416,3.468176443677859,1.232721967082799,933.3443150528506
8.240482271464726,1.7947074783714858,5.329523851018304,2.0269959923841703,901.2024027998466
9.444094592672094,3.4844340384402286,5.963280341790388,2.4003928749139045,881.9716194489017
5.839264774796322,1.3236602842364547,6.280213972200242,2.4687131450958506,941.7733053108336
6.951741094522101,1.8487009602302926,5.819127343069038,2.6172068302523477,925.2425585841992
7.273051169651216,2.2566852308914784,7.261402549936115,1.8293667798815554,910.767122602631
5.4063161967112725,1.0108454820070132,5.528906593325794,2.38885102351175,952.1498877844685
8.3870238626376,1.586189881378103,6.811992790392098,1.6106997895102366,889.4528626656404
6.414014502386086,2.1126366818256406,4.853632329654031,0.42330102959182137,932.3088760951026
7.206914473234464,2.0466817341619614,5.55798294658885,2.424247418993248,921.5452125331676
6.822075942132184,3.2803520208371357,4.287284924201149,2.2387904854913137,937.3639953229693
6.3159922414204885,3.5414571948322537,6.400864440548994,2.810658802319309,939.8048409792359
7.489432521779168,1.1439151279990887,5.379557137358824,1.979769029702719,912.9478784038005
7.176585632147966,2.1112685191674894,5.857821062519898,0.7174693074260707,914.5460642934326
6.942213176582001,2.6742483084247657,5.186631368714926,1.926695372508622,928.0954586172875
6.407307567479486,3.516347465799197,6.086428501659016,2.7092644517917828,939.1212599024124
7.979287006174433,2.718490297317129,5.897433973855752,2.380827847037142,907.3134612272192
9.980425902738428,2.2909134015923316,4.505348570028794,1.8826043416841314,873.5191438999389
7.709830849258691,2.6665425319826306,4.563232567416989,0.6691526176694536,912.0170161672613
8.994177322366694,2.6737688343362596,5.472231269658648,1.1791864360768618,885.8188149900708
5.414667112269806,1.0722857077156316,6.159573957406657,2.3817910894810943,949.2071127872368
7.736642158940654,2.192798792506269,7.362895553113848,0.6678742783405767,897.173392468244
5.8539475215434,3.459160994188691,5.802990856665729,1.7454040681945318,946.9866309232673
5.284612608702147,1.7926432313059952,6.5075314024885405,2.0307377431811378,950.7120034765458
6.390942888811446,2.1294466425474443,3.8871490652358314,2.919949724672049,946.5665882232479
9.287849001620359,1.757483550473978,7.5129558494339825,2.491592440904433,873.1928668559802
8.925023743004468,-0.313859495606875,6.105686211129193,2.7702489862591713,881.7427757345071
7.8645070830816,2.0205901772346793,5.45039548884122,2.2414826592260875,909.0615913183764
5.200949160165104,2.3017919306528727,5.335303952542074,1.323671214230806,956.5092386450684
7.205579022918095,1.487506609119098,4.392800202141002,1.5090716256731627,922.0235991207142
7.952550013352603,0.8453630511152719,4.678713204279829,1.2538722886069769,904.0595211779699
7.763304344367897,1.1193935402183506,7.410435632133414,2.4726246735409645,900.1752852681184
5.0,2.764187616135564,4.510995561713988,1.4448622248619538,965.8208415635347
6.164523227970192,3.972524773046905,4.491732242133655,1.6847997495772133,948.514112219061
7.403883353776925,3.3824333409054326,4.797779513924421,2.0179929905494784,923.6320178259708
8.304436364275785,0.6556539951694482,4.301819247038727,3.313049957265024,906.397844613289
5.0,2.8546273105507027,5.51530657484551,2.5257071263545847,965.4238651334439
7.256814036780212,1.3368376241907098,6.5889105126652385,1.3817172603191126,909.9645902118739
7.714573154818429,1.4177329374912229,4.889507673727967,2.1214781257863145,912.3301021610678
8.77441798277432,1.538024402028716,4.126675720239179,3.3210494083966706,900.9621753021812
8.539286376356156,2.7060669498554306,5.791861313014654,2.492143462743153,897.7678187657585
8.373856978213208,2.959253376449038,5.444225662320187,0.7213981124007516,896.5805287738691
6.3000892399470985,1.901968928720212,6.502724550081624,1.2678084570897883,929.3134117506079
5.0,1.9189292589919753,5.045491700697729,1.206451597997504,960.0902761688938
6.910420864407898,2.4642637432357932,5.2398432203733245,3.152583860287975,932.4138087511764
9.00244773781284,2.567994539524242,5.350469635456731,3.0050249886909244,892.7281859950102
9.590181791286646,3.176225706758529,5.589004110553482,1.4999704177715079,876.7853092439609
8.565823653446678,0.7156280244908013,5.10743832264241,1.4827358241541364,891.1484712997873
8.144011234202601,2.02002733980403,4.945355891953991,2.0357534261298267,905.4443651695018
8.069459472578949,0.9319756241088224,3.6496223151181586,2.059735236874768,909.9097371171698
6.665821879858829,1.949057720936597,4.934612790879883,1.230139256541602,929.7937526327821
7.30490955966957,1.773824712319239,6.215223268081752,1.8006954600811655,913.5854520524384
10.003604288739496,1.9532505460972978,6.350245519368886,0.8371173841174324,859.6779642569084
6.086162991312186,1.2002571118894683,5.0288869764087,3.017856563928829,944.6981876812797
9.922168186064777,0.5127102067925713,6.799485998181762,0.5917355897346563,854.1717797184142
7.016957768261912,-0.09443752671490291,5.471295928299646,0.5828484624858019,912.6577750246477
9.488148163642618,1.8688198457351595,4.162153628184052,2.348031563609544,884.82511457142
5.389777485753693,1.568998894167061,3.847615943545744,1.0104990097327566,956.7052878584255
8.378856301746973,1.324062335196173,6.718257922619726,1.599228033492368,889.2666356471135
6.3948447960785675,3.322548462831661,5.126996274738926,2.050538288882093,940.8232667613444
5.377099212113719,1.140561813204689,4.2859354769274205,2.54024066389347,959.3982174154971
7.827801063616419,3.416834082138803,3.240723828564465,1.8231343056409006,922.3585611200613
9.014207682893954,3.623843744269257,5.104283889124857,3.423337437823835,898.1561563289578
6.232587842109755,0.049099533210618995,5.904750858996361,1.9996488090720725,930.9024559098312
5.251476059312398,2.0923814589989695,4.802308855953795,2.952635766606994,963.5233584389895
7.362232853497567,1.6003035091640092,4.446754839866129,2.2228446242931947,921.828887712506
7.368847006834228,-0.9118039447172657,4.950624231393273,3.704967806405865,917.8675902309733
8.322479441331748,0.5553587469315857,6.743192019144856,2.8466908031393507,892.6951801938234
8.924391857046732,2.7749361071084744,4.107018382324809,2.0347758203780906,896.9301137717596
7.410877228091259,4.019199252711264,4.858298969577483,2.5030645735259847,926.8015594775484
10.283254972191394,2.9026781426992483,6.71075773961759,1.7913473155752544,858.9987180600891
7.836352116802938,2.3236324725129776,5.994176289423754,1.783280129315906,906.1976675610113
6.980360240989651,1.9786676183689125,5.6791278137789565,0.9572713375715316,919.5488872145356
5.082648961345758,3.682662914648114,4.851553864583751,1.3533907180262972,964.9222468515804
7.106010719525749,4.14823920195764,5.530504814500428,3.6487771081245772,933.9683914450793
6.995419581883295,1.4131573204758139,4.9621709315467,1.0367749029771365,921.320612508481
8.940457194422205,1.3439689708905078e-05,4.640613868929249,1.4756058297730892,884.3279328767162
8.193725436100282,-0.09818746327120165,4.41994252469826,1.9250250584327178,900.6411243435309
5.730946317551075,3.321880992159802,6.284095596372499,1.9516725641979438,947.4216238773602
7.7583815796165565,1.9529414592256136,5.439593867783865,2.3069806557847685,911.140665844696
8.50729675759358,2.1832419104587184,5.814513743802696,1.6247034335087496,893.5719331029093
9.79204703908175,0.20934900704328685,5.651673185801403,2.35630109359707,867.6471685569348
8.83125595112109,1.2468110872115337,5.94091882780836,2.91390835291738,889.1417087660117
8.641269981467216,1.7045191860992177,5.245281210014108,3.0133058751852,897.5569271030499
7.590128991922746,2.2078383833640705,5.018342548945426,1.7859905594905279,915.0020618685312
8.082468008135175,1.601407961086241,4.684719670608878,2.4890747431223716,908.3194348362003
9.374257351059239,0.9626738016986573,4.086030866592886,1.083093102287049,880.0637359878883
5.500833903780525,1.215433007397477,4.377966829377083,1.4226271637821357,952.7201747729872
6.975841009174566,3.208323285947233,5.134582278899779,1.061013281047566,925.9817410057589
6.341146876865639,2.2447846196034997,3.8969605155645217,1.9634042489922794,944.2106145878691
8.068729678089186,2.612156806955552,4.1177140958639695,1.3126245789120445,909.6551383667324
9.345333263476181,1.1011261891226702,6.542139892635177,0.7834451529561643,868.4524088352385
6.60453856991839,-0.9538234854006244,5.724179484853792,1.6911958219350796,920.8782289282785
5.0,1.4768956931155035,5.048163271796479,0.6171329793752383,956.6523144532146
6.881668882463295,1.1334294455745035,7.77157445890456,3.061754482916914,917.1251323818802
8.87021059802611,2.3490122686280794,3.8517502812869715,1.553981551005381,896.1479996679424
8.30644485442482,5.0,6.475611276461822,2.788252858910503,906.420833907298
8.142279371715864,2.6951660176182557,5.388533917220584,1.6063460079720224,903.7020413098201
7.0800100471882805,4.735960159383488,6.285047022912812,1.0440497392395194,922.8935383404043
5.58145389567032,2.5687696953394488,5.608953717270807,2.940419177084735,954.9185495439751
8.272941482436702,1.3701137624272848,3.6277549377547427,2.0709628664861905,907.4908272266185
6.2485772849480625,2.347916078120883,5.595460467558828,3.5095274287298373,944.0736992186497
10.776145100070684,3.780638599477708,5.835555854639598,1.6267816590134276,855.737975878684
8.355760812531773,3.829562596321239,3.308014701475586,1.6440557603468537,912.7109475972741
6.629027546169073,1.4246626319569209,7.444048293801899,2.8038326737752874,923.2003293646803
6.582922128917057,2.253183695699299,5.811207594172772,2.809402120399236,933.9828914881256
7.3605836900796175,0.5707331203288548,6.171987740136496,2.122744309211721,910.5923546088695
7.1407471169673755,2.8246686246914297,4.334470610423688,4.668214551846516,938.9833988816947
9.175250663294932,3.5533546990558946,6.190617522145618,1.775551366143719,883.7828768771577
7.77962425461607,2.0397994541160163,6.589504459563056,0.9844294104247859,900.7209110109368
6.402552391637208,1.3326159456398718,5.753568228137846,1.1979559675354277,929.042827942274
10.335661027733675,2.360130951277563,5.4906284414792355,1.7802084085126186,862.1424232650065
7.573962497280334,2.417459031363166,4.606411875101584,3.215020004393321,923.1190674452098
8.653259513953346,2.0811438318496203,5.2837930822166745,1.850924910282656,893.8815671652721
6.587660238832861,2.178715124335953,4.987970485740719,3.2528416786929104,939.1646430406494
8.044673441616785,1.8261851495306292,6.071995637392684,2.3475400923025,902.6721999826076
7.966664986714793,2.995954928226406,4.650124074882598,2.866695437088413,915.9297755746213
5.0,2.736227445165127,6.064650721503558,2.3097349013014434,961.7356625498605
10.52291266569096,1.0168968528558509,4.661014437270343,2.30339840529755,860.7158915720157
9.43596669138382,0.9894093968414053,5.237647445839982,2.6021684808848597,879.2864778831843
6.904207025781019,1.745625582973438,6.116044397012817,1.5466332143314037,920.4759138081722
5.846595389316217,2.736837124105179,4.796203280013956,1.55542916436201,949.0829525743337
8.021342420705327,2.1480574138908146,6.150536488977602,2.2796375889316756,903.3863683167162
7.6300465491215945,1.3568495898773447,6.052994157671368,3.552889180404818,913.6470694600301
8.033503422844845,2.26151859672583,5.229049326623056,0.767397419786416,902.1361122527592
7.7873660942911345,1.669189480477728,6.66178320135579,0.3766515044479781,896.9458810069599
8.25936148395889,2.880486460224131,5.5777843419771145,1.7890049310171097,901.84083477558
9.67095854908771,2.3330584350670476,6.60227652658535,2.824677664394996,873.1466190837332
8.352154807692969,1.6847218125478562,7.293464924877179,2.0411008685441447,889.7385777642246
5.925516751635088,2.2315187720464618,5.258698978298689,1.064536122547964,942.2284499203865
9.543844279068677,3.3150480595242016,6.144954984027397,2.0632747974931105,877.5448220663421
9.96092184523243,1.4303699234536225,4.862432074677124,0.6136214296934728,865.0999483363235
12.228085101768126,2.402656981647161,4.467185590491802,2.50313364869934,834.5102742632831
5.814758950140603,1.9295396595340042,5.3045403426135715,1.7527135868375268,945.7928811273672
7.864323019725412,2.4269836838620997,4.137399720250537,1.934374000363656,915.1618388932704
5.0,1.3454350584042696,4.56239222035269,2.3417483764089138,964.9599439485492
8.329723734568814,2.110335433159376,6.091432599321068,2.164551133900887,897.391943026803
6.677699552749841,3.107823282416801,4.986350984551161,1.566992341015111,933.818294707209
10.38516869223743,1.0629930187538927,6.210514087121862,2.8268902701171768,858.1487541464264
6.338077544972127,0.6705948966749182,5.799411938017487,2.637546051711243,933.537123225826
5.0,0.7085444355130357,7.351154062019115,0.5805726462205882,943.663702830633
6.793104388946221,0.829337469799811,6.0243372855760455,1.8158058628219211,921.4137393381108
5.0,2.595323287892664,6.614218070279314,1.1357705650429781,954.4199044483817
8.626649181760966,0.5941403141345345,5.901884663127547,0.9855535206436621,884.1344721089326
5.0,1.7021046552564694,5.811393501078072,2.428106898809295,960.4684498717231
7.542686371774738,2.618289303310708,6.6647330421133155,1.6645909754678077,908.92233042414
5.0,2.416659060548594,6.168797465865264,1.885782680842872,958.7826821353925
7.019553293195037,1.614441020037515,5.710063612957428,1.4642520529783516,919.5458210293043
9.965067233706801,2.190923731755106,5.705654665929718,2.296140362255862,869.4827746156689
8.040971837153693,2.1071453297375684,6.038229311830416,2.5426775082552253,904.4078533296071
6.204759592552599,1.7757590444518137,4.828626480540115,3.73620389038106,947.7014046502482
7.453194766591374,1.7891652813454197,4.786200533861302,1.8552205884014787,917.7179365827526
7.52702530806667,4.235427434756961,6.925405932372932,0.8412660201795907,909.4505438224659
8.208945518765109,2.809310903931301,7.364413663859998,1.5968850476547856,893.557479613264
5.44971245507876,4.480650917512143,4.571117541589834,2.6776479371053252,966.551518153033
8.388850910770996,1.5030368670794987,4.831005567560296,1.3818838478957534,897.547277943828
5.0,1.9150334031118526,6.642522819504145,0.8142979204360155,951.1944003480097
6.5551731714542845,0.6678742347233526,6.033519993142397,1.3985458509695439,923.7938707233229
6.767589236322683,1.1904331979104277,6.176428105320922,1.5733072658005485,921.2864611656039
8.449990239106858,3.901913148662501,6.396601294853057,1.1338643616282749,894.9002986415712
7.533946279015304,1.4779657101582435,5.259267838255925,2.17398121129315,914.3337381997774
5.39165541921557,3.9192813001444593,5.829969924990187,1.9367821750346241,957.4554735699179
6.022510311274477,0.7566377393201096,5.752192150698092,2.6317641926550377,939.8447967989284
7.798020014321111,0.9465309659267231,4.64150839975454,1.6433121320595285,908.8377562009657
7.381398987203165,1.6587687789765788,5.815090943215704,2.4464518148548016,916.1045715966726
6.63131383554638,1.936250078320822,6.7377106961496676,1.6061833647810673,923.414347757242
6.778749315732031,2.9230872924501297,5.1658667611566385,1.096310110553011,928.8376694451989
8.544251995738934,2.450770417186266,5.652569248740934,1.5655846918032537,894.1640903900683
6.723461140696178,1.5836847426559721,5.706708916010856,0.705386248759762,922.159943600997
7.36786313395639,1.8666841934818938,5.215335449564729,3.430572511986383,923.3862145123389
10.754904882120815,1.6809370802152999,6.1769012376943575,2.113999798228802,850.5000721404859
5.364476044674115,1.0853462646742702,4.819934368745012,1.3636744877356297,952.6190359272149
5.0,1.1120370633983785,6.832645518695934,1.6978846701743517,951.3569127179939
8.67538449719791,3.02788389143341,6.126205561632245,0.03962881340794433,885.4562077335057
6.482035408058845,0.17183507207286008,4.563231399327106,3.1474825800574537,937.1131704521315
7.022643708386069,3.617358697445055,7.198009684886253,3.0692384353713873,924.1280797347513
6.328265432803329,1.657005774397768,5.668101461261595,2.0860335233280773,935.030681972342
7.110299788848732,1.2274913936078398,4.777052482764948,2.255569836850725,924.0605506638071
9.897807168144512,2.739759290697269,6.604554524991191,0.9858585784594718,863.2109304642177
8.70319268792718,3.485216584147117,5.994671519448025,1.0440240837915862,890.5629173005963
8.793335267830466,3.1176324416039574,3.728040295765962,0.6421630806498142,896.905617815134
5.375659416311032,2.501852049359891,4.974339682756146,1.8711455313811274,957.5328839262505
5.773269395170696,3.0868634897218357,5.779097337221543,2.8488283238927457,951.6643771329498
5.0,0.28350242285613403,3.3404333223573413,1.6934282970381238,965.2675100757887
6.285928768375869,1.4781694585118519,5.585070085387394,2.2781566641420934,936.4199845910141
8.935054779578488,1.0888299399751555,5.65797937270526,2.783067115914853,887.5992222204947
8.275419773622556,3.224638731215175,4.316508117624178,0.7007194576175693,904.3188479060957
7.167730105571814,1.6165219810761133,5.770644886259964,3.476452340303421,923.9992203483865
7.46654957442292,2.8454065567820557,5.507463839125034,2.925856309945014,921.0453408302196
6.466671686136891,2.535856942488638,4.308705894114985,2.411114174208341,942.4388098278174
7.807138323602676,1.137693063836319,6.419560546862825,2.739275624428858,905.0105396090568
8.648817419220922,1.4130417900237155,6.337853794767805,2.7768610426200557,890.6432855295333
5.07616981888429,3.293817690814726,5.210262913147639,2.2341119092718498,965.56616648248
7.949471531756022,1.2245173513155865,5.301418676608177,3.1426223623140555,909.3051912610887
8.898652306432002,2.124867610195479,6.226263937595346,1.637871721106037,884.2642032255062
6.877349566554946,1.217458713673555,5.299336856888194,2.3694489641563186,926.3604416353586
8.551050918180875,1.6860478130841394,3.5690917994798452,3.0573142410000482,907.1414584292793
11.72198166670883,1.9538380560300281,5.986936557399927,0.0,826.2930941836298
7.343485810519662,1.2171334897025088,4.686740679261492,2.350370676779326,920.4670011196574
8.089960575007986,1.0395530460161184,5.110156945582406,2.579683982754684,904.9712809221257
6.392914374507913,2.2862733367774424,6.957870567951476,0.6332469072924458,924.1820755979154
7.771876743903076,1.1552625912088237,5.366021525991202,2.225456068813267,908.7029716730017
8.190407437473455,1.1893424443013274,5.501734935873873,1.365035215712289,897.1815506332306
7.792263510405207,1.0609468562980293,6.009667275463597,2.3174450252729892,905.4098830986444
5.970457020436715,1.9220919536686816,6.0053339438740325,1.9240005628713992,940.2546152254802
7.809542656988176,2.943701634399841,4.580802232622217,1.2429374646637654,912.9884311268513
9.693293908076456,3.5065286363122667,5.439701484465625,2.887730930881161,881.6456953652018
8.172953646771791,1.2740819140062214,5.536152527925827,1.6653079808083957,898.6995871438742
8.942980783607762,4.150310793331212,5.772026896628827,2.215971035217266,893.3534117199739
7.144482044981059,0.9952951392932041,5.78922194091662,3.0512380987872785,921.0302311042068
8.624850359135566,3.0835485233278694,8.087441228777458,1.266644404493455,881.9961991710637
7.918901757324789,1.2783035459845573,4.324140229412755,2.006439398378262,910.3415967022537
6.073633905469152,1.1290767301299898,6.480091620197956,1.6037382839653282,932.724013817767
7.977781507198312,1.2552438432156112,6.683375805833059,1.7822562843698209,897.3776901694149
6.012455004839534,1.9475523003508808,5.992783973923527,3.724868166325166,946.3020719279489
6.550679587672812,2.57997217103361,4.849684605126925,2.3654207072562237,938.3138136436224
7.783992460938562,2.669868037904822,7.164668030267626,2.250874141297765,904.4342175171804
7.945866410070186,1.0560149846521116,3.308017135259802,2.419269867145168,915.4805708066959
5.716151302384306,1.0103407124887314,4.816733302782174,2.344207702065973,949.5310791572438
9.080978656774315,1.083361306636453,6.671682197222811,0.5393491688118535,871.8094317204075
8.35800941745071,1.8886455976144887,5.129888396577482,3.8374086564177663,906.94152521055
6.442907346583674,1.7898443958091255,7.096464524800186,0.8285043798890843,921.9490654707176
5.193622805326237,1.049824537930205,3.9881952553215996,3.3860754128210253,967.088718880206
7.282643131377853,2.2696036940632442,4.387898106051992,2.494412292017801,926.4605195959729
6.83108442920826,4.262568808335319,4.968361829873025,2.144623214507577,936.4195124410406
7.669710685579534,1.4952845381648485,5.9173992775365285,1.7556120191386866,907.2401951803516
6.95532500826665,1.5664881787964666,5.277979849619977,4.084128440874638,932.3618083644033
5.0,2.559661570324369,5.009600747437579,2.483591648139541,966.7957732366993
6.917479592548262,1.441183708263205,6.920396431098524,2.0141504519347193,917.3785784012457
7.04157133339753,2.6689644817181826,7.013444975389151,1.571789836391728,916.4177231586174
8.450491537161088,1.2814572932209596,5.085620234292445,1.4758813850023316,894.9482679196391
6.452700488083425,3.832119607577301,3.7902321926703375,2.0404886777377715,947.3474228120563
10.01801201005885,2.3447749725922944,3.3425161708126203,1.2555175746710052,876.0447239699354
5.0,1.3799770509232885,5.739290114780356,2.5437208383557968,960.3350784570308
9.466751246703936,1.411308300530726,6.155955622218798,1.4834861062109301,871.4593516415747
7.163521543682843,1.486200247291965,5.5629977855785455,2.8039644115566595,922.1778058854942
8.789377308515334,3.3727496662488736,5.429091892919241,2.7860699050490294,897.7564563751571
7.6197022260880996,0.7312489923987167,4.695457385305917,1.9556514567006462,912.4648698608077
9.209333304038203,1.3320583295404953,6.154979793913839,2.4642417838839816,879.6791666786564
6.918957053170783,1.438339443074574,7.17818537889891,2.5042911276214386,917.9677668400733
5.852069362233282,1.9843120332430622,3.283122322664444,0.8301347126841596,951.2193227660046
9.630756430906594,1.7288903073532056,5.422498811212285,3.3853543909228994,879.7804332047489
7.3297790311767885,0.5087721686095372,4.529651650586399,1.7954050285702765,917.411610901587
7.832337710436316,1.6001773164045323,4.009534005946149,2.5564588107325603,916.3587069469287
9.352127871067193,1.9004493168150316,4.370024129215584,2.578898808842259,887.3355665601049
5.952067136858348,1.3719021649202165,5.8796728556844045,0.008370326771673042,932.5198171312203
8.393236346458886,2.686775489047665,5.904962197591166,1.4744566442004245,896.1188120679343
6.6151578653056635,2.919408428753647,6.9602877611748,2.672295056340845,929.3888127416625
7.301745966533442,1.921613300270607,5.508781547145461,2.0498019675481625,918.2682552552858
7.608418448076433,2.2305415868507295,3.7417783701304215,2.551175469070456,923.5077312169276
5.249667207829596,-0.1610559973492709,5.261830457624028,2.0738932491561473,951.8642149606742
6.331744435769348,1.5788972278381683,4.113620927784217,2.983505435042516,945.3149796645203
9.526609338619709,3.004821691757913,4.293204113577995,2.0912271107555287,885.7144845455509
8.829286782877194,1.5765634168207225,6.080559058406496,3.139271277424381,890.2873673018424
7.406040634009147,1.2627383236080392,5.69418090559442,1.2159771382303644,910.5261778734993
7.864685187769339,4.277688926030931,6.087565595435331,1.8978879444168444,911.114570745573
7.058636241545313,3.819077190195805,5.142507152728272,1.5252803451343695,927.8359758916168
9.534875078741972,2.4675749124821573,6.2905295634253555,2.3109088512498124,875.591475997946
7.199471133308754,3.1389106114800476,5.086597101709889,1.7770656440939387,924.515405199565
7.847763138202272,-0.2259354179580777,6.6166828327422476,1.8163886503250906,896.1006364202925
9.219045216213097,1.2124485593712935,5.844638939471542,1.4361869093998025,876.7835346935069
6.33394277273114,1.5300421268268485,5.293003129515382,1.631411586457165,934.6238685104217
9.83818377674534,1.7640199011330537,5.712093044176097,1.991778348866658,869.489580079063
5.204307885384935,1.5100559790260375,5.482139299025082,0.3829238790534617,950.055458602935
9.944463196669197,-0.5500262915163465,7.096106515312923,0.15858891517505835,847.8014666568685
6.940986624072038,2.38602461870856,5.745437622578789,2.047316753845986,925.1643908577727
7.135951878262078,2.5436541282806067,5.498387327605491,0.0,915.5105890088628
5.0,3.6018987915899814,5.261509142949201,1.845486178553543,966.1584886980414
6.817807923933461,1.2116907352250366,6.3431842192450105,1.6982689910470288,920.1011437933212
5.940290203459673,1.1298368422200977,6.207913339053505,2.433630295888699,939.5591546795514
6.588530481939791,-0.6799844859644688,5.226158369687372,1.4623852967584565,923.4046132049741
7.294033551316681,1.7064331634091139,4.3443584853771915,3.255611815433573,927.7115334678301
8.936687421709358,2.9011117810621716,4.598031861621647,2.6785302985843473,897.1650003795625
7.811405027100939,1.3882321378072806,5.315837460457804,0.7901647746787885,903.5118029310812
7.961514980101671,4.143444818543648,6.848927506119083,1.7725229140205259,904.9323047505483
5.856720916731657,1.7434051642104764,5.249823370753086,3.2217481153471,950.2123156720278
6.178868865595905,2.1469922842885554,4.905876390034436,1.4418944756803729,940.3246698089521
10.198087527526969,0.6368969194184062,3.7392806867513535,1.957686139979671,868.6974516405063
6.39719844785513,2.2872203451752795,7.0135414356022965,3.1233020606838213,933.1091696231268
9.984312378085944,0.02068020514730473,6.06902814598146,1.5675235071497775,858.6696941077458
7.1354082016787,2.693697955013145,6.296009970005858,2.8983839520663137,923.0123666844223
7.503431904215256,2.724428176235412,6.461688051929375,1.2720003179091046,909.4323129344433
9.105547740344894,3.35929142433651,5.335269771241037,0.0,881.9102306672131
9.407838632907985,0.9800312812323113,5.584590633747536,2.9828234531525015,879.5862455013508
7.333781159581369,2.160562118297419,6.988601941951995,2.3509880320459806,912.5783151909706
6.9176354197176915,2.5638165593865043,5.679580889319137,2.4036514202675727,927.7265615420007
7.4161193272166805,2.44228163833031,6.0875252900639945,1.1256297669557804,911.4644964189893
8.006936292348177,1.1347007248651488,6.370550717200511,1.1893179068025093,895.7480017630206
8.836955530304634,-0.3919818895561402,6.142931332422644,2.920349215788912,883.5480660514417
7.506344788491227,2.346960296884481,5.371830829733506,2.1945658459234103,916.8247777509451
8.42832944703473,1.8475003216900805,5.466116157186081,1.9060351541297922,896.7706088251168
9.957539598406411,1.4333294070385598,6.2776404379759425,2.1767413296913314,864.405202225142
8.071964418397178,2.7639453637154663,6.276002859934726,3.2068044240098406,907.0287685411988
7.967479284007167,1.9550804618455668,6.668232599019461,2.5789505816420557,902.5559743842838
5.221633762364898,0.6808049472322006,6.051096983309838,1.6202838420918737,949.3769127429819
5.0,0.06854771090377842,6.096605613592055,0.8772097111039585,948.8152521355252
8.082563593845252,0.8710367348668346,5.053766633215553,2.4704430094622283,904.494542795504
7.357763653078692,4.393012294766787,4.918850488928099,1.260825591492617,923.9297167819725
6.727825987627887,2.722776773932773,6.280630674351494,1.0540984499049875,923.8852974273059
7.865295306279517,2.188612341975012,4.925814931983625,3.0525993494992543,914.9723658837246
7.409394406204638,1.8183390728141953,5.479298996883138,2.6979245974065176,918.525969224591
9.191670375950848,1.7526070600525643,6.879023240971291,2.3085487413443984,877.2350479521456
7.629166302388467,3.167195983359095,6.720570292345089,1.0092823512502003,906.1478620563925
6.379615072394749,1.5094042580965685,5.801788830797184,3.431412848613666,938.0469352671829
8.985249358438933,2.5769204106842927,5.20386042016629,2.8230946517726796,893.0779310296662
7.1743033875806965,1.6515720497084059,5.376621089656496,1.7569715191500845,919.4104889940211
8.28980502550846,3.9401566318350625,6.367660141055615,1.5877759534713074,899.8095704193671
6.783883940710799,2.7422885075783037,5.463500722553834,2.0627917930471478,930.4490507491827
6.525259671753846,3.2455568146836256,4.9417176069897355,1.617265066769079,937.4325127942245
7.6262523452785445,1.4155902253117612,6.715774756407974,3.7694831654280865,911.6053278645343
7.519242965315527,3.058136112567422,5.681600139129281,1.691577300236108,915.2575075091215
8.219740553050249,1.6874225746053093,4.922744179008253,1.1456937027678182,899.901954838322
7.097031370035387,2.1100348239328492,5.978940188932631,3.270732686666462,924.957267391977
5.0,3.6350476706194583,6.471218413192508,1.5447505333703149,959.5070893638207
6.850839174617417,0.9572249432435809,4.4923269352122395,2.6291440864933833,930.8461446967841
8.690727700715723,2.2032477313054004,5.299546086647065,2.5403100848688567,896.0165901498328
7.05393588113534,2.438005258518727,5.253316632411588,1.9531503595639566,925.146624279014
7.1304248962281775,2.5200043808008097,5.952287165783476,1.221602588381843,917.9811354604775
8.979564758858906,1.5492155069065345,6.132008322859858,1.9614536584172877,882.7951756575076
6.432040159111616,4.086264100808082,4.948526088720515,1.0641111149342248,939.4225769167834
5.18579517263565,0.7050681146597397,4.007248824093975,1.9810257899704773,960.9570587355308
7.259053320711758,3.4588853886324693,6.531798754599401,2.6182251731677266,920.7088319043426
6.773739073126895,3.2150656055916387,4.380054729422787,3.3742240529535983,941.8733452646119
6.0506305203701185,3.900888789603685,5.771184205043877,1.1297207072445692,942.4183065216058
7.236932316151964,0.4117729012921798,5.368019101269318,1.7996331168032578,914.9852516877845
8.237258470870175,1.1311685121102897,5.662443905204075,1.5801511326197755,896.2007506447491
7.486067157648276,3.491943059161641,7.1512339717068585,2.2189915020059905,912.2130824218284
7.960471609029357,0.1229608453696911,8.538281613621828,0.7825532989513437,882.1963775993929
10.220111547773135,0.3935410989595862,3.8665625886013917,1.2570698583000266,864.4106887133966
6.9856817076636535,1.5116922132885082,6.483906155332924,0.6463867535450916,913.2483366134206
7.917522951967005,2.1919937886222676,5.343752227322354,0.8493563674679168,903.8708935936015
6.7361799561012985,3.592225073648775,6.547854513712553,1.4716497648703317,926.4663744085501
6.230460420169541,1.8147340850696418,6.457263076179164,3.3367060902607104,938.2728176337275
6.6226385198733455,1.3917608519354607,6.909744807198163,2.2780803815461064,923.7560819731357
6.7818621427174675,2.3113899376964273,5.784964915162697,2.051996698879845,927.7494829359547
8.039213696320688,2.469596483294401,4.610423515044976,3.0775088032227877,914.0806628398561
11.023613680051136,2.4412398221702714,6.42764948870962,2.306878304946735,847.174861826806
6.425934845586239,1.822013792048655,5.617997576144064,2.382060889117606,935.0086081303593
6.875062041576806,0.04491388608185032,5.266156784865868,1.621580427856159,920.5038059108384
7.405315480333128,1.082384010893668,5.023776119295038,1.4901373155127344,914.1737353151826
8.093698273064621,3.420271085267462,6.506335569105129,0.9510984402148648,898.9933942501547
7.895326217932178,2.1870689379766,7.103369492007377,1.5191283471668866,898.5793439970428
9.426143690922176,1.6774778808929431,4.304647441300366,1.775581268720758,882.6524423541333
5.0,3.1181685483739745,6.1219522424789306,2.2757751580135364,962.4084959102466
5.0,0.8698833676310516,5.127612814577355,1.970593267964237,959.624181964733
6.756182741984776,1.7746518662869923,4.032727601807887,1.7079444273058488,933.597649627195
9.145950281315564,2.1377584051740373,5.647705820763008,1.2706585984826004,881.0246886377734
5.151527952591605,1.5586224967053708,4.666862219810439,2.319301446364168,962.1670289059603
5.0,2.100762822901599,3.9222467721998022,1.6017871303729272,967.2913289101537
8.356769109328813,1.8123060685782348,4.718259527775466,2.2830372063935913,902.8834201014456
7.865485835554072,0.600656952214125,4.472226082086147,0.4693823123251708,903.0380472755207
5.864687389800856,2.181477881879056,4.853313146936609,2.2691369303759155,949.5864210878898
6.021690598918605,0.6716482084871325,4.174115923046311,2.597525522236991,946.8336092623492
6.045384420547988,2.165615125096722,5.104859891373786,2.4956246874909986,945.8540413194056
7.665802976210911,3.3741358241501094,4.786750871916027,1.8426236597194443,918.1360720516026
6.560527085725489,1.7189768027239456,5.875613877145657,2.7322546523395017,932.3225242630813
8.24109587846328,0.8285168700290138,6.093538986398316,0.981632893635322,891.0538968055351
5.0,1.8730121867950196,5.760148576778442,1.9286351478347759,959.3255358690838
6.214722202308301,1.1680288919214687,5.264555542126491,1.8452833590714408,936.759238470384
5.8109190586334245,2.5945090026314697,5.237572404307685,2.8291197512328696,952.0351994213156
7.115488982441262,1.8520112524771464,4.662925012588635,0.3836054635803616,919.2734273369856
6.692928362264793,3.7097632516645733,4.687005340590063,1.1534962256581602,935.0682030597236
8.69676566984365,3.162989595677338,6.203603868078736,3.3978006469044124,897.5679599327663
5.0,1.8469194955185972,3.740297401349536,0.05554710092403026,961.677157691659
7.568237214496128,2.715609067973091,5.419275061687058,2.6515391773500006,918.1814338129141
8.337504634817558,1.6067635908371547,5.176470938438799,1.439738269578286,897.4005207099199
10.284971154842932,2.033956885165168,6.0991321013748925,2.20376208291688,860.9213069065898
6.777351043359787,1.6385658036496877,4.074988016577649,3.131025923087483,937.92159134249
7.9866879065287755,2.7664559598497087,5.51248070548594,2.2345654968630644,908.5555654343665
5.0,3.432988276709578,5.842984341359107,3.1476267014088144,967.8273314339407
5.0,2.7986482071911434,3.595268781376005,1.6061206553705587,970.7749975026435
8.76716156367255,2.921936601285356,4.425672027138263,1.711858995325674,897.5817385696953
7.4916595595278945,2.923033437235729,5.408210153187209,2.6294737990781805,920.1538608029191
9.267769034697634,2.5512559223347098,6.014146907634305,1.6484556317741348,879.6139718076381
5.439895666545376,0.8607138407897321,5.6824993111127,2.477877104830402,950.7234132513544
8.27985320929313,3.7009715194165,6.060454252949807,2.9470433732621464,905.8123299186384
10.303226760815779,3.804410826698425,4.420627487359345,2.694669515429911,875.1525412364934
8.129558412535898,1.7661203966866317,3.9112496502719734,0.7368707476427341,904.9815377410544
7.914872258386573,1.6293020847838182,5.584505805756789,1.7268953783603824,904.4952276212881
7.512834121236525,2.612411652915375,4.270646761785885,2.225465987243857,922.6801398868773
5.143677814311132,2.550812835183505,4.634677673952197,1.8048851682964864,963.3172821061602
9.533359403565523,1.7980539312469812,6.432278354826374,2.0634928107132264,872.1721844677709
6.583713540292401,0.7499743444123959,5.689099556766851,2.236056595415408,928.2091741674514
8.256724884574526,2.305701190749777,4.931855094744586,1.5787455034259443,902.5076305512879
5.155448540143119,2.5514365381755453,4.801968495359036,1.8452488956353088,962.4723374831916
5.730810503238329,2.725821148038797,6.120921556889165,1.055172217594516,943.1849210527123
9.652631098833353,2.3492927723542074,5.711970935649983,1.6177265704741428,873.1828663879592
6.979046566563236,1.7288848516380906,4.285443357677309,0.7786571177873476,924.6926154629635
9.679913214063816,2.9940020395062783,3.5521762668990524,2.093197356554153,886.2859544339365
7.382654011412224,2.065848497565918,7.38180183264015,1.8454222365131603,907.6959448939938
5.0,1.5350769856352793,4.277520774682442,1.2673638303610968,962.8169866365923
8.83810139959758,1.819346617954279,6.027696503300123,3.428207847063078,892.1214354823065
6.615161523366588,0.2540309675250181,7.010692932338174,1.8036708135625272,918.4866753558564
8.548033220275565,1.8177581758214612,5.647597568833156,2.229242355263696,894.8195802799231
7.537816301310123,2.6884365198746685,4.899563323532796,1.48909346812363,916.7638129330745
5.185322658085695,2.33978302213923,4.073950958304287,1.6685215834101599,964.0540215255454
7.746442148055854,3.520664172981186,4.05998946367997,2.2595307766788286,921.975332571912
10.794334713229198,1.7370250859842957,5.876694848676386,1.73419916015449,849.9062641532626
8.23947968777169,2.487313163053316,6.950976322949985,2.0026426855106143,895.5230724207473
7.413723370491805,2.792740176305772,5.1045409032954705,2.645459692282772,922.7114852557136
9.113015102935346,4.3428570082874085,4.944279537850636,1.5855790563849181,892.2319443772709
7.816002697804667,2.1447654911176404,6.197481090811187,0.9342710534096907,901.9734467874634
7.814301345394192,0.9558128211359767,4.814052746095253,0.778988568257269,904.5432049512115
5.862562241761346,2.8479287533552817,5.774482907628421,3.1507512291094906,950.4815125769153
7.850772038684397,3.865727355968457,5.541801450085512,2.7449173604604558,915.9127352416374
9.053165124625417,1.6774512897733784,5.090531941421944,2.5246397337501914,888.7219040623736
6.245906771849963,2.841081538606416,5.48446184126348,1.65115775530239,939.1023108241523
9.636743731870421,3.2287280552289204,7.263152114649979,0.9335359912097327,866.1738144154766
7.362440963782311,3.0170655439701535,6.104532944100956,1.774158709203082,916.4000031494917
6.168345732692189,2.125558522473578,6.5925008042559785,1.9253165029711636,934.416126300889
8.996448115380367,1.3015262417868538,4.581305639079939,1.0947586666021767,885.7767542865489
7.069808646392596,1.9187204519864143,6.595936147607574,0.8242749495611039,912.9599889641319
8.639272331229161,2.4586004538776307,6.139020475468985,0.6157499148768539,886.6231743778673
7.062362051612194,2.908222524091729,4.000403903440632,2.5259145500350755,934.2585306573607
7.4102607847051445,2.3339450479990393,6.0397907333711,1.0357133478375884,911.1586828321819
8.240340306501437,1.6200920334594229,4.986725863205323,2.2475282565727506,903.1322569229709
7.936345586385009,2.5553796561497686,3.954196323674384,1.6817601172742014,914.0926160650708
5.0,2.8600850677428205,5.629775732327619,2.471710327020909,964.7059426001969
5.818134389858413,2.3796100564144806,6.03904259106261,2.268659609575214,945.4896781052087
8.894114977186224,1.1638128854616752,5.651608068644562,1.814450065686971,884.9962760999326
7.301795116647679,1.81859396528281,5.390861415154244,2.1043627401673737,918.7312118064476
6.714403045842867,2.947820776412467,5.169414661541668,1.9117311132986299,933.1203848788156
5.4621389771137885,0.6169821912555262,7.966588009341557,1.5077222794935428,935.3996879755641
5.880395518086227,-0.09317802239115913,4.317430611471354,2.7840662283662905,947.3553507073057
5.0,3.508082850144021,6.372921982357203,1.6615409974064013,960.0443964442926
7.3480789219477005,2.5114152550218796,5.5154229708889835,1.9305198829988162,918.5773977634055
6.60234362912843,2.6067300025201066,4.645533493732968,0.867899920273995,932.8060421628032
6.050118163522027,0.9231830263729439,5.451600949371421,2.2192356830758504,939.6590951285358
7.397814862248071,2.737528063466538,4.1070673624113825,1.511534722283631,923.2733927909396
8.045955946279108,2.2752486875683644,4.904509593193146,1.618521072673678,906.6180920195224
10.639796898314916,0.4156724221516028,5.453065674164394,1.3283513112924465,849.5542152422889
5.23217487065518,3.4242834142738574,3.9488829414008704,1.9008028416893212,967.653979025208
9.239071564950784,2.158683323618729,6.006382538488058,0.3948219079704052,874.425054058492
8.959652341522608,1.6039160339207312,4.536238959088468,2.5458856103306076,892.9125754929868
6.331360890934949,1.6220102540147823,4.048279041986447,1.9690681802566175,941.9725321226288
7.804853931879046,-0.015221905432376559,4.41958226417163,1.6261715190382342,906.9955482733176
6.813550125993578,2.5933365996313635,7.675954161835486,0.7614154673672657,914.3526554555622
7.7785328706281085,2.2618572072457255,3.52193585813116,2.3464533491839763,920.6916749331872
9.763696520106826,1.805919867666905,5.93612308876979,1.4925379517639392,868.093029974586
8.40840934894697,3.278485207451672,4.7483637289807135,3.0448694961986513,908.7075830244752
8.262912559850163,0.6161409810041543,5.149871828482438,2.3890551698638256,899.6792409532386
6.8545360200680365,1.4032275236323848,6.103930928680333,3.2277245509496986,926.7544913288382
5.2739150026134975,1.149991745239614,6.0548187148389205,2.1095760326308577,951.5163737379933
7.187297684189388,1.721205020228447,4.819303580838209,2.8622582089297244,926.0662639668357
9.309912232295872,2.067470025257223,4.142175993366706,2.3702168362385736,888.8699621114167
5.209248215115529,2.430013523811355,6.122140973700639,1.6392148702369629,954.2276447198584
5.917365947734957,1.6530265468948828,6.052377193009344,2.1497680147873077,941.1125205054818
7.689401604351103,1.1226442648451063,5.215030491211811,1.332810986832851,907.5274727448706
6.0230178227291065,3.6860069497704444,5.941944383808378,3.655023546379497,950.932474094921
6.311214829327181,4.411640191788569,5.054170519024464,1.919307912235669,945.2678128296575
6.864602127407735,2.1432866718820254,4.6729624349652115,2.0209682332149206,930.7968967497382
5.451573893714776,1.243219632979133,5.503962181121075,2.311988689306815,951.7864821349253
6.0388172306754475,3.4754541310422944,6.019032741091517,1.130443740546618,940.3012650038025
8.555141875180963,0.5532428936715348,5.809250269552434,3.0570968845332605,893.4872954520225
5.538945326653554,1.6652266752951723,6.009162680076672,1.1797363593855592,944.7776121428751
5.103191798257743,1.3038829486536982,4.739421126710874,0.9988235501108849,957.1057813463567
6.554962530699158,0.8404644495495113,7.081881124758253,1.8667807898375792,921.1462700513086
8.597933253764769,1.7199757670782305,5.157619144661376,0.9765620017683325,891.2370554940264
7.204617288004665,1.1358279208260351,5.381084348523409,3.249552428953101,922.9393711572895
6.803128382826572,2.0126544641486546,4.181344090782132,1.8154373842535558,933.0972950816868
7.56653819627341,2.027177167672464,5.306144843702716,0.0,906.954640323903
5.0,1.3786682764780207,6.032237736851517,2.1599588145000337,957.5416258049542
8.242058480662548,1.6294866434061304,6.262510612692664,2.4428047894832323,897.9205394626364
8.075152547105466,1.7691510320962895,7.061940737186783,1.6628542012878258,894.7958872042591
6.886037288856418,2.809846061119427,6.020234895825461,0.915285579391033,921.8799470275401
9.008886767694625,1.8515705989358144,5.776913195799703,1.9173543866668015,884.5805000498427
5.808755851570442,2.8247017407860975,5.053704888485681,1.6146356262185244,949.0547758156574
9.191863489880355,2.5858129835546557,4.8382595917669935,1.219542464112771,884.9945481771258
7.731740498392877,2.571530696900742,6.470248514668156,1.1489399439241996,904.2615983724367
6.99517111518274,3.3878459703459733,6.451070351738909,2.1249885991499076,923.959387968118
7.470189546947533,0.8806091202540902,4.422987299151227,2.7224174403117245,919.7818758091912
7.339102851283587,1.5268168936928863,6.223095887153481,2.3692350703976777,914.338664686144
9.330424344626575,3.7632988002995695,6.1503836913958425,0.6176017131292959,877.3619050506319
5.8849813087934795,1.7426834994107325,4.386191114985806,2.492382403644786,950.9873084766718
6.356221141280103,-0.8151236899058496,6.0404568047891765,2.617979209621639,927.8608501948756
9.05445433810872,1.7970316568521147,4.450453540518192,3.1149574006782133,894.2039002009085
6.606697597224211,2.13493953016325,3.0707070323265113,1.2400897951264842,940.1162523183374
8.850799615997387,-0.6171131174312108,5.33989758630795,1.954717888508298,882.8044083137345
10.049153974513064,3.3339356398879483,5.757814705254989,2.4540194002430655,871.4525302988129
6.89730745958755,1.286287536134398,5.384929195116887,1.577957041488311,922.8389029145295
8.522043489862957,2.3285631151875155,8.367106817187974,2.4415278802773024,884.8721191946296
5.769461577990212,1.7740184546559377,5.878851229234974,1.9807789390256738,944.3793655751051
8.632099947101715,0.7116485807959585,5.6471418192987,1.322836146675563,886.800181530223
7.799135978980151,0.9294918653645801,5.929591303314091,1.3910062090475628,901.8412966325828
8.209557423240323,1.064917163572453,5.058680995599902,2.999431485019885,904.6183693088316
6.531641891946908,3.085671909183638,6.429479062093539,1.2028650700826624,928.4080658583824
5.008374876649241,1.8524618118998482,5.861001946177102,1.065599772664309,955.4329678541125
8.254878097124257,1.4781344834482533,5.81517170389249,2.2755030917854477,898.7175856806512
5.0,1.0653910874097687,4.875879777133061,1.9755417725260045,961.3586155640013
7.023974261636198,3.1961502215261266,3.9356696735509065,0.9507028980586092,930.2170886503909
8.911772799629954,3.464201272523587,4.9986139109227095,1.5844638607283803,893.2667983533427
7.787846603809554,3.1847438987066807,5.782633856259892,1.3465748173915573,908.8614995356221
10.42251396718472,2.4924373391541668,5.055300520255054,1.4866659630024777,861.8283903497876
9.03766372887266,2.2898300418707116,5.791727167067371,4.019976317445318,893.0208610338211
6.519152417511635,0.7840621820240985,5.267638123143695,1.757936076260777,929.6863034532028
7.540970069777158,1.7541808732889426,5.930579484626524,1.2949992446622813,908.5823239252513
7.428943946183346,1.3161397966535633,4.523175874124686,3.6174299926397198,924.6277443915932
5.126734854980809,0.17448789101529028,5.692890011885082,2.710603838553917,955.4510606374446
6.08940162527347,3.0570434191653657,4.8590458536486025,2.5798604484683274,948.978798558221
6.65885863953021,1.3041700536077248,3.9617170578693637,1.3335245645589064,933.0325908153703
5.0,3.195941907435307,5.334845876971625,2.9531866861492047,968.8054990663015
7.5712402023774645,2.881746400760012,7.036317573818047,2.653019670586271,911.0753611502266
7.126392233020439,2.556717976633419,4.041423592154017,2.1176716654704117,930.3774665126609
5.0,2.6128840717631836,5.619392250394199,0.6269575017022024,957.2020545022184
8.106319297915999,1.3846861179262924,6.2975770632642245,1.9840639980177377,897.8927200562241
8.57380911703644,3.857850151290665,7.800030685144451,3.383944571332303,894.3186834646576
7.840551718297333,2.043125430953049,5.007067017553312,2.1763062557936323,911.389055631958
7.013897737186545,2.3019316851187037,4.867999395395687,1.6988267783345097,926.3573299166259
8.387163227627783,1.3509236664333608,4.333307804060734,1.8172341255290645,901.088070653558
8.520330540715037,1.06883473922304,6.640516334846219,1.8725981545489467,887.3015650430198
7.961105354579533,2.4772960088094234,4.632585670760925,1.360308628978449,909.0639210001605
6.263081624347858,2.2175134959387854,5.1294035682246495,1.967004136509748,939.8690732363706
7.914901148266771,1.2106476340974228,3.651062122628745,3.1541876236364397,917.6266846310738
9.293220976238219,0.5615732812245959,6.383971842678526,3.0635639031287836,877.1338679477697
6.605056412082405,0.7300769126724529,6.658258280778027,1.3965312717407485,920.1270606468811
10.646909008698646,3.196133717091107,6.345775063584365,3.020717907640555,859.323922079645
6.711553599021923,1.3867461853499283,3.8946747186462822,2.6089130501222004,937.3390440200678
7.548610520010205,1.6610914543241662,6.107151040779306,2.50667083008933,911.8668526336832
6.491271605990496,3.450340258759062,3.827329615275999,2.3455295053121072,946.5270844992423
7.8349062538803915,0.8778494385135853,5.55804030206424,1.2556988969764356,902.2562561034313
5.0,1.2730051742829431,5.705077579983797,1.6755374520343074,956.9660730108923
6.680937301774918,1.2312331714393068,5.810183218108265,2.666334722497061,928.7811199387878
5.861818199477149,3.6180684811660395,6.034636532637468,1.034503724900042,943.5618865320423
7.703007521838436,3.993383500582414,5.491966396440728,1.1673799156832991,913.3806096033226
8.991671063263361,2.7515632254021707,3.5375704872714477,2.244957939812725,899.0433203924646
8.469009280671827,2.78338472415424,6.035121008799532,1.3683738714727174,893.979108870855
5.0,1.4196449971472689,5.597608141127748,2.6591154829606136,961.5338412824103
10.563104479391821,3.947328486904283,4.597380208628767,1.3966256349947637,865.0669325538317
7.942919910931303,2.267696254358662,3.9306025788633914,2.1955041158905173,915.1885355257364
6.3352512892604995,2.85311026444974,7.040022185924359,2.262457251720585,932.5147414694219
7.735691878486412,1.894475061229046,6.731300538290682,1.6143242576820185,902.8164552165072
7.764284733754039,1.7319674126723894,6.205957407307455,1.8082826962763252,904.9956027196991
6.499726924572655,3.6630422595961174,4.823700088765297,1.4559908159680361,939.0210475298642
7.796875001013113,2.539723679738307,3.0,1.9851162354782108,922.2085864436049
6.588791568569539,3.4513754610703815,6.264679175435235,1.2306502079296586,929.2350749687174
6.8934570109649655,2.2553281717450444,5.866686773855075,1.821193798802353,924.278812628339
6.4705812963673734,1.1516334635769092,5.125337690927823,2.5987928062361725,935.4049342273306
5.35099306539052,1.4166570671215122,6.624806306697876,1.0905991367514631,944.3856816635756
7.718754705323076,2.1029652424646104,6.34799753396285,1.6103444704176848,905.4807284044936
8.377949154774507,1.3734997839566732,5.67609548823085,2.4146099279879594,897.300715030275
8.272325394114558,0.8925385913723094,5.535058417871114,0.33788417465547016,890.8538378260156
8.729887878952852,3.2014170317870247,5.550967717599681,3.4844672291194696,900.4162571756486
7.9865103150223025,1.4551299291764879,6.179939872834746,2.836206331224747,904.0346877864621
6.700911752674645,2.1381927477913205,4.642523653457012,0.7693315358101438,929.3127774912281
8.759495796646783,2.2961335898856046,5.925983121785037,0.3166433600545986,883.8116826812533
5.463723690237098,1.4118468746794313,4.57940905553041,2.023694069867249,955.2576819736353
6.14899292623128,3.450799466308739,6.836555171752234,1.1038046432783077,934.282633807447
6.053699892865133,0.8828582387953872,6.032128571575234,2.7691946321587295,938.8263626527532
9.120084088708966,2.261625263580771,4.81177173836107,2.3152017297053504,889.6241822865285
8.914182771210113,2.246117706376584,5.58059582402975,2.0987032130698164,889.0302742271639
8.230957855567492,1.945745397135852,4.6462136199719595,1.5437948919811182,903.1808372097538
9.107894797817696,0.7030873867280174,7.004112837700796,3.280006111831482,878.8972686102665
6.181075826382018,2.870817551863464,7.122875984471209,2.6027616805773484,936.3124707229503
8.02289267979147,2.7435106703345964,6.196223682562848,2.482532647216517,905.5611722498404
7.312238357425254,1.3244314714087837,7.056656567654578,2.960044771701954,912.5954438682583
8.77032315582737,2.7074872072053617,5.6517959488725005,1.1849113092057046,889.262897517702
7.327163651171704,2.3749076863007756,6.263512567174797,3.0277902952312727,919.188794993883
6.922585667384878,0.7193878546388917,6.724724521909756,1.7883133629098902,915.3395553842281
8.311362777841484,1.1460710854286424,5.494256404484083,2.26778375728196,898.2040539567322
8.814253750786849,3.1382814448895795,5.571103857317345,1.8748295922624534,892.5894186132972
6.497482207729798,2.3094161851420503,6.433656601428898,0.49770751490113163,924.2350708515598
7.408386492971436,1.4356970541893739,6.1464979655959935,2.7658786087777982,914.6274588965516
5.912339049537521,1.141524108827358,4.744539279798947,0.5404133416740351,939.8735759221927
5.0,1.4846062018845791,3.313170628728531,1.22678351998994,967.009442574033
7.800689447120593,1.5555204701222953,5.324471937402952,1.637740295657503,907.2906777861203
8.413358034381949,1.1540369673707485,3.403085820774821,0.4371075631925767,899.2429947679336
7.893100213630088,0.2582358876166977,4.508982663894452,1.1195019017570336,903.8165918403579
5.0,3.1400132864007855,4.625713042799616,2.195856072627225,969.1296560102132
6.973725854885288,2.9706336726114433,4.931357689059873,1.7226790467715705,928.7643198455814
5.0,0.7267445481931405,6.320438144163542,1.7886777010198793,953.0014609668923
9.554551661481277,2.136311295563668,6.53767954073026,1.2679948392091278,869.2723785485331
5.870918126822871,1.0977617972852334,6.008740719807207,2.0369450590063116,940.2104695279203
9.383105414189846,1.7384327767734646,6.132506976061805,1.7398015798427209,874.9903711815944
8.918804465526218,1.6552334201263434,6.1561204563686465,0.6872276791853063,879.36886502782
6.149114471195908,1.5721657842821275,3.003170008779076,1.8392650643432578,949.6001388724374
5.800822573098382,4.002947084076286,5.510197682007116,1.0064705384654875,948.1045736867015
8.025555324579507,1.5596743153238095,3.703541278829995,2.718157689554052,914.6762419611562
6.233513944225393,1.1917361749330753,6.009139475671541,1.6867946122411166,932.4239619611352
7.653726963237311,1.2374185705029521,3.406891852680303,4.017219544584629,926.9050858863807
6.775758613789622,3.0437769564017554,5.319561464649301,2.773522029217162,934.7545686299426
5.0,0.34789766830706514,6.047769776019587,1.895784659770265,953.610823970431
5.0,1.2373770835644797,4.382242051683688,2.463583066579135,965.9493855304901
7.840026372741896,3.446822840111534,6.46171596051322,0.3281606490306965,901.6759235889197
6.6576633805040615,2.243986187997647,6.006622169951747,2.7699035255278046,931.5114306118256
6.670365274628802,2.1919220050361132,5.88082469583791,1.3437676022740064,926.4096489307681
8.543795758640679,4.1321464601437015,6.198001587510532,2.0717864296354827,898.2104256494043
9.260163414948668,2.246347952948499,5.140799912233344,1.4179019897199905,882.1081470805544
7.091182917957286,1.2918138386404174,5.6519188637568085,1.5029452998053103,917.7276921346079
6.989101939635208,1.7179229431236513,5.510051572234199,1.8550943280164598,922.7849200234324
8.250214549670826,0.8645676909694313,5.487451055383855,2.0614662200052942,897.8201601648121
5.464596645450637,3.255937040015697,4.827968923352923,1.978467295368566,959.0624095814419
7.834729582121546,2.5745617175367155,4.257467885277294,1.9984123006895773,915.8039250564925
8.327828957733232,3.124414149970889,5.163141650710525,0.6994538340148453,899.1228564513119
8.520345312626443,3.2129839285493706,5.108052092805733,3.8656396834112874,907.8235397365441
5.0,1.5857892190724674,4.76326901248311,2.185584263254408,964.1155244724722
6.357967095286589,1.05524714799111,6.3520537818100244,2.3500538765097057,930.601101905764
6.1826051207648,1.9482868886919542,4.327793382144387,1.7280071113639512,943.4532124005277
7.64983043161382,1.1272389292114617,5.328490841108758,1.3006762443539026,907.6291838023237
8.221116869651976,2.1649568754090245,6.666339711561252,2.12082858477614,896.7284585834718
9.745065611168972,3.1320968808346894,6.409129352599552,2.231421528512822,872.6887665262657
6.7575517794478905,1.831860353950833,6.716293885097283,3.0414471019637865,926.213843943395
6.7536412525361795,2.149995089907739,4.909219422625773,3.662094146811838,937.8858789145997
9.22450802831812,1.9061543837766335,6.2842881257277075,3.181617923192172,883.0660002936609
7.944865407795458,2.8027275724376977,4.437029603021868,0.5867768612640327,908.3057356119562
9.40147726678196,1.33221760571171,5.22412604418346,1.6316654873521657,877.3370194652882
7.933092004514754,-0.19644626164309908,5.318244189219807,2.268653695963494,902.3159599151534
5.764325071930093,2.470868859375381,4.924159787801989,1.679771478070053,949.738684664899
5.50030746783329,2.9878344213079937,5.138186011915475,1.964938546603411,956.1573455717079
5.172731626411606,2.4463742447585357,5.006624072502647,0.28389100472545503,955.0978484920618
8.49307775213771,1.359769504531986,4.517606188898305,2.731370400786644,901.6863398404321
9.282895234630512,0.864987901813931,6.356413506005792,0.49963580895483295,868.7627872883185
10.274043212079572,2.4944975317803215,5.317549997125731,0.7420083806821334,860.60610805849
8.76465799848486,2.1414789529346736,5.701436543917286,1.1882633725666834,887.570747323602
9.24425786630248,1.8742073723416701,5.663776871192855,1.9219728369849607,880.8090187581444
6.629975501019473,3.8224633429937906,5.5547264251100215,0.7018197158569126,930.8384198742165
5.765376274884215,1.0531999058186683,5.592804546056429,1.1516862127481358,940.6901605966484
8.77511899862633,3.7750370211274653,5.194582779968979,2.919156033847636,900.7295904335533
8.126521128359101,2.03178390487064,6.918396868514863,1.9101117175796605,896.1604542579121
7.6611665615113385,0.1644295231291253,6.260744761635359,2.3468375829584494,904.2888329924203
8.081057220949486,1.820797345680859,5.51838203277102,1.0110057726002042,899.5828253064767
7.984778223687309,2.959496076599441,5.052945564033937,1.9569311803542164,910.2337062112883
9.425725289780342,1.6349449671950294,5.381179157270919,1.891306714950905,877.9661839668673
9.442478377225434,0.5252214587616051,5.917621516371746,1.3637836232748883,870.1016050810058
8.316330528510521,1.83548546820383,6.9999400925363116,1.9591383167057133,891.8855297338444
8.768704308844391,1.1428276261082941,4.126952455334956,0.48629976574166545,889.4192951435879
8.271093828637163,2.4918144010879626,6.1597747586417775,2.350886995468905,899.9221639618443
6.808245401948072,2.773399816067611,6.626723636778634,1.6804058259574857,923.2512657721356
8.63484701236971,0.9437295922518938,4.013281530094768,1.7942244865412178,896.7476071072989
5.408257396711107,1.2941959448843505,5.318849123268725,2.6814126416934267,954.9694257113008
9.080837328443824,2.7566424651069377,4.4354820269169615,2.3456267819664074,893.5981983723443
5.708215590350948,1.1411557217010408,5.930529611677034,1.7453286487511106,942.6366743620741
7.928704930192099,0.917841864172005,5.1416490676444475,1.1067311767103734,902.0052389122827
6.2322690623607615,0.8213088682037453,5.369860933119875,3.062929123830073,939.5054901840189
8.33008347461164,2.3520386129581206,5.0889441927215255,0.9279023984578514,898.1208415284847
7.449112161108137,2.309157719517464,6.220163432768269,2.503493522080921,914.988299780611
5.107866062755002,1.3159539696209583,5.729032960598138,0.7220848446349075,951.42135516326
8.131049446527719,2.005085396128234,5.730926764039656,2.7342986425161,904.5894500471577
6.633118834750934,3.5271323841551308,5.660621825081454,2.808480682306855,937.3003456769783
8.821720081220054,1.0259398430817783,6.072490880452137,0.46991132544922554,878.9993661880739
7.501988533101611,0.04825739098955051,5.2380281451436765,2.3594680421503478,911.728041647052
8.093131478082057,2.4550755757203704,7.200774787540927,2.2932029181998836,898.0745274575718
6.063646567477182,1.8895988360984115,4.265205248781481,2.562439443748821,948.8972249215508
6.616001652858957,1.2899749131848988,3.774081551830351,2.292192220014655,938.2288751070528
6.812042045848373,2.652080237354908,3.6913194313914266,1.2301474457678219,934.8168349517266
8.785053720363834,2.8392251446687897,3.4204118807075643,1.8262136260241033,902.1180383983781
10.016065631708233,-0.20827801988009265,6.173169814820252,3.3317172291471753,863.5188320282748
6.292242372385686,1.3474020906685116,6.051367699282641,1.1137492192403413,929.4378310005012
9.11527221698652,4.317516231196855,6.707776491775595,2.258286366680938,886.4214716463865
5.0,2.583404915798191,4.443361785294478,2.9210030991640403,971.1221989423478
5.708715898361566,2.6761036382971497,6.2454614547455005,1.207397752911484,943.444337317588
6.061832315719838,3.172894278631478,5.556824062149306,0.8665706823073493,940.1967050141818
5.471236965838917,2.017068825199726,5.666586499155859,0.9871181330791003,947.8950666916828
5.12461741531863,2.79668416009162,6.125622895349608,2.3159770892611196,959.3261531904049
8.119498368206695,2.7180620438372025,4.743718248937556,0.9803169816066446,904.8592127676784
7.178898453408208,2.539041496752759,8.087249135404488,1.8917119674943388,909.6978745819955
8.069108096407664,1.6779880293825955,6.831880304275353,3.097017117042576,901.0588362693129
8.53570902918227,2.1720589223662587,4.968294046004639,1.9589535004730951,898.1905961584499
7.8984254897588,1.411638435693222,4.409261942276652,1.377749769471357,908.3599182369175
8.486644764225561,2.012814304566495,5.412095838195309,2.1003277381707086,897.121132833532
7.395701570636596,0.8315091079007331,5.682258443582042,1.9450617167453397,912.2829890208385
5.719509917541383,1.2093760087270475,6.565615259708311,2.3621261110425937,941.9582727735135
9.086721271231195,1.7176879580750706,4.331279088431674,3.2953156430550816,894.6074601890869
6.616331800828309,1.0562945685699239,5.7854869431991665,2.3174150870695804,928.3115601889263
6.096605551856361,1.4949827292548235,3.970984975585211,3.627026009412723,952.5115951686367
7.233123186293403,1.836074023244484,5.936357593411119,2.364241522782034,918.4874709151823
6.1307836210552304,2.4022623446643774,5.3924957795419495,1.3861349658335649,939.4610532880172
6.873854427015852,2.949257301852909,7.436679762285763,3.8306423953828803,926.7541643458703
8.0160808823452,1.536215628621892,3.953997455780323,1.9001455861238263,910.5793906032366
8.02251260886919,3.335104617268624,6.870608381490105,1.156086214487196,899.1485191011759
6.153254900361556,2.9386110786254935,3.7961686648337816,3.858982930903948,957.1614159741258
6.768441940576883,2.504093831943942,4.172789725593496,1.4135064910556165,933.6581736191106
9.111499507155365,2.153649129296619,3.8229054415278347,1.3820884543712837,890.6096489848045
8.244600176600912,2.3191208418685414,5.750352608451054,1.558823593564473,898.8904680027987
10.612597559022813,3.187051150666382,4.326301189246267,2.131701130657764,866.0201857885866
9.27019226061229,3.223579659759274,4.151668494719462,2.7446891179591097,894.1831962217021
9.216439602839909,3.334946728383643,5.70276760162338,0.0,878.0708554118194
5.4181971743162975,2.041326831877003,5.951775385874691,2.7412003882492018,954.1483443186235
8.645790527450133,2.554967164998613,5.539849304150326,1.5563723181362952,893.0560603389416
7.420339797454634,3.3435465066220513,5.337780850978447,1.6696844454718933,919.410719700925
6.673527294692626,1.3762839650836072,7.3289096324371785,3.3721534487370537,924.8872056197695
7.752023010798792,1.6815831462816964,5.64583626624197,2.1706465278952,909.0356554230134
8.917817301917225,2.0160366630134785,6.305691473922249,2.358161078292081,885.9142343316553
8.251247386506318,2.8995987379794066,5.642922125689958,1.9611519081443496,902.3825763037837
6.18228929798691,2.9151721507186226,4.402123711745316,2.6109140671058686,949.0954744279666
8.61368837038893,1.7691358888020647,6.049887681902017,3.294408458363902,895.554507184793
6.543618686886054,0.49139054562029005,4.844202688530208,0.019947773541568292,923.9183352621092
7.82502467844643,2.2461839442959675,5.409013861960764,2.8676943925889944,912.9473028677957
7.044974898784298,1.0816838626715988,5.805402681893426,3.237626451100282,923.7402127867545
7.171700622396561,0.5100637953597775,3.558581933113357,2.400850598320474,927.1232046492528
8.649364462560765,0.7361284392662835,3.890497876108271,1.4581100618361207,895.2189736480495
5.939709420276153,2.3263810078455602,6.409459172497563,1.0781820416798582,936.9288598376882
10.4177926114154,3.361037360932807,4.836253553401056,3.8894765495306096,874.296625405615
5.0,2.038894516236244,4.883678010891139,1.2760130507017085,961.4361814982656
6.603498475117714,2.2113806546459647,5.66643839737082,3.2141132568450015,935.6622431569617
8.05531783491261,3.1828949388779253,5.11432740287813,2.3124090595806175,910.5819044283514
8.376471249652965,0.4555450909164458,5.91758838164279,3.636664644811857,898.1902120641728
7.349286419142443,2.5201764216002713,5.448878211266956,1.7453918685521075,918.2001388888377
7.413913945497686,1.9884102156811787,5.698602950180448,0.7139352611064897,910.5162005684706
8.115825127991425,2.5660574588320673,4.798141609757748,2.001736677756754,908.0500548853826
7.15339578381348,1.516516091596184,5.693594823280928,0.8108418896796665,914.4290342179746
9.589771886902358,1.182062709573518,6.605089086835444,4.141648424966078,876.3314657504152
8.759023671347403,2.1405089042856056,4.9322517838858015,2.5035985792647004,896.1425954756908
8.809236526508451,3.6491913233344615,6.415318300272151,2.622504359483566,892.9639305200593
6.0507649149443745,2.8609101045414627,5.448439681677351,2.6230162264208436,946.5700876161911
7.380917363391446,1.4923072298199085,6.2344816559779375,1.4451282555013385,909.9740116222841
7.049301076918945,0.6590279640187202,5.6287713183531105,1.894375605986356,918.3049786128471
5.991597936465801,0.31793271630221454,5.466589079902073,2.0882917050878174,938.5021165816014
8.040246275918651,3.3160994518504814,5.849729682076366,3.555110770735565,912.437105784057
6.693531363330275,1.0449177118641724,6.713597562302249,1.074326561134134,917.9039032008715
8.483105744775356,1.6744865870050636,5.736097294215075,1.4171328881961602,892.194932650912
5.894712655658502,3.3212111260775763,5.978530830908397,1.7096551150191877,944.8942723106557
10.078560919262731,0.38609854452100834,5.131515086423299,1.4610826727114872,861.8996642315452
6.155501012111907,3.492264509475059,7.070886473995026,0.8328588363859593,932.1797119234328
7.828953505800654,1.746359546107498,6.140337110929671,0.0,897.4112403599248
8.6877889655821,0.8514166847612612,5.577708460025006,0.5385244274630132,883.5595443217029
6.644039354699831,1.7526490728510868,5.377346327745325,2.879223946065192,933.7268115711845
8.778702965149426,1.2774032185985225,6.477908269273111,1.9934248792166236,884.2833469266765
5.656224603299376,2.4408197989057157,4.893795922954741,2.6684311330032555,955.4845223906111
9.678176548773841,1.3518675661122224,3.717124983728667,1.5339891232733103,878.889435066498
7.521223897448637,0.08835778908095704,5.572399599424456,1.9213314717927252,908.2974486767364
6.60538288804668,1.7794374655910106,6.690004573114344,3.290526000767107,929.9467442692027
7.051227341358849,0.643454947713461,7.091308811184674,3.242178084525934,916.4387272572737
8.71337890408908,2.20431988398832,5.39270605656612,2.753577706073819,895.9584307638327
6.623317062224343,0.8128696677166758,5.543587663941783,2.161934229832335,928.0489217132038
6.3759634658658335,1.5119871968279142,6.019530432515955,2.4143755420393926,933.3261843192327
7.167695103624393,2.1825878042143363,5.235650581136235,2.2965106389163137,923.6775354208295
5.734556830845047,1.7875412749657305,6.0164059483911485,1.8664585650767056,944.0014213055031
10.230815861912724,2.250430283001045,5.414598248931732,1.6765041524476816,863.7542390475691
6.650408113177916,2.6802871657177567,6.511368257190179,2.8978943562409007,930.9927148965252
8.747425179270605,0.8420663002686939,6.2229805130978235,0.9634979608830916,881.0046096718967
7.814205125471659,1.935602459375292,6.310227832302433,3.189886621798914,909.2899343407698
6.023198924277048,-1.3295037975081292,5.294682355197912,1.7796457546017486,932.9691936688475
7.491067936180906,2.2473333016825237,7.425927320502261,0.9487571962418537,902.6450110284136
8.676004168966122,1.6991858696251576,5.983911942379472,1.5635961138427104,888.0684380449147
7.21760799737054,1.0165502365220287,5.747294053486831,1.300473690326981,913.411511188107
9.289669418776542,2.315719422296524,4.739057019433028,1.5394605183169199,884.073183986739
9.032273089172795,3.172697577185067,5.402928179851446,1.524837185050268,888.11032507381
8.878372281987494,1.523982252401057,5.614379760702636,1.4930441828998218,885.2714445123516
6.810514841590504,1.0551855097582798,4.7123227035757,1.7536343454881318,927.5896107122311
5.880236328327769,2.1650252624387116,5.207682854230912,1.948181334351142,946.4095340669201
6.579618591955809,0.6643933333536394,5.33419998189699,2.6110877081447743,931.0919679481561
7.7943614110000805,1.3396186294644608,5.555920660923218,1.8040378944103201,906.3484036255178
8.318680070298534,3.2224021616505025,3.737293009958396,2.2608166453020755,912.0048781476694
5.0,2.062179229812288,5.364729459295735,2.00602504963883,961.9799012501076
7.487830197582374,0.1205330360538337,5.122653816920068,2.4324646163943675,913.0010736198668
7.737133837984777,0.20300835272059903,5.4791158503751,2.037340271724688,905.4667210241452
7.083683615526673,2.1620856926467757,6.535276566180256,1.482542579746424,916.1117261976069
9.436910758523819,2.8623905759176878,7.552395492121206,1.2654402778875309,868.7583283936453
8.132670111376306,0.38237854137384986,6.178377199644627,2.1681836788033717,895.8453613656347
9.465287862121345,2.4497126074965085,4.265577827933663,3.0187027919205107,888.884981425511
7.176059219474651,3.3303435074897187,5.154593048167466,1.8167002983922123,925.3162243397081
8.906216238760388,3.887858987958639,6.095963308831092,1.439309076937438,888.9095049156041
9.95259959179128,2.3312227598598763,5.983290496429023,1.7950634597827446,866.951094354688
9.467540173908992,2.5068025945524743,6.487325735453075,1.5508843912780088,873.2109572697916
5.861787609856901,-0.13318442762814398,5.402649005709404,1.4664155847104685,937.6419140021533
7.119485883686428,4.099752547995989,5.136499755634494,0.8451243347997988,924.9850108340961
6.982252941825306,1.4245097869038785,7.252424003916039,1.8044733709904892,913.8033469093862
8.23388180261449,1.0665288415749585,5.558670603369637,2.18862172307471,898.8292684435337
8.5295303325218,1.7447938655603754,4.483325623978885,1.1344766742415584,896.3014997766848
6.241660988961396,3.511673414185431,6.975133657032921,1.2973281997857167,932.8043638288951
7.601757770875406,4.208046047543548,4.003904508605555,1.2415504044094297,923.0581654737512
5.0,2.125408679475844,3.0,0.8906576263630386,969.0031365858081
9.662917508702835,2.9980841726036553,6.269386758037574,1.2355263170885862,870.7878986543863
6.73143863898496,2.043204048685504,6.410700971024632,1.841714856939233,924.2472003632616
7.583795909766746,0.962204526981816,5.914012941944691,0.926353755164129,904.2818224977856
7.035525429017908,3.4767436707882906,4.19754391600795,1.8899660260281312,933.061436269154
9.219041362520123,1.377872519643611,5.441130144757679,1.437226566031668,879.1253226394459
5.0,3.5355307733718826,5.221831426446129,1.2568143529437639,963.9679641176839
7.475084486511136,3.2985413297690838,4.96271098910761,2.301767053098506,922.3623261991247
7.3412718637534535,2.614036263957208,6.91206943080928,1.487899515748878,910.849367855949
6.819545418612476,3.828974756254353,4.453333941368311,1.62398890714588,935.8825306909775
10.08933981845345,4.232346033185738,5.8161044531064,3.038405448000174,875.11450736897
6.169005811716343,1.8247566370356885,6.694046983662575,1.263955493006423,930.6321588793585
8.657694265853491,1.1912058815835689,5.881441525319038,3.2526996380738913,893.7516906256445
8.034379183059125,0.13573016274352767,6.741118372495373,1.7217670967578715,892.7080075169905
9.392278878803275,4.244682255430256,6.063714722428929,1.0910922937024279,879.718866220188
6.499216372833742,1.5603179910815503,5.929349670492029,1.5568413271503865,928.3978364296214
6.400546651314362,3.1350368571017393,5.866834868832147,2.0550199252978967,936.7704770989053
9.144104861216098,1.258744632490517,6.11344326665015,3.0036030878725706,882.8874394029918
8.137981962495166,3.538265640912035,5.11446090258774,2.6390598468506243,911.2503560689859
5.182593979984862,1.2998824081845868,4.198126148127214,2.0511254798685665,962.049324087436
6.691042478305095,0.8082808663826568,6.454043411463309,3.007964785191299,925.6900406583401
8.079573980772091,1.7914935690462497,6.661742300505766,0.4951703617060115,892.2931230634726
8.756646332319884,1.4682242990383627,5.751978810906044,2.1995532240478832,889.3683605359122
6.4811540202105675,2.5962997854612127,4.9516243803656295,2.247951781300481,938.7415388832579
5.0,1.9486050728074764,3.9422828834703623,2.2577139740631873,969.2136887285108
8.28483477860555,2.6277023945519216,5.585807099923388,0.7118790672090327,896.6175499141104
5.669518965084036,1.708978526914706,4.151049655282028,1.186470078657221,951.1362851350724
5.0,1.3348926289811947,4.011012497362074,1.866820462273819,965.7277144417825
5.0,1.4164394521039265,5.479268471984307,2.8918332039691825,962.9408871954082
8.720971290296612,4.044938798031026,4.736230498811985,3.5322115965741294,906.9016685667697
7.692926175607449,2.225170932226936,5.8453095561647705,1.4684517987332617,908.1117512897362
7.161515428931622,0.01623779054695551,5.340704397438126,0.9521225664231232,912.2587369565045
9.583536544444144,1.4797909865459191,4.89336543377739,2.6526091491400976,879.6983938935383
8.45598702453461,2.0968660324758757,3.7950849192710345,4.091496009040707,912.8521178532851
9.924450064082874,3.845399681250379,4.647111874169642,2.8855525066409475,881.9690790285625
5.410896791749505,3.0286987158898997,4.683863509948909,1.4010938208047792,957.9494927829234
7.448174064069055,1.078282163518085,4.274692326485038,4.2889114345737696,927.2598008629901
5.074929937577979,4.418355753572451,5.170955704757615,2.549439696375131,970.0824873569093
7.155926502216799,1.9688396351985225,4.3527480088253485,1.367189429126645,923.9484960762846
7.127076219349984,3.2463298110749443,5.336257252708785,3.547441733070169,931.5865295149147
8.439920455894606,0.8449915026000974,5.740411213668656,1.3040065508809278,890.2429980383323
7.568345821712848,-0.39816309525089766,4.673830045610822,1.5031291850704451,908.6862235367628
8.435110707419874,0.5915685096316392,5.925408629418585,2.5812966578728993,893.5166904243533
8.555160199708341,-1.250333476195706,4.138642128752297,1.9800757456885962,892.2167857621023
10.732393016074713,4.112089327252908,4.387822601603709,2.0296057056038137,865.7069772514349
7.027055017070813,2.214532918886416,5.386782702375231,2.0309532013142375,924.6919298690201
6.088465949000431,1.0753559815519687,6.187041091888639,2.891583940696129,938.4517277192296
7.869125422974613,2.4526240299801207,6.367399541489267,0.14048748823070145,898.1012937646099
6.296579959290685,2.1893340361801656,7.112390622157559,2.227611108709176,930.9159516495013
9.722941152654805,2.6209333956139913,5.12341112518249,1.7678372983355857,875.9281917520934
7.075172941582151,3.2095314011362683,5.372498681321695,1.3980031739755072,924.2848288347852
6.6516354481890145,1.7100788469749846,4.467324470982013,1.3958908656533326,932.1803558769086
6.793026418273323,1.1201606938990132,4.246233668008977,0.0,923.7399703998527
8.577626135207462,2.8277752143719175,5.7285720863275245,1.3612655171190444,893.4816942554987
7.263379525152772,2.802332777884466,4.724128500553757,3.03237017995147,928.7428688243006
6.537499769804427,2.1007358081213447,6.73237920001729,2.6656439024220315,929.5841892232257
9.998027876435296,4.177554188680773,4.037614268132609,1.846894590084406,880.4975992130202
6.215745239007375,1.5621778771383479,5.986353205824696,0.870995422527475,930.8591753963962
7.55334911104949,1.1001420283647318,4.494260761182971,2.6574958178073027,918.2746746963594
8.478459227415346,2.4180914275066017,4.679551533227916,3.0478787293283345,905.3353276964096
5.05299733437439,1.3250621430865017,6.039112065252031,2.8273557366381317,958.8570651967196
8.220390752108887,2.4955165241448958,4.824119563892092,1.225019556010904,902.8981398894014
5.917338486779326,1.1669917441605602,4.9842159324801,1.3080970553098503,941.5929280718327
8.734174171251004,1.5997577170681145,4.687841636448431,3.324729007075371,899.2872127421865
6.056023482121535,3.890840420039165,7.285029791613441,1.0325831668024317,934.8892288539512
8.53915354777329,1.5944126432523211,4.882513688919991,2.3825706924124566,898.4896296083872
9.15874959944207,1.2011484559827037,5.551552217432763,0.5778110823414444,876.0432010578171
8.792154788449206,3.1706787887065,5.298086399718926,1.7597477061008675,893.9322744633381
7.876974972357154,0.9489580497133063,5.721417061724261,2.4681203205874844,905.4226767284247
7.15304858560545,1.3070567698529318,4.885263053034064,1.9760272342863099,921.9443328105649
6.635370635497734,2.5765611205089947,5.29918276545835,2.419130656844086,934.838677890041
9.706552036225656,2.938411423873292,5.893952008993935,1.0190359394770034,870.7502368518419
6.450757169748535,3.2204763910810748,4.636992861997008,1.3439984284034756,939.1487031191682
5.944400889645006,1.2527781677795153,6.5893213566281545,2.385454702799095,937.8729417267995
8.498053402549244,2.59600867298612,6.685480519041633,2.5575105136419003,894.3155256074195
6.305794795220256,1.5338918004558204,6.106492626158739,2.17585028245029,933.4007472712519
6.074904753800809,1.3943443664893675,5.569876383596483,2.75764619332665,941.9655110172617
5.3345936067453525,3.2032127822922853,3.0,0.6742336491429788,964.9816717519437
6.7756352408092235,1.450445604140414,5.924291132654463,1.6270416397225123,923.2345688894247
7.37592746415526,2.27820459602098,5.108669594771135,3.4581470185809473,924.982933283046
7.864637591491048,2.1555794692306387,5.25372558858246,3.026775063194976,913.2715867655969
8.926959366449225,0.9292456236614974,3.6026226694771832,2.5069105320060356,895.8346628400535
8.29034688549869,2.9660928553563206,5.993588485874192,1.8757064213155974,899.8923884241476
7.21369167067023,2.5602808936789536,4.051418953173045,2.827852502679975,931.3590317966127
7.20270648543042,0.013709388129579114,5.618424545991394,2.3433132157292853,915.3693595875286
8.265236203372774,2.2774211112373433,6.404657481909841,0.7860477083142168,892.4730517016667
9.408855244392853,1.227026565833379,5.030671818682448,2.7966099576449035,882.1394616585337
7.689471299224801,3.097075306412628,6.71605172522844,1.3071652685422137,905.9596882159747
6.796303718684387,0.5546001632192419,4.7530096217928195,2.607750600014542,929.4454227785695
6.010700998371682,1.6435230313704559,6.100433076731002,0.707221769004561,933.7602418617081
5.3321921033816615,2.362024550988466,4.195214248541473,3.279215465680167,966.8122106509713
8.499404508065284,2.054340294141875,6.531130434680524,1.7800828969583045,890.604837426062
8.366967785459336,2.762958256713971,6.37599038257929,1.1125309342230585,893.2833125230044
8.366045287659992,0.4815780139907109,5.96835792296373,1.4491958135433807,890.0833043931583
7.307010830471916,3.651914336867378,5.106715863386189,1.7305207221490357,923.679747874731
9.610402118837627,2.5251446587882715,4.097999376571888,1.9953842268581843,883.3688064104925
6.773822258122774,3.359718213000896,5.109359684780543,3.0545165090717323,937.6947986927063
8.932903855810808,2.8742401692332415,6.610307175748122,2.056114093181926,885.4879344134877
7.4418856575156855,1.9883898855449564,5.629961871569115,0.26326656182198316,908.63856345806
6.5874738529809935,0.7158017890888393,3.9469630704875502,1.0162091902648709,931.6069932361296
8.388795460976642,1.436446818751299,4.375272360580059,4.206027833932881,909.9874981156836
8.11445417802599,3.5895633328625776,6.75315140085228,2.1083110365303406,902.2367970293329
8.03545913890039,3.3854377816563823,5.987912752127886,2.7606320912083877,909.1215885091746
7.621917633084298,1.38040001989631,4.265999879260072,1.7533230884049291,915.4791105304498
7.4431603774247534,-0.8183042862021788,3.7341685038254067,1.19631094863451,913.0705412075278
11.082557989305657,1.7873102656948812,4.874957865399933,1.614974222094557,848.9001670722855
9.27638496779426,1.7122971118708836,3.6486412920100806,2.1026608672467213,889.8022649594574
8.584240342478267,1.7502273879596166,5.344165509992999,1.6318109302183461,893.1462310812564
7.6676987373050824,2.5285392018314017,7.951625371836304,3.5347742132238116,907.3197299533889
9.010735800895004,2.8762125793216633,3.903043924300828,1.5069977646187003,894.5918246360432
8.276992164587178,2.990299547099524,5.313974336793785,1.1561315117997912,900.6917100328902
7.539307129161053,2.4457091401353668,6.811926575331251,2.6470422077618547,911.4739543361659
7.044653512101127,0.199229298077364,6.249087858300095,2.745602003075957,917.390675326902
7.378623993505967,1.6588002673067044,5.351259285200862,2.0239816972307882,916.7415027040892
5.0,4.304089783549189,5.353651329831803,1.518285101967418,966.4719523917031
7.815901258946463,2.3742167348024785,4.34409021757542,0.47947294866158696,909.5419211309901
6.767285879834461,2.367819568443865,5.232344229994447,2.9765772179552883,934.1871658123569
9.889004997424326,2.359485939773858,5.74344071424013,2.6948487279373685,872.675310766587
7.5290161062176315,2.4153796225059896,6.60511354327409,1.6480893442007234,908.826323955346
5.716554870697557,-0.38311218108592326,4.879824376485244,2.0476579827437815,944.2393007649462
7.425179768807824,1.7604756830889314,5.3101648719365375,1.8186582539827105,915.5865255063034
5.930818372406243,1.9621071682053106,4.550786519243317,3.3029841930290718,952.9970011561234
8.2101111235687,3.281495399253412,5.725325179540505,1.1696653576366187,900.8856983110841
7.936421046509228,2.0476728946222957,6.2837794503089635,1.5039508047840642,901.1806984607846
8.936759446662402,0.3534886133980588,6.129648013429895,1.4266190087488173,878.2766669735565
6.313677312458152,2.430089156171752,4.329812924557645,2.248129029153819,944.2849606232568
7.55101214434222,1.1961753517572546,5.646863209456415,2.044903562957818,910.9476306768681
5.452467306860047,0.7832143589185823,4.822687471749812,2.160054530770253,953.0891822646147
8.552242172887071,1.165840953283419,6.511050015652833,1.295514299567067,885.433922465565
8.278306770660183,2.5425042296645155,5.338687277226462,3.187917464328316,906.8612379946829
8.243707531541355,3.2587612397600685,3.9804866617589156,1.6367639142230106,910.048482555992
7.502428547035412,2.482929945177587,5.280197294392266,2.9500719595172202,920.5135538426669
8.122159336183186,2.6320232236170216,5.958472569198881,4.511291197825075,912.0562869500187
9.906508662462894,2.473045272838001,5.744006063142799,1.3013311569484975,867.4800588996426
7.072358614436979,2.1013271768604684,4.98820398634802,2.2739079198970376,926.2906215204116
7.707967775565127,2.6969306349627575,4.914726610128854,1.8947170893952643,915.061104681486
5.870810551227885,-0.4187754670694206,4.512495601783684,3.6247052439382648,948.8453391531939
6.197608557602502,2.1110883513048333,5.105250379664694,1.77547685801192,940.1897769750974
7.646719939639961,0.9550749653777484,4.644321033474197,2.1989531820144688,913.7296813075394
9.155900320052861,3.162902572544139,6.470085986177315,2.1814946556090615,883.2640125075561
7.115578763622642,1.8528446947831396,4.598862609268384,1.9196809840417268,925.2861738226011
7.146125206031814,2.0309480882678304,5.6222844623622015,2.604379014293476,923.003083517263
6.889672133243438,0.4949281257461966,5.554303903326333,2.0747171203640358,921.8333823297907
6.697864993733515,3.0168308890128515,6.445667447884912,2.3854813904360648,929.4483064366598
7.942457183563232,2.6273281202738095,6.5893682889583705,2.170882163885571,903.7456609472857
5.254113532232033,2.556947882340503,6.195969943281328,1.5163698194314892,952.9470083842411
9.421409365000091,1.1869771478311777,5.85292834329013,1.7848303522198319,874.2069041674059
6.50186655280581,1.22636015506187,4.4513538539059425,2.444338282194368,937.590969939535
8.582855228157213,2.2235994544459055,4.431129912261742,2.441088241522677,901.7488294006272
5.595002103909186,1.3055015897519489,4.654309180235051,2.996007239049356,955.7879195438677
8.503260195819328,2.4348929626773383,6.251920999627915,3.487395318270935,899.2443896593284
8.507916911721747,-0.16091260276672203,5.573329928250636,1.5831448982071927,887.9871141352216
8.076303108008844,1.5124554435934074,6.368657240735563,2.1078993266237114,898.937642204281
6.008357217300311,3.7967534654264914,6.502802734320083,1.8452753523585548,942.1738895229396
7.874322284397116,2.4394858279957647,4.774048099700752,1.1141538900808987,908.9990997778142
5.725415722898417,2.1667936645309926,5.532074327557187,2.4516441110435374,949.658592348072
7.120855117355722,3.985226535671357,5.48700632131641,2.6222697312046845,929.6211408576668
9.04411965143299,-0.3359536188014358,5.172212310375785,1.138407019050788,877.7361507545119
8.695052890606114,1.1846888852118926,4.965157145475288,1.7004005286597448,891.5248074646216
7.52277441381065,1.5988268282526108,6.684755503411057,1.622328382056525,906.1980712443356
6.037790136115737,2.85835123300539,5.551971726715501,0.7932602374198654,939.5161629623072
8.46838156826129,2.875656363228236,5.513144788559768,1.9708981358679016,898.9168018823724
7.529071856547038,1.133993291017374,4.6972223251314045,1.0838066588491446,912.0227817092214
5.0,2.9979543221425495,6.175212430413504,2.127194953004261,961.2727199825307
8.673944739474777,1.5966852326782925,4.494892499161985,2.2152972199678325,897.1690351821187
7.463650749195462,3.211639625649167,5.954905528844682,2.314418226643781,917.7658957145127
9.30367687197461,0.9673573018779422,5.982229360055162,2.353057742183904,877.2965453301794
5.857094221735792,1.8766884009338394,5.087484950676432,3.2247525732780282,951.3432826662685
5.0,1.5098326846234398,5.81765208118318,1.3530830873475272,955.9038200975305
7.918625787517778,3.056030371565714,5.685669559044487,1.3932145471862105,906.6942797548135
7.937345515022959,1.477218783433829,5.46063937518985,2.5241311177409136,907.1946084897168
5.0,1.957551470988244,5.5129439801452325,1.8944147797474287,960.5836020770422
6.0322506812000904,2.506811397663049,5.561781823193521,2.900261285646622,946.4308276339137
11.632826615579852,2.5452584830261196,5.629911672672048,2.4493510338928357,840.373192686014
7.041584078769295,2.8869526074731717,5.560242031343707,3.534489062634289,931.0843077769925
8.596438464564324,2.2111247768446667,4.396135809787858,1.926937240181847,899.7114577044632
6.524010258947424,1.5817510847201688,5.347789048994395,0.8143683424107324,927.9387258658912
5.0,1.6503012546412497,5.764948601196872,2.272529135983317,959.9611378907415
7.2446126298061415,2.025672315207612,5.597288728539292,1.942660673668737,918.8111359633749
7.101593159570842,2.2495924760743833,6.453750259395139,2.427589989211657,919.9174262939099
6.900182641997443,1.8528283521515636,6.120086589499454,2.5300857493401634,924.4895103077233
7.328038746740411,2.0192034209655474,4.629590464946864,1.5723611879232617,920.3636448121938
7.896402407468455,0.4827461394278947,5.333372891945605,1.1927954731798758,900.8207921627727
7.27482457311929,2.667355284454678,5.188663346552812,1.883245319990091,921.7185722125023
5.603990748078955,2.18111228888943,5.495651513372816,0.09504677138043505,943.3598698240845
8.229277187342909,3.0018704135410883,5.4970186001613,2.0645338070289743,904.1395920405993
5.0,2.000160507407085,6.111521669239849,1.674049539891069,957.0993363420953
5.0,0.2616024214782138,5.677328363141144,2.6893400355941446,958.0446387997281
8.608770742052352,1.641553810693325,6.73054500520855,0.41132117316550776,881.3998798196166
8.260530408203035,1.8000700768815832,5.74100313766236,2.0050762478405098,898.8495489737599
7.413906952388946,2.742903305433599,4.669409479662724,3.2609794277737114,926.8821202986119
5.406827242867392,-0.07027354451339507,5.03271937983178,2.540321062360815,951.9947993292386
6.438133588988887,2.041179516948935,6.103789070731758,2.7845375965502903,934.6314667773587
7.105879878470244,2.513675215793306,3.885831735494315,2.271786818103958,931.935717505815
5.10615904713883,1.3385121147184802,4.154119585239955,0.6707727440794722,958.6485090598921
6.391457012965151,2.0746280098168475,5.51069720712523,2.133223338481982,935.927960512258
8.47849550726502,1.3729634908501556,6.450922118521166,2.3267914880512035,891.4994281887696
9.640958046433825,1.2704270667796096,6.807035431954878,1.1374203646473808,863.511160850544
6.870847871012174,1.591580149868683,5.282894252978228,1.8987569253125332,925.8506557031211
8.634732531474148,1.2893080075329892,6.560828686985884,0.0,879.1932908611135
5.0,2.683618311936333,5.572267909768898,1.7327214592465534,961.7319731382742
8.489176861670417,1.2650481231646222,3.9685850177567694,1.6508992457469578,900.0282194981693
6.294077377908779,1.0970899929520725,5.491923463521631,3.1217914844906787,938.7766620681626
7.961018425061955,3.7679286668395333,4.8810918753784485,1.5174215178970454,912.0953091003971
7.128371372640436,2.9607400118240355,6.418230880477741,1.786914353123617,919.1853049012753
9.480621014675751,0.13848663934079974,5.474324739645513,1.9366169781785532,872.5054319702645
6.188346527490123,1.2352317101474664,4.22208689344353,1.527743980855696,941.1035546142659
8.441409446342746,2.242462971722711,4.000285189091441,2.575833137465727,906.9370291312285
7.0807388050552,2.3237550672314935,5.479020042585549,0.40608638891449567,917.5247330322883
7.262541782985505,0.5095071342631066,3.0797825285402944,2.909261363315304,929.5497112548842
7.224219160261185,3.158565492822322,4.981834710172099,1.9904975053473046,925.391040661708
6.23149034325883,2.825224419181626,5.731030325742842,3.041317707836341,943.3510666033495
7.478851551139993,2.481901632040339,4.442983495944642,0.0,913.8679934460462
7.406027666817268,3.356728490712121,6.493987156905329,0.051016543511114065,908.3158991485371
7.861860372610094,2.4522899925709183,6.691006549750692,1.7664171523315997,902.7791774990579
7.626757718539293,2.448580879251847,4.483299047248048,2.4047323104004485,919.782110713268
8.696991824418355,3.5576792718222423,5.2019558258035135,1.5560538271974607,896.4713028813908
8.885262924071053,3.101219580727709,6.494693151321472,2.4670766640660124,889.0737142791894
5.9240650172582985,1.1584925410884688,5.498692465744911,2.7850478059543704,944.5460427410688
8.803158750886157,2.633195178671915,4.10552142190098,2.5327996376170945,900.6492018221081
5.720495359335218,1.335732135041418,5.356678931435647,2.082614803504065,946.8742490109898
8.381783832206603,2.504154550950278,4.647071677704161,2.076482279723245,903.9110426973546
8.429608177054304,2.4766135070198145,6.608197896425885,1.508163930889293,891.7112891959031
5.0,0.616532687544014,6.105932094324589,1.9557005406369778,954.312747970808
7.639468869794115,1.8781543886889647,5.186243054734372,1.1806152902122182,910.1317884413463
6.797255829959527,2.265257023580402,5.642148012530041,1.3722164261111538,925.4697655054109
6.361852113096937,1.563709809005843,4.1918784230275135,2.411491359637404,942.2208142542966
9.526278496048509,2.31470994239076,4.746222541442388,1.6296950947749207,879.9717916476235
6.519481289043871,2.8058977770010687,7.0532791876924925,1.4099504846645337,925.723370401799
6.2904346063229255,1.9694069357692443,5.5535146525796675,2.3593848105479944,938.1556300339329
7.61354241000764,2.2245994767082595,6.430085804791365,2.3039197255443336,909.975426100619
8.528384619447625,3.383424078555975,5.732013088408029,1.827760331641111,897.6672068300529
7.28752712098481,2.473196583225226,6.814281843029525,1.8808516554226897,913.3725716049661
9.249555818503879,2.2008242896744736,3.50116246740078,2.332758311903926,893.2060169908887
8.296463492946136,1.0419206203586393,5.311782415980994,2.7751656931071125,900.9265657060494
5.0,2.671026011388849,7.144781646216389,2.160868527323009,955.9773588385102
6.705799554739487,2.3301499493919384,6.456173435560644,1.0463728716983098,922.3545472480097
6.657236850972452,3.283739433701408,6.825372258790191,1.822858005789239,927.090078370101
8.219041430144134,2.046878543303311,5.493235406343509,1.6742801297652665,900.2313979783648
5.0,0.1837334998660043,4.962893584586617,1.157611114900443,955.451474643728
11.323514563076582,0.29987913117173814,4.472835540312071,2.398346212481681,845.0524545507254
8.296539142341315,2.735680763759733,4.4030719083384895,2.4598820635162673,908.7033981858477
7.723315205876537,1.4298064023018466,6.307060562208519,2.580966737364768,907.3188616818459
9.272351574628718,2.4367677511104975,6.013211050420852,1.207269636734328,877.5724544016988
11.015481079218937,2.1142326445023563,5.4334265506696395,2.1259607496633386,850.3639015328231
8.806119966882605,1.8331603323060792,6.00819065485168,1.9949798137246983,887.513924305113
8.92321964470743,1.9036387144117766,5.642451759052061,2.2459224746735087,888.166697547844
7.696035036696573,1.134610494954773,6.462217701399483,2.103781193198554,904.5060653255586
7.2877113699495775,1.9842223111003292,6.45268675490817,1.9899632440669555,914.0922186245139
6.786306833992648,1.4155065672056013,4.434125899515157,1.893820992420362,930.8602848692985
6.260832012428187,1.6277434798742951,5.77364598746979,2.885472488020416,938.6864326913864
6.469478850450754,1.6763509552908389,3.8311332498059176,1.3105487939845712,938.1151844489025
5.474166053485526,1.7733067301012808,5.633020738090596,1.861463303387961,950.5691342386336
7.386192823972465,2.9221734565070863,6.104304279701585,2.8650965334447682,919.7528216215691
5.0,1.8702091707953066,4.186280655206839,1.3511552607748727,964.4879761098897
7.786374786215566,3.0237023365900986,5.083537264539168,1.3919296578048104,911.8590885424036
7.445504087936487,3.537854951326482,5.509526377219802,2.5871527555614477,922.0991498751987
7.720402947580031,2.8549446510561496,5.73391491637339,0.8608689274823658,907.6155288005563
6.716802644970011,2.534468535068511,5.221396296775165,2.528504898421195,933.9751834585212
12.115290555270755,2.3268322094835203,4.327711847595328,1.6082923366024293,833.7164449372657
9.54017385027047,2.86535870905007,5.445992798080741,2.328000492416338,880.5934125039322
5.6331862498729155,2.0893607385962394,3.847756433059022,1.023412346355499,953.6770787277653
7.849302131140347,2.9845698459571985,5.267358563317855,2.9480610132466945,915.5134998808597
6.587990785594014,2.614105805289684,5.058626386303071,1.0262090800883656,931.761611666329
5.978280409938879,1.6401595392196122,5.365734326560579,2.579960282837323,944.7368171232076
5.489891893314097,2.895850880102806,4.940678022524317,1.0596300929792117,953.6451058809891
8.14832503613888,2.0914800059775684,3.9923191618438,3.446640696871251,915.2436028342817
6.477929647395639,1.893867992387684,5.133656679410488,1.9428945745158968,934.8604645151432
8.951739036037806,1.5238008396010128,6.430820125037319,3.560685675997587,887.8014954054711
8.990673321795658,2.166018847874572,6.761460803988805,1.344890010071472,879.0888668990888
9.560871577817174,2.9964626154129834,7.939334278719267,1.6458794431609636,866.442686482117
6.221419850888845,2.8889400055930374,7.191650408397664,2.968575362985735,936.6536593403298
8.213048416038015,2.3533937974589567,4.303062073331896,0.8590431825799072,903.6996701548073
8.44868132496345,2.599643640725035,5.091562398727341,1.4405866753040462,898.5007503913515
6.788732737344053,3.271696791522558,5.477214365162223,2.3960547437514657,933.0118819824996
6.342342063910687,1.850033708829139,5.4144401657663,1.1849755386429335,933.1349938918329
9.914280998663958,0.8845799964697938,5.569533329896226,2.4174539376152357,867.8669502789123
7.841243813598081,3.3011298521785726,7.907591421547559,2.136323508017375,901.2498406942824
8.453951626067607,1.4702217479692816,4.417948454207602,0.7890835010062525,895.9603487436547
6.266885982258109,1.3096618766560955,4.786468863785701,2.774215030386773,941.862877062305
5.671073300216709,0.2038022446654486,7.143825930089093,0.9900535254443448,932.2608534183245
6.645825338261835,2.5712830531642963,4.884018656915147,2.6170232775783497,937.2961682645943
7.313967918915004,0.3785473754477786,5.893580650335716,2.102780318595425,912.1435366467941
5.903669989773977,1.2497411923082633,6.534657369868208,1.6359900282354063,936.0882422518926
7.485232787024425,2.588236794515059,5.986499016732029,1.1156779800312928,911.0189524759552
5.0,2.721921252408372,5.691765633102492,2.2634154603265197,963.2573556127073
5.819928866295191,1.3482958517817663,6.438610769693984,1.3019801652179783,937.1248946489145
8.506366872415313,1.8658466730075947,4.6069314434950295,2.9663627808420614,903.3099267232469
8.40568578041684,1.1274054735938468,5.003636870503999,2.9955604874427193,901.3862793210169
6.912184851919701,1.4516032121888172,6.035637588465164,3.3136272167887975,926.4543131763917
5.97335353638457,2.266215260152907,3.430560740785749,2.2247179496602465,954.252208127156
5.958894672710984,1.4983533212035423,6.916583823344693,1.676552155601299,934.1296240940175
6.940097631088029,1.755784959824331,5.803392375197781,1.7624779354634743,922.093467474927
8.466777737467938,0.5352933183824331,5.65303175278115,1.7039299337581966,890.7734241445314
8.892368537016488,3.1329561648061377,3.869487122358943,2.1984044306632855,900.2378422744008
6.7552023967770465,2.5100665931710657,4.213390874600262,2.349285804470882,937.2133968406347
5.769761361022824,2.7929053718372017,5.101416335699138,2.9852514928135183,954.5681942646665
7.9017654567995,3.290425324616862,6.307429850295599,2.0160987324768254,907.0877876401496
6.264697544061226,1.1747871244542836,3.4233839878014147,0.8774181355731532,940.8095416787442
6.722621041708196,1.6416055169719763,6.288364800777356,1.6740632588304785,923.235947015814
9.487914135655556,0.10516563241778898,5.139968675891633,3.2446814240452184,878.6975697458045
8.740673142848653,5.0,5.2765765272583485,0.7547371436223889,896.355020865539
7.736961468377178,1.8504146846826237,5.7535929416908065,2.5913199683211054,910.8506767617413
5.592121498330916,3.038727899914912,5.769317237846412,1.6875415091332475,950.6249202297975
7.817094851205988,0.7618388556645412,4.787571410063403,1.2932285516803836,905.986169330329
9.09398593618129,2.9963884256430093,6.124910088468843,2.3164888392897,886.0582918653496
6.9365495013516965,3.857590876649666,3.1806018601035615,3.2487624204982124,945.7484553754828
9.526671134980074,1.9397192509720185,5.049581113432345,2.272355341426537,879.8983432922289
9.439117934277311,0.9891185034103986,5.653681763176904,1.7899646319670086,874.2710952791017
9.99559924821521,1.861203599054464,5.155050684785525,0.9631606083149047,865.5965838032378
7.957864689797029,-0.22676152495722635,3.673089696034018,1.9209206711178108,908.1270099251446
8.381087549709019,1.962113298978158,6.258027378760471,0.9342801437684471,890.6717625031437
9.621280932496635,2.820967139312996,4.251612187872948,1.752060622863816,882.3723418176901
8.171090905603464,1.9642423556264859,5.432485992471711,1.949553881286717,902.1992259013666
6.748148838314681,1.7158604453110327,5.653034597067623,0.11156680743162006,920.1100998970459
6.827185745208208,2.527568116112033,5.519827153765367,3.11065776367031,932.6807107989246
7.857832430660609,2.6040248469495526,6.669010925863815,1.0091828215036491,900.5628054034288
5.564157867080672,0.3400944374948174,5.446737440006313,1.851232639063444,945.7247834741968
7.285111626953711,2.0888229622787886,5.92745540469694,2.427066596650013,918.500759911116
9.14482067734538,4.435985124229243,5.444095966848759,3.0468397745433435,895.0119316134301
5.0,0.6649837543519761,6.1129560841662745,1.3662775949017343,952.2226115363034
9.801723152691773,1.9145811671669335,6.893495297047523,0.0,857.6848776850578
9.18356132805474,3.9417461220517027,5.637541829472194,2.8629309728090293,891.32876469051
6.810353076254286,3.1041751565436755,6.281850357583,1.0004040908590324,923.2089805236617
8.315086241807714,1.4866033192239385,6.955328934882197,2.2875545948669824,892.3644427087143
7.50472159035949,2.2061353796226038,6.857184246974271,2.337271760108517,910.0860403276338
9.344985552658024,1.9978883200151767,5.1147105963887896,0.0,874.6839728601951
8.974024714154911,1.2519281956783326,6.536432355745167,0.7081305827644482,875.52585529633
5.399893915225486,1.9257478925069176,5.748771160047193,1.6313510346262916,950.9816497514907
8.380893620196264,1.7200338671934707,6.617229997733913,0.0,884.8541536643565
7.191558219535128,2.1127489380767495,6.06863458356295,0.9295589789940697,914.0803952421709
7.62424885577715,1.2516168193089667,5.7756680760361885,2.098302848101334,909.3398122497857
6.407742148545276,0.7233817997553389,5.933972080346354,1.9292130783269852,929.1279337361411
10.122205603681254,1.9587192266076292,5.755237956038931,2.242123544515418,865.4806455037804
9.060092729853864,3.7151182181787803,5.7943330451365105,2.3593767829830816,890.3906880262492
6.390343254040549,2.0822029262627963,5.341167639418091,0.6545363464163092,931.2574073244934
5.498084089634651,1.6684062210684547,5.248275659392482,0.9721213892698886,948.3122990414854
6.921491053533227,2.7540858050384984,7.263174929372669,2.60909295160964,921.5862281587443
8.151753969136958,1.8416803874046215,5.977527911111184,3.2194641928021444,904.4065664654685
7.860308765919335,3.8680329249591097,4.9266950777686,1.2260735609102298,912.9519303494983
9.379699237152366,1.9960874907049215,5.222582568570356,2.2071244752775656,881.7421723922131
8.684879583271279,2.7004970631581635,6.556258453447951,2.645666314651116,892.0609034393347
8.954353538629361,1.2453956176067271,4.763813289911381,2.190044493751428,889.628911673284
7.990283100915656,2.5030892533366624,4.017972318188989,1.8009869556632152,913.0904535352664
5.416051904683515,2.2750934769437543,4.091550859397955,1.4874800044408056,958.826659493879
7.206452203279648,1.943493875340792,3.771024399795212,3.5882153638124334,933.9052346255339
9.090134609862998,1.4982422388302798,4.201185141735542,2.0769672332215796,890.0043993013987
7.422715607213031,1.3619698343476254,4.31913406019919,2.31115362497382,920.9609036486438
8.25463555293562,2.2823526639796525,6.885237379608139,2.2594560645975297,895.9303653930257
7.0218775271308,2.6289391096964736,5.453820787340732,1.3500652743993502,923.0997942710515
5.955282227187233,1.8728372037058687,5.136736460863283,2.040656818651444,944.8723851950259
7.314983903930834,2.2872679291207922,4.056586936981426,1.7422058496975186,924.6506534130447
7.963571164548981,1.9620853218672305,5.35687360252866,1.7278819270648922,905.5800529043217
6.5164684208078345,2.0985260249053876,3.7626719374358073,2.253567312815011,942.2454208770557
7.146433132714997,1.799555017322775,5.130582828713635,1.2674856214117276,919.6649385879648
6.090805137021026,2.0179725793683083,7.564494389843675,1.0361692633570017,927.7308186947614
9.178867376346144,4.698040456817426,6.163803578706365,2.402180048324336,889.3650228132642
7.058316363617949,2.3116342988074248,5.290201839645469,1.5747115258970639,923.1332636523646
9.679133317689274,2.645296958431043,6.198123605406357,1.7239874237786108,871.650457256319
9.793121775811363,2.438023605328097,4.978456821872432,0.4569627578586708,869.9100980663015
7.378431052917384,1.7371831767029406,4.699322257120812,2.7704662257413073,922.7722093428838
5.987326901178975,3.2939892132916677,7.204129629532842,2.419212969532555,940.0362190124881
5.0,1.7088362295736588,4.357725346079727,2.566455028249464,967.7614429263277
5.291944390459813,3.055054548942551,5.145878764322649,2.3098604963181955,961.4677813212005
5.43924776265201,1.6657930019335512,5.806033282363511,0.7872344370477884,946.1180114328946
9.567704441192257,1.040027480855959,4.563765794242552,2.1831991717433215,878.5523640410695
7.673736880840419,2.365396208236193,6.15060495363141,1.5126931981240408,907.6048550999826
8.084406786137981,0.8953316438978933,5.193405475357747,1.2297143158131685,899.2632108587202
5.0,2.5356402250166092,6.163910327566857,2.400038593156577,961.0503967711528
5.703050356174108,0.8058413439086833,6.085984179750518,3.326807133402143,946.957456825083
8.830619664669431,1.6809919695271467,5.2569878693741705,3.194671535165073,894.5896263503535
7.930161168573879,0.5682703034752585,7.210658672590985,2.4977160148084927,896.5564171587613
7.279192081971604,4.824167009402729,4.834664196566559,1.9758174724326427,929.6453057149766
8.347263537900183,0.34604044038368564,6.8488704705487375,1.8275661432648698,887.3676493886209
9.953696709203722,2.0098137403964045,6.6749332426280406,1.2763971308454183,860.8883792930413
7.168436304694424,3.1433042743300135,7.27088220766044,1.7842134530346587,914.9745754377324
7.604054703987104,3.0363859085870253,5.674056039343021,2.7268191676705156,917.5055059115869
7.788895378096957,2.851342122173137,4.71141428807201,3.4585113056199495,920.7493761056311
11.088164452910988,1.6827716117785245,7.5767965853295465,1.3468149544287686,834.9431214814102
5.0,3.351088946337002,5.165298532023636,0.40398921226264073,960.5437398559873
8.524834522183212,2.9133910908021825,4.686457427294465,1.575300803110156,900.3445309813808
7.327796626861405,2.212299617660477,5.310213254095188,2.723163290296908,922.0229744820125
8.35015758927627,2.240580757726592,4.518309283842923,3.6578218325272553,910.2452482006503
6.513941169007913,1.6960773523846275,6.026148825123346,3.0480329653254428,933.5998406637931
7.426552453712325,1.0903479741669617,4.8943316182414875,3.028228169902702,920.1245619760917
8.567115869198243,3.237150975478716,5.2125158300951275,1.3203517170602077,897.0668058320199
12.169365301565762,3.3122079936015316,6.4677788616649625,1.3428885011607932,824.5212392106012
8.712054284103107,1.1158908589700787,6.123693210176191,0.9409522901870337,882.8042949043852
6.227901602954237,1.8462148348538083,5.515584572569659,1.4676162110996553,935.834033617135
6.864360476965945,1.856576783541071,5.6708735287469825,2.731278226728932,928.0035374492711
6.819878837424219,1.96734409625969,5.512255430631542,3.2995897495479407,931.9916297683557
5.0,2.0642948785875816,5.0688449335826355,2.27641381702629,964.367513169438
7.004864712447844,2.94686146164618,5.497473339152212,1.7959032319920651,925.7587688224156
8.599243622732617,1.2527826915132563,5.990841625492943,1.1466201458612626,886.667345710557
5.588651821384808,1.15365300848734,5.37383787102116,1.909987875189366,948.0965768113783
9.072723976575888,3.236619742142975,5.9197676302302735,2.1625010621204437,887.5050875867846
8.231662231626506,1.5373552581187018,4.663331221576953,0.8295423417814434,899.2917109929923
6.398650017043443,0.7369646464229338,4.896106348854295,2.7371783428054313,937.1666499595757
7.287705543993229,1.51487005790013,4.765679496726024,1.6608688029530725,919.4031866304767
9.89748271146155,1.6699472647559992,4.934868628207593,2.6891326728809606,874.3324088574363
8.6003217202588,3.5549627277257647,6.787181046706091,1.9912640303592126,892.5094723392942
7.513175482347222,2.924826212376737,6.2260387931103605,2.2377733543098457,914.4986376509422
7.143475024558524,3.1475206166322423,4.423076881315654,1.438440631934954,927.4066387162957
7.614913605677489,2.819973642346786,5.937498296408455,1.7243077713476405,911.7453912276602
6.732354663086545,2.946243671615314,5.10941768735143,2.5136336986895653,935.300148223338
5.0,1.311917873419682,4.817615414528435,1.8948014122093009,962.0170004427024
10.563266865802095,1.8013978446465155,4.0142605342774935,1.1160207874422645,860.7444221275397
7.732987498799102,1.0100846869764513,6.471918693820244,2.089259244041824,903.3721912605724
8.097220897683806,1.7895119694629666,4.1361368503328615,2.3085400134707212,910.4491621939462
7.413138375184637,2.684104990934741,5.448036821990126,3.0983108205376246,922.5066241764196
6.397324798913118,2.134583284812247,4.553688754275131,2.9220426149275776,943.3705919249935
7.221113278576844,3.311480818960295,6.275843947069925,1.9482915629169053,919.7012947635457
5.100907856708533,0.8585842077727808,5.16564817368605,1.5621318682686036,956.0194303472265
10.915629747079958,2.5002383506982397,5.365537344479655,1.8173588805106475,852.4657780864301
5.648232002366406,0.7516971981306819,5.3992657370699675,1.581013194097661,944.5249033434374
5.952050574229231,2.094176469173642,5.802570334935783,2.4049289805631577,943.8089954185743
6.839611193420399,2.740333422556479,5.513004763983309,2.83333209809252,932.0432853036948
9.432113587278566,1.7854974331757807,5.456726811038884,2.9918674874352713,882.0101924971075
7.521763498893981,2.551126604086956,4.981598024745222,1.670234838001868,916.9716849282762
5.645796305954306,1.040267665167066,3.925270626657907,1.5903788804687053,952.2642365164504
9.38150754113601,0.336310021803617,4.381449040458144,1.6636844603530954,878.9674328500854
8.596500940178222,2.557029622487803,6.218479738680646,0.45437043993107284,886.7235224111046
8.307652435824679,3.7440102340757324,5.194180536673702,1.0377501131624651,902.340944172164
8.57360136175626,1.003955059830108,4.835990222277521,1.972357595249053,894.8918650089955
11.091542850873676,3.2221941801067953,4.094271855581955,2.3034173923551755,858.9275733073528
10.777642342554168,2.043423408816411,3.780352859909648,2.392938446306037,863.2700939607688
6.469926985495057,0.664308478306924,4.7967931198718015,1.3756044625035722,931.0349393173776
9.935827489216727,0.8684946986478375,6.388052854045257,1.6071118817445167,860.6007193385755
8.07475228463835,2.01578477336065,4.942929806377681,1.7843969546884313,905.7969800951877
8.248643724206625,1.5955377120758962,5.900485525241447,1.6950992809315526,896.6052885791412
5.0,0.687087023241761,4.896940170602043,2.5504141765317314,962.343741738243
7.244421351917706,0.30596071877459496,6.138866696028849,0.953460712030457,907.8185369719309
6.280764614495153,1.1532806720734938,5.148249198191331,1.0805635159656464,933.1857687532777
8.742088222339964,2.1938090083311184,4.268115754449504,1.761251763482043,896.9330044996834
9.106620750604208,1.993599247396862,5.231046932100556,0.9075170373298604,881.9405910835985
5.0,1.4987620424999217,7.334000418280407,0.47962377683467095,945.5726446033958
7.466947703993594,2.2018871942914826,7.289884315550855,0.8052182723041963,903.0654878834525
9.182792257191378,3.040026719862688,5.986533302779365,1.8058283292409865,883.2720400915097
7.219981556529833,2.394126510434148,5.3629411845862975,2.50442465306038,923.4767392137147
8.593595467503548,1.8786913286104194,5.803901802095083,2.521093227514261,894.500996537868
8.026748201440626,2.9280720066606887,5.816852338733289,3.270332346031273,910.6990773039142
8.012490347928939,1.040149697783705,5.460113247632899,2.0813320940566884,902.9327259737362
7.093027532897554,1.7750804604446484,5.940944019922617,2.1889604098630624,920.2497054047965
5.675128793796436,1.798912064399632,5.7082268621535635,1.7996743703773244,946.3231028438507
5.817704778862459,0.7630467415571547,5.184027614635687,1.8385388274111927,943.3632275520164
8.564028771682976,1.5801258377156422,4.3047432006163575,3.66443626527617,905.4422629578846
7.529187383278325,-0.07495968089530303,5.039940757779834,2.2090811498040255,911.24003451492
7.292231633089163,3.9121780476629535,6.299518849073597,2.278619415275297,921.1731699541531
6.864164936516471,1.062586211563687,5.468537775504635,1.083908557666427,920.6045868894788
7.042216731778872,3.586114131421312,5.800286891587505,2.3283378199240543,927.420109859814
9.070367691732208,2.0380845057194925,5.216984472295588,2.5266655834587715,888.8276348790304
6.99713387719796,2.564864132155959,4.4404024949893754,2.8882481023502926,933.8156921518756
5.488402930047647,1.5112002016490684,5.261370285128177,2.504067619921201,953.6917137839756
8.61547766331026,2.207929691961674,4.477544099250649,1.8986094175328132,898.8644862747087
7.192685004202924,2.650489639988436,4.413710826396448,1.864461349709433,926.732965895569
7.547093798299165,2.664552414394182,6.705636608869409,1.9423354569848776,909.8124342565363
9.911367459599266,2.7747733900743574,5.079913995065784,2.0857496348487228,874.2375715743424
7.469159163974239,1.6316672899608236,4.758515274539967,3.0141203526449427,921.4214229742981
7.933775509678088,1.519640327508645,7.117959684380906,2.858111639360966,900.9152347997882
5.731614763052512,0.40582367473239644,6.314985035404241,2.6023287629806244,941.5501960433847
7.17049582147356,2.523219011176937,5.128490774498162,3.6233679843762383,930.0100055622387
8.414289067812902,3.0823787113234427,5.927636325552369,0.0,891.2405510294539
5.166939399238137,3.6159816799179296,5.264211681739297,1.6319531405391754,962.2857974238595
7.801267639673564,2.305172634580508,4.8073203207204,1.9909819047084938,913.090266746717
7.651186608967209,1.2335202270914307,5.974691224485005,1.4622164208312216,905.4965813984319
7.561931183381159,0.30290385671054465,5.175698114679797,1.256199420278087,907.5092473595063
9.055738347987365,3.0416667330833507,5.5754980089994035,0.6262722877094342,883.1631840811694
8.001657772272782,0.20372343322246445,6.521363234899671,1.75093711033259,894.6367008225707
9.717107847534667,1.6593959222562333,6.411213103795377,2.7152216430734653,870.8899922385349
6.009615726608946,1.775693172056354,4.949906708143923,2.6191490738434187,946.6114997969391
7.703886850827522,1.9305448621489807,5.986031602287086,1.3982960910074387,906.1705392479165
7.626700179584921,2.03580260003584,4.372143753854244,2.1761960628253494,918.2982468121086
5.89611825936738,2.138147556367575,5.950414161315705,3.0860798521728734,946.8184232579973
8.934442503137019,-0.4153632620785297,5.648495305801106,0.7839463637238138,876.0212832415298
10.987009958779227,2.0146559098701267,5.878979362363431,1.8729312157019764,847.6025548426654
7.474490888274254,-0.22957557411187723,5.202555245355767,2.2291970326471517,911.1446846968698
8.25753163241065,2.732218073090995,7.58407127365249,2.008012272029432,892.9466742905512
7.626777713722991,1.444874844196388,4.598700292379686,2.6805067152139155,917.4706639610905
6.429622995139236,-0.15703672522335044,6.471551710968462,0.8017391762705073,919.5706341067599
5.0,1.185795322614624,4.468301680231669,1.1953450713620695,960.6874498024845
6.441339775356952,1.4299246608153462,6.004344174629321,2.5456330741567963,932.4401246058724
5.412062428572403,3.190699617555005,6.075789977251783,0.6382207511239881,949.0694485614923
10.056153117088677,2.196637741750245,5.554975871562285,2.6494142728266215,869.8193546137842
7.327335459115141,2.34444494435058,5.004675589456296,2.3598545249855305,922.4694791971709
6.981121006429244,3.1812216342206012,5.641134890745299,2.5935357917642885,929.1534335432891
8.833730737181709,1.9038557120755106,5.767010333430174,1.6245682777922368,886.9411616680477
5.8173733457161685,2.7541879610324034,7.289936486306282,2.4078707493707614,941.2501147072948
6.349703942993171,2.683861113931992,4.627659714699704,1.0621699438793701,938.5261336860748
7.602108403872932,0.7135305064305877,4.944086503685998,1.6683960460269445,910.5179648499852
9.043153487135221,3.4729835776298295,5.784735557069336,2.0290711522220266,888.8460936667656
8.252527567753182,0.5796982199293055,5.243946209604748,1.281000460354472,895.2113171112501
7.872487713773824,2.917366649477848,5.3999589622694,2.174485494427409,911.4004583405673
7.617176602854024,0.48292696309436733,6.570351835363761,1.0846342169653873,899.8605846666183
8.100353783290164,2.6012367881516734,3.0,2.214920647868009,917.5903750798152
7.802479357693882,3.8619148781501726,4.9020506549821885,3.3934802435098232,922.1878374171222
5.955041587834597,1.7870213434497888,3.7576307737487507,0.9946674891061131,947.1591959760444
7.569118832449727,1.7436443571468536,4.304183563095929,1.9819519069792595,918.1475649984416
5.889467011623371,2.6104399993168492,7.90462449207247,0.7056311535638817,930.3174851850199
7.621623814351236,1.670603544037457,6.098168133952756,1.3336367855276663,906.2134279602142
6.779028087767638,3.8182787037428216,6.451564925058104,2.561559337391557,930.8022989845408
11.309072434174292,2.192192249458696,5.419470350213569,1.6554971185678926,843.4353812529274
7.440158424372432,1.6798304917792741,6.25871382483191,2.5939281110147707,913.5561736662436
5.393640650607617,1.459714472104317,3.733435492479751,2.284706686941406,961.5995211112605
7.298729683984613,1.0670515298269794,6.538298411769601,1.9483853829280062,910.775607655867
8.279038118456832,1.3722450132425104,4.6801558814401005,1.1764699242212266,899.162197853056
10.010045919228785,1.6493266063414036,4.968684180674087,2.54839057479803,871.5003986321512
6.615821400091923,1.51236092650142,6.0051510704546525,2.2433069827611956,928.2963584414867
5.12635803896454,1.3418247258628961,5.816446758582215,0.7775676735925159,950.9495057787739
8.725255517146472,4.0988412303524395,5.584620048393549,1.2283795253733447,894.4571030231177
5.429101941150523,0.9699049235105102,4.136903846419681,0.0,949.198135745343
6.845766837738773,2.1466325876461747,5.599813668821642,0.9074985549729926,922.7046028020706
7.113569271733509,2.5925210097608717,6.460561353483229,1.7492989911837011,918.096527116496
7.395549820049838,2.6301079955837325,4.9675129039002055,1.155315487721846,917.6896132659409
8.533746685611504,1.941392924217528,6.8149370453402955,1.3346667231570504,886.6743008555047
6.4745485765704185,1.7592974281526903,4.627308064085991,3.112456126060622,941.2531905912819
7.0894061217498585,2.4515474912395065,5.506547891718374,2.823050659230453,926.5831643918576
7.478594470575917,2.2665216499782006,7.035327733376613,1.4442654497915184,906.5901317637504
7.724396936278182,1.7410411652324866,4.818600087300391,2.6348301075220126,915.2887994302595
7.646740762061884,0.4381214282755692,6.553985483377074,2.9718982823233397,906.2824097230772
8.15400866283387,1.5320762776667525,7.474652362221809,2.4948387932686047,893.843598512608
8.765759264462606,0.8534498362925422,5.67104406892415,2.2391419864335163,888.0072559932871
8.088951173476453,1.3328404499336735,4.972983012616693,2.878658462174724,907.5583714992753
8.180378285263828,2.0332232385169595,4.727261197049977,2.61561438396593,907.975977671626
5.126665249880284,2.3587361439966164,6.804602703347325,1.0295245891540712,950.1233290950654
7.57534154874852,3.7804527512924064,6.776694199339649,1.8488541968488268,911.7222199547316
8.219261322002414,1.462593621096186,6.949309122868676,1.5583447351523627,891.3951306070409
8.593411791855676,2.7746256352751506,5.467161649344053,2.921978787141663,900.0612056126192
6.461473838649309,2.3059600244378364,6.537806941527105,1.5356623593716596,928.272076768066
6.511441087667032,3.2959976706397898,5.45116060887393,1.398252022952125,934.6466299645963
6.638848987074603,2.576228719595626,4.6169448783916405,2.8213456595773114,939.4416991371907
8.304620849837015,0.9915185727136837,6.624176785112353,2.207736812745416,892.4207479035432
9.050821582386313,0.2769539707087687,7.133870278278205,3.689425880505313,879.6895876273782
6.888809839062597,2.311261699667505,4.47939802721868,1.310206781754836,929.0713255370691
8.861943470440574,1.4715490020996094,4.46056903709933,1.5849312564272005,891.1377714170605
7.685219713746891,1.0196862540494027,5.539981934230124,2.8975741899422602,911.6278979655208
7.313571334256346,0.7324222954669224,6.456128605741,0.9767197029911827,906.3334306656162
7.182923655273046,2.1609754975871556,4.366180806246047,3.0557538863407103,930.2014053583329
8.619917046903236,3.507707699313365,5.727015736955906,1.0340356942523425,893.3820370144579
7.988366725180605,1.5913276542939583,4.909573045940248,2.4881788505688274,908.9926937276148
10.913738141471455,2.5902703110753222,6.200829099825002,0.5255591788277776,844.0625495675841
6.2216630355040135,1.8977336497824076,4.70211317850411,2.03610387199065,941.9912245462793
8.277152553044964,0.7106179108966071,6.271803000274179,0.9043756084921368,888.937979797081
6.706198485282731,2.734811343510417,5.341785189182292,3.5410201896091897,937.9381257977839
6.196069519517034,0.9053079559726287,4.562859476318957,1.142695589763588,937.0224471631841
7.483699294447542,2.021626630593565,5.563689955426889,1.3369143928153262,912.2556946711697
7.706028719110554,1.6584795849946947,3.5620266855116474,2.4283407650422983,920.475027425007
11.877260332590138,2.8930774345656918,4.940905427895061,1.5192338968826093,836.540983712953
7.223781276475197,0.9418490075293133,5.8374010703246615,2.559962685615361,917.3545732020476
5.804731905772975,2.3908699078019597,3.7282452209681045,1.43128785706737,953.4005641461791
7.909516076241578,1.160202592651299,3.0,1.3696392347179558,913.9750241685545
5.0,1.4888947876712149,3.1606326801868327,1.9779530351355619,970.5250597854381
7.362064826093601,-1.635200227540102,6.82712855550037,1.026455594431886,897.285652628032
7.524037923442741,4.092098571617909,5.42324098723727,2.3170930917339874,921.5813653493761
8.691900574417817,2.5505569328262316,4.967534605992813,2.7018388158958047,899.1085076356795
8.96043337414177,1.2326525140618356,6.445154735666829,2.4423973119939504,882.6007882349624
6.744645571638424,0.8753443116670061,5.095550317530889,2.5146246971026036,929.3618978937793
7.2740789780551,1.5043512471206595,5.768461899866732,0.4601158240277332,910.4975540186446
6.350818754083994,2.7168795348194514,5.525755350923263,1.630681803312754,936.5362390027142
5.80790616778846,0.10791507441507453,5.029000579247022,1.8183478674850302,942.3634297102983
7.964842169070952,1.858415580705662,5.794145883889106,3.1635621374364797,908.5745879166285
5.589621677105101,3.770641872462673,6.273261221420144,1.5349540893280318,949.8024921627125
6.878059649142205,0.8660536640321959,5.3150933829830125,0.15861240576786972,917.0692341671902
6.007239060151144,2.080385038763655,5.039444426845385,1.1968243944025392,941.7983979016858
8.32452477943539,4.203309815257757,5.157487592000547,1.471045426089768,905.0910451693223
10.202145148899731,2.6321516296907728,3.2020874672142683,0.27481429285787673,870.4264057241872
5.547618025795003,2.125923820485455,5.783059546508912,2.7749620165646998,952.8872639897215
5.0,2.5066364549090028,4.290888711011449,0.7443359742519531,963.5198130272101
7.3126696719748985,1.5991346649902978,6.129718724118924,2.3568172385856707,915.4200978769755
7.5235466939366376,3.29963128530344,5.4095758993247065,1.126082619442772,915.0125021912423
7.827988960135946,1.600669977099788,5.605121096530441,3.205587493844062,911.4362469558131
6.830519227148483,0.04081839126402298,6.200329170606202,1.7790770417774757,917.5628616387582
7.199041051761852,1.60869689605954,4.573476233659065,1.616710676331658,922.0436000066748
8.051265615810903,1.0332654701232964,5.869248443350957,2.422603557325327,901.5593501792295
9.060646338967258,1.7188059878025708,5.7676210525626646,1.1941596123834066,880.600282664828
5.0,1.740915940919369,5.315219167357207,2.460437179115361,963.004212653263
6.946590841452807,3.1974231998049074,4.5718137992364625,1.614665100130806,931.1718410824706
7.8207131909115954,2.695292726664386,6.095238364055164,1.5243185227119511,906.0922078680699
6.123035843083896,2.2632654875753966,6.203454544419316,1.9299450317728424,937.46937591562
10.09675444765095,1.997054588667405,5.613602025977884,1.1282636512106623,862.5760409377809
6.546885179656894,0.9411419911420056,4.429697584285355,1.8472866523306655,933.8375343934111
7.438060969489076,-0.18117523766567745,4.972550967074546,2.271588037698085,913.1845325577563
8.334033145263437,2.1131600113927833,5.439667277579933,0.15300688102579008,892.8674326865553
6.613072816797159,2.7946412035736587,6.188494549982093,2.87304602363008,933.4151261160305
5.0,1.8916661167554107,3.9165105988868834,2.652782504102319,970.6443250961842
6.8570182096252,1.4651456772132998,4.936196535695624,0.5163382603469027,922.2246821779022
9.044160833890562,2.4645021652142125,5.097327440057797,0.39165416344908155,883.118950422345
6.994657309822292,1.916667799375653,5.4167784205969705,2.673525300480956,926.7143716595767
6.230348547811532,3.6857441919739613,4.198674715975153,2.611615126812844,951.3001141487722
8.888508314254082,3.2327283420682846,5.282467221626667,2.498427803193115,895.1337362765589
7.003837655965421,2.9595080570233296,5.18951643568741,0.8584609571981454,923.7578704129688
6.734758779524674,2.757734114209904,4.462408128510344,3.4629137789947864,941.2694063397743
7.724184134494965,0.709832585548543,5.382032415831316,1.3959993065475778,905.1872746988155
8.65612531442818,2.6629937020525998,4.958830903214498,2.1915812328146,898.2299400664855
11.07257029759882,2.3763259576465754,5.9955861425097075,2.2014232174710697,847.6999606928181
8.740854161486135,2.6064247283911635,4.614672438995662,3.2743449222378853,902.1243738579643
9.239759949582517,2.4926094868130524,5.5898341221284555,2.100133839954995,883.6246146227088
6.741050701518217,2.4527625878480657,4.691611162770732,2.3326730845396244,935.0312165394608
5.961197841045785,4.700866469549595,4.900245761841187,1.9382992980367337,953.371468202727
7.593497024428684,1.923814330048081,5.797291627705405,1.0427204890306416,907.7599114768245
7.660754872889394,2.9363373808293303,5.734717732842156,0.14507152285041536,906.2855692640586
5.882230887953105,1.5290101897359967,5.082977817421639,2.0260638998351874,945.467554769812
7.237058205143981,2.790641583887672,5.230589381667333,0.8701095275881772,918.8011742212435
8.098976402578696,2.9393198902324555,4.046393554890476,2.2801417722510973,913.9361387683182
8.04059009252712,2.364426077135348,6.9027643105807,2.1190000697473246,899.5365992494629
8.256431780076408,3.6692469423764997,6.187456397878028,2.099546956837888,902.4162102891133
7.936447095206164,1.1157239636395824,6.151448050871107,1.1576603044300275,897.9072167836488
6.7394870110949165,1.512779058331778,3.9049677830437846,2.829235261089093,937.9428501464781
6.729149060026735,2.2123800860234897,4.904510007510713,2.379816877783692,933.7673151739388
5.701572903009186,2.880806853484222,5.165453971076377,1.0546401735483337,948.6020956053449
10.177162558777642,2.1794295212949333,3.5689385079659877,3.6548380671378116,880.4958183188595
7.5201755469289395,3.285759036510566,6.389950096076086,1.8313669459321535,913.1014196311
7.162720416307722,1.3383101290336805,6.953884488548136,0.932570799472954,908.350886018971
6.106811877821312,0.8594215105114456,7.561934956003614,1.3933184125905371,925.5412320362705
11.903486853491668,2.3081283365365044,4.454116172482264,0.7928873107467143,833.9827231779271
5.890007951665657,1.9228197238863036,5.617323496834274,3.0875415341495227,947.8856193754185
6.85672811159089,2.54286372035822,6.822818269150421,2.86435866146335,925.1987561733031
8.12375525442909,1.972597709133496,5.2463815210530464,2.591583659789096,906.3567170176201
8.400319448616417,1.659980209376543,4.933012086157322,2.4409135214822806,901.2370951391777
8.936898082823525,1.9250624282762765,3.6339823264555093,2.9986737286530976,900.1116682869447
10.211412761653895,2.028848894793185,6.632622457771749,1.8064046300624494,858.3163418449043
8.259236483191069,1.6950187001516697,5.480739243926635,2.338129714783245,901.0297086408041
5.915953800049999,1.796867953676572,4.770658141036938,1.3504867756928016,944.5267713595831
7.114582312317328,1.5964066630130898,5.78385728982886,1.877241158047088,918.9211442909352
7.961748558770827,2.8566651198694064,5.653005373178665,2.360061738533912,909.0845271733637
10.602339062258736,2.1940210045057995,5.668259102354591,0.0,849.2704072186098
5.403291782363555,4.256752472168767,5.282901937673325,1.5042313794922266,959.1153589669188
9.303864757837841,2.160704551278462,7.122358158763365,2.1319897118193465,874.4985174920014
7.769871554319625,1.4491425296713383,5.366340266737578,1.9379871472469006,908.4893266948667
8.756745802844222,4.670675374863064,7.1193220763233045,1.6380829394035756,889.8545332426434
7.347007925046102,2.413626377714335,6.064116926400198,2.4713215510459823,917.7848426500956
6.236351054810511,2.9901247868928165,5.851170142761731,1.4338301014335566,937.1822253494462
8.626309169101997,2.5921029832024916,5.386725246721845,1.0224740320107706,892.2479477796612
8.481646540658431,2.6230110292977487,6.4739566935459205,2.9470128850316444,897.128564422823
8.958085448609584,2.5356540513524743,5.612991767577995,2.834118820749758,891.6065957530866
7.480043046932047,0.8979154352239347,4.5678687848864685,1.5206807219179,914.5027258271512
6.600266965020226,2.367529047561412,4.534507809001965,1.9450443442506427,936.7005441420733
5.161819507464237,0.675138696149761,5.922484621934272,2.676791749885636,955.0019059410031
8.729059902209109,1.8256371635874657,4.592621114833504,2.035227461384599,895.6583714776946
8.135834223665979,1.2743825434367126,5.437768943027501,2.4241660854970783,902.6712829889724
6.051326050704061,2.357470185848724,6.557184538551091,2.3804534349813955,939.0970559492906
6.692139490055064,2.3341262473382347,5.803970177894334,1.7446638262761545,928.2501058215881
6.799861782072839,2.4811458907651867,4.777865129671253,2.4127392021451244,933.9132848676887
5.275523352026372,2.2872965727490873,6.90998751161614,1.2280450991803056,947.403708930215
6.2734764050923,1.393174658213601,6.0478752369947015,2.315419454462844,934.4010366802756
5.799254464790469,1.7389965106483203,6.517792987204089,1.9407218748706612,940.6074152036258
6.881281482168095,2.9203961612544846,3.2324416567906975,1.7114236544677928,938.2017120121169
6.391953752505656,3.0678566772944,5.830852878262746,1.002611304429324,932.9952285016014
5.059492618699877,0.8532169013734507,6.342157836379894,2.105327408767353,953.3246964684622
10.533885345854223,0.4690723674873536,7.200288642297992,2.0308242221251556,846.161768392021
9.378811096543846,1.273110616795288,4.036181415848958,1.328290830275388,881.9890905300701
6.3314708677200215,3.0452075820322504,6.706114589194533,0.7225025438249615,928.9450476375519
7.9086320949804145,3.2148840301830344,7.144380285701245,0.6844199194948324,897.903643249585
8.126197634731943,1.0752881195988284,3.4827110227210207,1.7967416083523526,909.0520503750846
9.286628782160214,2.307309353736338,5.978591109869742,2.2451981115374315,880.9677860627694
6.2720924600098815,3.8344313331400874,6.117620814340702,3.479977275440766,945.2457223412325
9.138160175973638,2.415311477240334,5.172992337348094,1.963876123959588,886.730144560852
6.678142043689597,3.4215032852330935,5.00990553993371,0.6996911587372268,931.3493425029845
5.49620639374708,2.9987265700830985,6.167853913287822,1.834465465402983,950.9906990413468
8.586204838971746,1.0898012937720893,4.885018246589368,3.0010919188151597,898.4958626961015
9.436137636183641,1.8100185765029217,5.282750671581902,1.4537635131990025,877.0910014416719
11.381863460296028,2.034754478291848,6.312434900823922,2.894882861920713,842.100446590442
5.70041210236468,2.10413338802134,7.254043050326864,2.140579770427997,940.7845236105687
8.548379527621183,2.9163289534385712,6.037984272542018,2.517505243616685,897.1351912052733
6.8852981343097,2.4086847622754086,5.633484495414511,3.4870847985632345,932.1399377355657
8.675038065786048,-0.9362009437781151,4.983602515339229,0.5301888741053808,881.5408422585832
5.294265673153124,0.687159726907274,4.489399959348944,2.7172033464065914,959.3861207550832
5.605845336452154,-0.18738091497604303,6.60957824150095,1.9242391056949466,938.3421146394124
6.3361877652502745,2.175365240655334,5.346550148873115,1.240655573317095,934.6799571282528
7.618446068502127,2.2404876494677612,6.6507032746667285,1.9194922904615146,907.4726047611921
6.538378100192467,2.2832249586107185,5.170448122004538,3.352776754521235,939.8961107304419
8.488581515870129,1.0410717322853837,4.850711338638988,3.0679567838045223,900.5839654489733
9.040341927386871,2.674144005119989,5.920798888827516,0.39942843104695736,879.9746608553357
8.399366311868034,2.716262496468529,5.4234640607316,1.3841282351873334,897.9900081168968
9.928181459491302,0.7448509327948423,4.294471395389262,2.7543153884554945,874.4007202124537
8.123739944183015,0.5339617985511278,7.317368329781848,1.982604737773574,890.4477173471856
5.67465493448975,1.9998683137730622,4.873016226228362,1.9855893280982149,951.4679176624809
9.54506477030751,3.791782273613359,6.427591521174214,0.7453388353658794,872.6352277097626
6.592265646591004,3.6997427421986426,6.3418566293964815,1.4036185261607779,930.147968814766
8.865627749528354,2.5634043604480525,4.240537235085643,0.9134354023728688,892.6407035781015
9.86060132483266,1.2700033284199237,4.497612355383516,0.6773460175348038,868.4519543771003
8.1850320160956,2.886842659488585,5.198490660299872,0.9938096132819783,902.0466857116096
5.255761780253025,1.5475757351909585,4.634353455421683,1.2575217940429282,956.3988046946054
6.122681750235312,1.2324929633261896,7.2264563718786885,1.3911092248735288,927.8386790005968
9.484116700327704,-0.1439668316219942,5.2998243632014885,1.3262962223516601,870.1934005719405
7.2463159715357754,2.102382198347653,6.389749042814068,2.8163648587340804,918.5587134882298
7.619360302413249,1.3701326508626248,6.013637389000204,1.274284635983713,905.5894934580288
8.638236624245414,2.0964303795285044,5.764022448996354,3.1409477537485055,896.7694608040313
8.544484293120485,-0.29935769623706143,5.540321210739588,1.6128192979288327,887.1845783338138
7.918199718578191,2.169826672583687,6.7371307077886975,2.351358927800735,902.9046990711555
7.186997443169301,-0.4311211639716279,4.674907026664983,2.376914465119094,918.932823645821
7.030997331401464,3.087940253268552,7.226335310456586,1.2817252633657623,915.7143617286496
8.786848237937015,2.5218912341350843,4.212776819495905,1.7375275479938397,897.1848895854895
8.33035429660169,1.7213352285754122,6.2815117256224235,1.597644930447717,893.3021449880551
7.114049999073315,2.5627198600820793,4.094836140060218,2.297952570248662,931.0460539369103
9.12316846948971,1.0219257373364476,5.18429444777304,1.8969244084657253,882.8198288920079
7.306448827305324,2.0723755156148926,5.593309938060967,1.4012813808424154,915.7958550254368
6.22250673849841,2.7947740384603357,5.013304651170486,2.095246630927448,943.2512450703413
6.3615439516449825,-1.0942892490913896,5.318330430383109,2.271692866503968,929.0526764565517
6.031888745535351,1.5527756403224762,4.113029552069206,3.48003574283407,952.6692589157631
7.091384975094469,1.9773558698636258,4.5125495312764485,2.054501164876721,926.9864513530683
9.350586417504289,1.8037063822542334,5.998264707195882,2.008006677446831,877.3992873925508
6.292357228454237,3.4571018262274054,5.529671824977445,2.342718888368003,942.3194099245095
7.782713641527154,0.8760988750771155,4.809471974178493,1.2404781098697129,906.6463760178455
6.5149659815588805,1.3788407565547711,6.824277763129672,0.6195923191716064,919.9505902825581
7.109536438092844,0.08413097369155165,4.280069100009785,1.7503183266233424,921.3162105280659
5.2349381820221215,3.5102866512731454,5.1384095341359375,2.8576792783821925,965.8708121532901
7.169192656265194,1.7537098573912,4.9943437218215285,2.986841370534953,926.1432186875087
7.209441930292557,1.561591111963293,6.115037627761044,0.4964922354148176,910.3832454455903
8.310431916053544,1.947517317689286,5.548163691137194,2.5328635843947733,901.1928310479177
7.834921369883056,2.636235828430324,5.391834753465403,0.25216159853787223,904.2015700244425
5.702411812571932,2.3473634035161246,3.655783296132761,2.367344443866069,959.0014131861365
9.126297366065314,4.647884213557088,6.365034480632093,2.3194874503173244,888.9595489272506
7.815454560332993,2.4539358884037745,5.282174185168263,0.6208159763875651,905.9363517775821
7.79759027576623,1.534754570830919,5.61566101761042,2.8000369145053496,910.2600997134379
7.486226469922292,1.4386432624760528,4.751436779906123,3.395068721032735,922.0154769774318
6.72336382916667,1.6072410475831909,4.594171237182927,1.950015735198019,932.0307975822931
7.826703509623089,0.498163075370162,6.9992877584756865,2.112799899981571,897.8361172523128
8.213382653892873,2.0398642074915863,3.7267614217375873,3.1832929623895243,914.1447129855034
5.0,2.7834681062089173,4.445800972217228,1.098934372729616,964.8909373620669
6.691858743980856,1.386636399376764,6.980492152669081,1.1191380339016859,917.8140478924203
7.117579544394616,1.1926199437158884,6.140746380998654,1.3284931968646392,914.0379541379202
7.884255908541418,3.515945146294234,5.17453746825758,2.029665683448794,913.3610841743224
9.28996650889069,0.5735168433788349,6.746596314288653,2.0275326754099843,871.687483618743
6.3423887781048265,-0.06781837647730127,5.946860116396008,1.557367779775797,926.692864056403
6.753057229773237,0.8470980563526174,5.732660091974419,1.7596156708339694,923.3554399712629
6.731198834030175,0.4595672828757036,5.725562017102417,1.5683454120393976,922.0022759595223
6.297708614843188,2.386226064104582,5.965238217214494,1.6065599908955108,934.4682359388524
6.9792202573316064,1.6392954995504265,6.005692501297453,1.3851828317771306,918.6965476605556
8.656203329981956,1.78031295497616,7.6959730528959565,1.391648209220652,880.0623478490537
5.9192467569534815,3.152934176974773,5.3051071883273275,0.39924493205791967,942.2251393959582
8.141721592729354,1.3086651388372235,5.335952811851796,1.821059924497613,900.8873164566102
5.0,2.7750894117456406,4.263106812429286,0.43553654222618476,963.2492487180555
6.657993005336691,3.511322799203203,5.448102613178982,2.6004472949659374,937.0079074965056
7.005766049673021,1.5443375019863392,7.362886899544819,1.552065724683872,912.2477135195643
10.012289509371097,2.7370228555563134,6.484485002434656,1.904472337026938,865.0494907251187
7.087796542870968,1.75818208747102,4.956332256124672,1.7014322937984347,923.0646954685946
5.0,2.924098128840789,5.530041364521285,1.804708979721418,962.8670588390056
5.0,0.4285108124237269,4.203561624415006,3.0106998524773747,966.5587870643483
7.551044379520022,0.35448775487465367,4.530880655701694,0.9188028704581745,909.5989470061194
8.420656283684863,1.6087322850924592,5.649441152613718,0.7013464621260124,890.9132636783245
8.063183786440879,1.1110751909402294,5.005545397179548,2.095497861331171,904.35414730219
7.751355158701485,1.4832908905701148,4.4554002106215815,1.6032962210085449,911.9198265956044
9.2433893962585,1.78047341755286,5.989840764737892,2.287699137075157,880.4079592984527
6.690613168894303,2.7200135318362517,5.417749913346676,2.573261791793052,934.2334295807971
8.842365834040237,1.5923394214340651,3.9324496283089605,1.1149253947478517,892.546254169478
5.051977672460374,1.1761386893769132,3.424853033832212,2.482711074611851,969.3347608258349
6.1425782505929005,1.648486623241101,4.929988501425746,1.1824452104643948,938.5315718691124
5.0,1.2308547201933822,3.911734856558472,2.0596601527504994,966.6164533545744
7.087732048995312,1.0659944979372855,3.631088593529346,1.010469021124956,924.7266913366057
7.430608174100486,0.38698318642303087,6.628969201402086,2.1057150057530625,906.5889240867328
7.67115223833978,2.0694781162210787,5.402289110134707,1.9832981752624794,912.0576371609869
7.592825029330703,1.4312942934029467,5.234553621774497,1.1176564091150838,909.2937730336998
6.108670003782408,2.9662787392346717,5.311594183849251,0.9132709269218042,940.0631105053621
7.214638733380177,0.5526039079410594,4.36216784920703,2.600510867277591,923.4493043897442
5.253829997091377,1.4579164449521211,5.910976165014168,1.6375996378572946,951.66218042103
9.544843462698376,3.812907220658749,5.369299673267459,2.8096247697858767,885.2984834023579
7.044560890652998,1.0603904829021507,4.742591344020588,1.5652850161402618,922.4094673914973
6.766670821434463,1.763466747903876,4.892371315475001,3.041743788495368,934.3357552242148
9.883410492666124,0.7841560171746316,4.272541286787705,1.2412883560097354,869.8166358251207
5.636630199676157,0.651572487219019,5.093757127098165,3.178197246008967,951.8234886395114
5.811619328952046,3.5473109830876783,5.260372119217486,2.1394974904464497,952.009078434406
5.855669512697152,2.1710394926371475,5.067716670870036,2.319837392614969,948.9166598292726
7.398192927450777,2.1336788382376235,5.555154557341586,1.1967803092444584,913.6771295668495
8.147447444456397,0.3036837648837778,5.421488295238244,2.5833721463446295,900.414979048681
8.60951320217675,2.358741388108303,5.7307685386646074,2.611142505928938,896.2193193295998
11.357992976242453,3.1574219459938258,6.4430970369215945,1.740452113979829,840.7746185135327
5.0,3.14947706082853,6.09302347721308,0.29280368639942633,955.2537115440766
8.413103383686625,2.668333229606161,6.4545898405103355,1.109337147269306,891.7838182034988
6.6643041411416535,0.870514422404596,4.652265770173771,1.1092154708864328,927.6759239336635
6.62037727666684,2.3131234171929917,4.991385105911343,2.359482254033078,935.5919302304806
6.570341807619183,2.6675849604766078,6.153596683945968,1.6279741283838856,929.3860435952523
6.13684549378804,0.20555641491109866,6.171477671432086,1.6435122269821996,930.5546705253589
10.026787251905178,0.8787204085182152,4.821379382463118,1.5469501841108662,865.9986276107684
8.763445990520854,2.8881573217434418,6.111583925781742,3.175432222257567,895.1616061158893
7.5347939678360625,2.8760457766719285,4.556467883354058,2.036281568663878,920.9743916929972
9.526523628730502,0.4514169663786076,5.981055724141794,2.1581922684666375,870.9926799632456
5.231206552051686,2.7950214592691727,5.473703799134359,1.504488390849609,957.3516421511854
5.503942303003611,2.0953033991536176,4.115564396093664,1.976289074394243,958.3969905626824
5.0,2.7810089546071515,5.065926178240593,1.2194485258358285,962.4488067706445
6.450878189815069,1.3654786765660587,7.682267809695493,2.2749797420463436,923.2737305023874
7.742547790057129,2.645183496480902,5.702780362804995,1.0827571376215754,907.5886009250281
7.6542878668985015,2.8438287744856243,7.8004499767182605,2.5953758764793267,905.657233825266
7.7240128665898204,1.6486650645442884,4.056073470124963,1.4120381817825916,914.0351766116581
5.383414753400878,2.017752546173286,6.250741792663842,2.758714250390563,953.4044828661331
8.704732113921033,1.3514783704953466,3.0,3.525835406145581,907.7387150456124
7.8594412773584965,3.6516389486858793,5.499764515085217,2.000880889220127,912.5818368207182
8.599581422198998,1.8797280606742341,6.131217377651321,3.0492920977143116,894.8354326337984
5.0,1.077975674822818,6.337890094996276,2.6011591591883354,956.9226752632037
7.967236288196685,1.2841740861252497,4.700730275419587,0.8537743687713659,903.4198956109595
5.718352140123709,2.126770601142113,6.539090421976736,2.088742222014806,943.6456907745888
6.904015121172957,2.753331171778212,4.9662852399553055,2.400958964551378,931.8154536977831
8.301547347954575,0.6641731548494783,5.335902748887603,2.4781722523410368,898.5611154264562
7.63664040938387,3.847660002942449,5.066677780643366,2.142565443979994,919.8137515652834
6.222690030331021,2.3086752940556163,4.3636106492676685,2.132249117061777,945.0503467026333
7.509409734276628,2.4664559729694124,7.069719587420859,2.004069886492187,908.4973350032833
5.202697027134535,1.9028104561765635,5.548017817158077,2.1065408687949483,957.2867256501623
9.225401093847445,2.0192589673511256,6.587318378658628,1.0210568237607633,873.9185730969746
7.192073970755623,1.851716862072597,6.544711241764601,1.8110313752170573,914.40784363073
9.177824916382988,3.0177959690359604,4.532059785727017,0.8376149161507771,886.463956793337
6.710202469355935,1.9920714125466297,6.716127247671602,1.6018978537968191,922.1871816254359
6.714636017390125,2.76705021849271,6.003414243549322,1.527355559119289,927.3037266335577
6.3537198200432305,1.5661524766474277,4.45909813552711,1.4762696210635675,937.6572934171977
8.814260897539613,2.1956405283123157,5.948850831341504,1.1583934737687618,885.5376517364363
6.435853264007286,1.1960796557605788,4.477032115131932,2.21542181903751,937.7633613604926
8.466893148622765,3.2165282325495372,7.10645836797864,1.745543755430511,891.6482925635306
6.926321403496065,1.1662527592808842,6.313786744922097,1.6636589953976,917.9639701923583
5.0,1.6750205557386737,5.428851437808965,0.8739408044029786,956.3902079570782
6.644528898320301,1.685039587545255,6.764803618217184,1.7617110462424082,922.9202512078054
5.731337678455728,1.6460486123262317,3.9180123552964625,2.916426239932772,957.3299429695351
7.550854085523507,2.7224957694429373,4.750658699879959,2.928645047888273,922.6638738297111
5.714388396488265,1.6833422352633562,5.247580278259629,2.2988100637747566,949.2692258050378
8.888962651071925,3.3939245305410726,7.735684681425518,1.7638768199041286,881.4350321316865
7.363386209470459,1.1815249138698318,4.429517099126595,2.4471862641796207,921.5537494053558
7.233606007861892,2.169377469942707,3.7926940582593263,1.4661171294586468,926.0354197455893
8.483838206681375,1.2242140106874002,4.05561448550173,1.7605981952932954,900.0169843744522
8.945860401113794,2.4209727825314666,6.406215869205601,1.4059820459223284,882.5128600215713
7.469851872345522,1.98405027302323,4.905807729461143,2.726693141731272,920.6375479813541
6.343199550676064,1.8449379553015215,5.340913335631386,2.6240047687933092,938.7999159819416
5.0,3.1884749665035237,6.262832641674485,1.9722541927632051,960.8204589698377
6.47092536444723,1.3456581289448966,5.341915372042088,3.3850018474324512,937.8574747934908
6.5741816300280576,2.586515157618,5.704146604508056,2.3300116646167575,933.7899606526441
7.660586179488445,1.2310400873252076,6.035215147609695,2.2849820370690495,908.094081646664
6.98227967829296,2.1126852001603735,5.0693236080397845,2.1992961972320706,927.3430167685167
8.531899458077142,0.8044246717765546,5.333682940070316,0.9901705458134049,889.1428236731206
6.580525093093966,1.3374828536932597,5.741955402321011,1.2845761348741034,926.1223410311953
7.414438249720587,1.9178569544271349,6.3681792730532205,1.9562896370510316,911.8176332881811
9.275981164795335,3.814649167323078,4.707630735819351,1.9628932169829594,890.2311013572548
8.01273782093245,2.100803870459774,3.0,2.4718101601683493,918.7794531250654
7.409943687467154,3.654668315866706,6.179583149385647,1.4657063127564958,915.79893785319
6.597083337097234,2.220323291690918,6.427715918750085,2.056549360605235,927.9604365130726
6.550152904927534,1.6129157555250608,5.700034162130172,2.0708481048827863,930.5755870225214
6.224080120572078,3.5393565226006936,5.7682932189565355,2.1025560654208997,941.815859550633
6.688489701325651,2.437017622073419,4.9356901058598295,2.013131613642625,933.64126133143
8.633498758116472,1.3572784061172865,6.000183421534924,0.8769279851584031,885.2750490467527
7.167167593061597,2.4705714594002974,6.353166819684189,0.19102522907377573,911.4619652814041
5.4753403959281535,1.7074052500923897,5.556496341418485,1.2465890913541924,948.4319327157358
10.152253939589675,0.010965803828704157,7.9912483300072665,1.5751015817608764,846.6087444659307
7.979947786717744,2.9359731592656173,3.9362589123286202,1.0572385047596495,912.1036595767788
5.389584899230246,3.0949340556419287,5.662961670856347,1.9554609049005205,956.0401296863064
6.837226609138765,3.8379420299922753,4.325647037682685,2.872085575030559,940.8153429475867
7.666329574242627,2.4221436921952626,6.37984592395689,2.5808265323423036,910.8084419742257
10.056888139946066,1.7512765759174675,3.9185245719578186,2.3730666363308885,875.1446108713599
5.837831312611696,2.834989427378586,4.1660784572823015,2.7882485909300025,957.0359780197056
8.96406107903392,2.8498203653189065,4.866813059450795,1.260301564535816,889.9871038428358
9.599229640458514,3.6382811831364217,5.7658321698554,1.6345629842632607,877.584587900054
6.557018542388144,1.9553723769335578,4.904528611338383,2.4918774904465777,936.6686702649629
7.08372957170965,1.8344210274324055,4.914558737400907,1.6203759926624048,923.2457651965269
5.945536128939345,1.2844555802414725,5.319109545073915,1.6641388078790957,941.1633960513185
7.194808288379543,2.537462086725202,5.257759840938494,3.4899352975274143,928.5000611045418
7.4451150384856035,0.4517383317691648,6.987449388318524,2.076353662290658,904.7236061978439
8.489474997123555,2.7760873728625644,6.185911119668968,3.41090096016059,900.4751136891251
9.13527520653067,2.5878351218657896,5.175423260215356,0.541362666877784,881.9620921093191
6.3778559030675295,2.585070202458372,7.597011911213614,1.4953069563173644,925.5306625581601
5.0,2.1382252365018406,5.991661174856009,2.3270532645215423,960.4710620907798
7.4681328310856365,3.5329782475310845,4.531037944686451,2.0749860638184634,924.3093603670316
7.940306294952961,2.871993465426863,5.756513739991844,0.3555629894423311,901.5880701121793
7.874126531527563,1.3929228086243004,6.035512544865314,1.816336655542226,902.8291401746426
7.009990128736434,1.4108209503023532,4.812375280938651,3.9784140772949628,932.6825293680183
7.687128149495901,1.120326186585363,4.447491089193961,2.197530217464078,914.3491053241638
9.77316721252837,2.5512833327755873,5.586459090042442,2.48354879999903,875.3089371127152
8.072601253443764,0.9998610787600433,5.139778228693965,1.4848454656598857,900.9728854645143
6.939947362495373,3.0833921435833522,6.979127888455443,2.1946273179170728,921.9407120795173
6.749703274356007,3.322973308345543,6.241155824084915,1.990137441411743,928.8185513273191
7.245221463483404,1.1209837310495487,4.859224725913419,2.8950515453911265,923.2506221621945
9.95510994274596,1.8144514654071462,5.9259381109485885,2.869600709423862,869.7265770765569
7.225048935710704,2.0166209813624136,6.76712814272474,2.326012915856592,915.1360845170985
7.470308483218938,2.8839831604696675,4.10619555410035,2.056772652475636,924.3659601704809
6.776529643595546,3.609343375609877,4.477221759012248,0.6567139712831667,932.3605114408408
9.148475036162948,0.31450760713142256,5.488831382720469,0.6288356503236052,874.2420432408194
10.439755882117012,1.6818192824733171,5.535601967905034,2.065528730718014,859.1660341182368
8.175919574147082,1.733983304439653,5.4478024945371395,2.6997072891693246,904.186338856363
7.624159355678138,0.5993301451134523,5.189222821212322,3.065396845564937,913.8461572361174
7.555174249761352,1.5148899806959384,5.17393967754798,1.2882089997011033,911.1436199788706
5.0,2.427768944350611,5.884258136821629,0.7926091250869769,956.0701809638413
8.617726296427225,1.721321097160443,6.633942553639173,2.746367322315666,890.5914303121233
7.701249623993765,0.4553788313925864,5.019047270311574,1.3482465863213124,906.4141714274677
8.142513075991088,4.8740826980099135,7.938399345170653,0.7383453858617477,894.6910353943756
6.432806708874443,2.26617786520418,7.4606914357403165,1.6050574735047194,924.6610300841
6.923314681534363,2.111694130106675,6.829255629580081,1.5911208266206036,917.9909043439397
6.88346259524524,0.9020736369329536,6.1224833345615615,3.0561368610458777,924.0936627928609
9.032434476109557,2.2607061619712754,7.507988106470156,2.692507131745228,880.1180707712682
6.93186024509536,1.8357862159585057,5.209884635000591,1.4100903177893356,923.9188154131741
10.623990483164697,0.11147658728459375,4.667395588009765,3.118363474044834,859.311719330862
8.146293628522557,0.9297445599855838,4.974027940596016,2.1000206863314825,902.4657728612218
5.586476010006402,2.794926017673945,4.4970571969099185,2.848668508235275,960.2851206881954
7.307180560122065,3.9440176500004416,5.621801322313369,3.0617428064977696,927.0485579166453
6.5224873167653765,2.3671654050430444,5.799830464127743,1.7899256799443775,931.6854392594331
5.0,3.1030832782933673,5.700839838681107,2.4570556593016137,964.9989441491733
9.899206410170684,1.84424469141679,5.4875686478182,1.674593228453266,868.4424960573696
8.554713813330006,1.9134538393193972,5.633154528171615,2.7440818095354143,896.9446750592367
8.299810976848969,3.090979027619465,7.236323808849889,2.0722201150429784,895.0171004344754
7.748105490449556,3.662777289179469,6.120051867639084,2.7682577752525575,914.6540642538667
5.426973646961343,3.3010966934656216,6.422508796604822,3.2198053310547703,957.0913598685994
6.774574290666845,0.933636924615181,5.690789936686788,2.437785465435977,925.9141539391013
8.76267116217602,1.9330411096847542,3.8844113015319226,1.9252321154065184,898.2168519967353
5.923169955326246,2.2775246844762953,3.686117529530489,1.938537698728002,952.9642464275721
5.0,1.740322036492471,7.582809990208515,0.0,943.3054320273444
7.159340988328611,2.3878575434155955,4.968177724768779,1.4297645441349245,922.4250778472244
7.287363668958692,2.820576811668947,4.883248655848067,2.7460588162682735,926.5426776087492
7.7033451246220634,3.0028097519551404,5.745663241377249,2.7759049656118684,915.4146522896564
8.592777965271804,3.685870152221523,6.050402978329927,1.4123458735195773,894.2874603709012
8.456408718346813,1.6705588952751653,6.176862137334413,2.1316596941909887,893.2890222803525
7.8881547078658825,0.635966835160686,7.274418532880004,1.8485868623364097,894.8153668537923
9.293297082130064,2.3582345940144527,7.000736382657942,2.5516819029674345,877.3729812893606
5.221545328780028,3.883811031184802,4.689066775361178,3.766891810676719,972.6337666919851
8.256872721716086,1.523024140045941,6.46873457342179,2.566774862401539,896.8501914485314
8.439807545005413,2.6868469770637193,5.1159090817892015,1.4638580363440687,898.8824573937873
5.64065657087964,2.6957457924726427,5.362491255569223,1.9372643775274614,951.5859576886427
5.245694086976416,2.191442047344609,4.406010794048638,3.1215426024821857,966.3784015832376
6.3810868102865985,2.006924721043714,3.8069271461685905,0.8730584604925518,939.1666715437295
6.5076878362270625,1.0765707942786076,5.468438287367711,1.5079538676089128,928.8519891134592
8.630129195253646,-0.2816620724205774,4.544018083888754,2.5679711456053678,893.826928357798
6.5781918244633575,0.8881492933359711,6.427813678572036,3.035465002564314,928.2361647975682
6.215477222578194,1.6096958508883008,5.218921756479879,2.48717432181889,940.5774773935588
6.5825493949581615,3.097422687422707,5.808590218949873,1.5146440678261555,931.540921965884
9.177948501231317,1.8968719376486245,6.867525753915432,2.429228241061114,878.3951648841777
7.519565061565428,1.4809742810818514,4.014704818217892,2.3314342133892643,920.9825659681962
7.231123461964632,1.1090145580465696,4.775382611450313,2.280657413618336,921.583770659824
7.334991751948423,2.6568058285094804,5.68088362456585,1.9223410584301277,918.4266415584297
9.438090501489784,3.358357166430605,5.81252481582326,2.0423954465485017,881.1008038342137
6.376242410095138,3.0634357218674593,6.603497501272326,1.2740001115689938,930.691893870361
9.473262436410156,2.606149699758469,6.367153129040598,3.9841633799979945,882.992302068651
7.815744448382255,0.52438725361706,5.596933625730739,2.1255995525417517,904.6816826734889
7.259370927036978,1.6483257571562286,5.8034046705972555,2.4388098248406482,918.3710704497081
11.251350746901423,3.947304228889675,5.83107589099049,1.8256710268573264,848.1248482330392
5.916540765302106,3.121950491915225,4.0302876353262445,2.676248263503561,956.5873896737907
6.969471360649491,0.462496781765275,5.3436245226450385,0.9612536467502919,917.0962082486562
5.651353141254,1.9444094768007285,5.748473217997092,0.6035155715886682,942.5344114755729
8.928692955804255,2.363098432661039,5.958550858785107,1.9756227940606728,886.87141094972
10.033783400477517,1.23784153697378,4.575636559935841,3.6432442200941857,875.8113651343238
10.004884172106959,-0.30920402140884873,4.231202087471109,2.966656667631835,871.1173482759297
9.335923129719006,2.098824045016432,5.265467407481919,1.3532428562156475,879.4671888531536
7.203569298306052,1.2122417423795606,7.4673661110914935,2.4128699279784747,910.3583892282509
6.95213853376523,1.2161582609153159,4.680752487271331,1.4912084177355531,924.575101068085
5.0,1.6453196400692418,6.67392824735481,2.3411333499554416,955.9756915074275
10.553810302772689,1.8663240853451883,7.08473964304512,2.40351510099683,851.6132094020894
8.2034671172227,1.9909172059043136,5.545466526233193,2.7411832967185066,904.0909531409393
6.762064642695775,1.1160101010779986,4.820152065346549,0.747469042273913,924.4161435612637
9.492085333480452,1.7797904703659226,6.012819563658225,0.9875296089161179,870.8368273837417
6.040853224859998,0.2425766295972449,5.6949902920994955,1.9395435536760333,935.7603159755924
8.10993305133401,2.311039065368078,4.640896019809691,1.1740613314683581,905.1003858985116
7.241056298563748,-0.8562754133411574,4.841197173628224,1.1122223440120615,911.2632447058461
8.458015709820451,1.7105099195663804,5.953579852145331,2.217485903378347,894.7281317210214
7.404639691220818,2.919186153676953,6.433440408168548,1.2671715484429056,911.9266113742754
5.323608163333164,0.9406593127251734,5.177209798684612,3.8061255123107665,960.4000889864188
7.613364559005057,2.7164302036574,5.4308664351119464,1.5734672101648777,913.2800285692529
9.073296212813043,3.1557327121208925,6.16863857051108,1.7838143326338458,884.7028046730161
7.4561753912190225,-1.3078999524973884,5.327513115826065,2.2380324324137097,907.9286415158463
8.66267268238363,1.8486370964242576,5.2006730267041155,0.7936356950834025,889.5111808182243
5.93170577148892,-0.8757734276282751,4.744659180272774,2.4068036097322763,940.8275090271588
7.460608810095222,1.881791554429054,4.727315376625969,2.273174119867109,919.6670657936808
6.563234317367134,1.992828789018673,8.168882758223255,1.7205555876978398,918.6089959788312
8.620471260157064,-0.48254398591083847,5.3037983399209185,2.2191418460770267,888.6154822271616
7.547237343392994,3.9248383620798655,6.865058321512224,2.3426260102591754,914.0737320062254
8.535110514504918,2.286015807634625,7.1839933375190705,3.1481525698402395,892.6404870738512
9.131565639236799,1.1509765679179647,5.31641771050684,4.000209174384069,890.2335395095386
8.537427862682083,3.4653794274985183,5.868429808434769,1.150799209892262,894.5750248084116
7.909677651440466,0.20438677935768323,5.602478482033032,0.9621220720467649,897.6878039641756
6.002681612232892,0.7708289664816828,3.887817649341323,2.082199689046412,946.8781656027677
7.495820833999648,-0.2994555236698986,3.9480269877518377,0.33686521545650105,909.3470646850196
6.7003643969762505,3.801045196539334,5.548848466904273,2.5195321854604034,936.2586526733944
6.98390406494366,2.3323463714720036,5.075086461391404,2.0904646104582856,927.4940070738896
6.938198773874624,2.659401789848495,7.39158033839359,2.2938292794091018,919.2414301454809
6.030111637826633,2.3010012339184756,5.263427061305381,1.7571424519040426,943.0313510650702
5.0,2.573767761144585,7.450928997068125,2.2040126127747213,954.4429191367485
6.49778542750835,2.0780777138959894,5.023608603864456,2.3777916621150945,937.134632845213
7.790069177886239,2.2709213427074415,7.412200420608934,2.160018724533273,901.719121536902
5.477734431858765,2.1076034362229508,6.006424496947346,0.923921107629966,946.2114657640674
7.523523354707437,1.3914081944307215,6.063291895771197,2.137604661761217,910.412076491319
10.350402636466447,1.9533752347853308,4.988236043266351,3.483171748839869,869.404529171271
9.034584832878359,2.273594573261678,6.076917180403688,2.1927136467838904,884.9092808450215
9.965312263680794,2.1105491195521306,7.19271343308125,2.1096444902145315,861.6453839788579
8.086691815399089,0.522227892246683,5.355172505939862,3.2480301263126607,904.9356679702079
9.251264734479669,0.6550133313915907,5.160603184633382,1.4035075537881019,877.6882064248072
6.414052904298319,3.082841433916391,5.2532374611399115,2.7117421120694174,941.6698700432756
6.533489599467024,1.6930059541165983,7.1201116050064375,1.5758741175582607,922.6643128159354
5.0,2.5847253470359406,6.355351207001086,2.869266674676109,962.0426726354704
9.279218211063448,0.9078800902776036,6.947679990471118,2.638438523574051,874.1578060780992
9.810485969729829,0.52685412335347,5.813622710484269,1.670176909338224,864.8845964661677
6.670234131979095,1.1564033874682869,5.539319356777832,1.7872310989336464,926.7606752752416
7.119072440404147,1.7774349292285867,5.923944039070633,2.782249233134582,922.0579234266129
6.3692068294635575,1.3348597007155876,6.57015853441254,0.5156392790213458,923.3339524699154
8.073980327216237,3.293933523105714,5.252881757412135,1.6464567120842415,907.4229592402298
9.187398817954861,2.1795233015374613,6.868676993356786,2.4963339868996135,879.2522664094865
5.0,3.8489386185618586,5.865830557065877,1.753514582884011,963.6955009037597
8.11415779596338,2.404408154071417,3.0937218619698217,2.10789070416554,915.9505105062765
7.084992342421282,-0.41255081791981096,6.383493427105194,0.3670792434716754,905.4604159986433
7.670091587950034,3.0560416064585545,4.227694986738017,1.3164175234643631,917.8109440451044
8.188491002511437,0.4904483775300452,6.359172760673987,2.5435621377214472,895.6643161417858
7.217696341840768,2.230533667211339,6.401517998238166,1.3991940983484694,914.1219803273302
7.3446197198913294,1.225315942336155,5.829892597381209,0.9580322313423897,909.9735840119102
7.1791872486680415,4.142711034464186,6.043680898876694,2.8492868263636764,927.2315117752257
8.955474302682422,3.4395979274301354,6.598870787843987,2.412547243255762,888.0245827690738
8.128139940191245,1.258179358298242,5.004372326189272,1.1291733177463272,899.9671109473312
7.830875306606041,1.8726423318788883,6.293429659702479,2.110803075545679,904.8681309264831
5.5935724183615765,2.2445980696492174,6.663023302957036,1.1552417642197703,942.2464226369433
6.932130385180269,2.8634140715616105,7.260082597538478,1.8780327544995075,918.9881978634882
8.848003740508762,2.0291519123250126,4.394219713940297,2.1407905516203685,895.3290834441292
7.556544859685884,0.9751051006191331,5.908516064987769,1.3532028806396834,906.4381238543564
8.489297204383707,1.2824413607999472,4.5385108009385355,2.5938663468201915,900.9321909809019
10.14976770049145,1.9955182036232086,4.496077982298502,2.7178813618573248,872.695572607389
9.057909103813225,3.2344569787646913,5.85902777240598,2.2108524199198856,888.2369175002417
7.639737506549613,2.427837860536044,5.577455814796139,2.331185721232321,914.1213913532549
6.73351624470641,1.2265850733849841,6.645001478521985,0.8377369293050057,917.1058947050923
5.0,2.64837277770979,5.153823550405791,3.089749781474822,968.6275497275096
7.247422616290721,1.6130151611218402,5.365948563802989,1.9269400095548248,918.6248076503825
7.010981256274726,2.890408005186841,5.711504262338185,1.2517949078996673,922.4681692052756
8.085549291593063,4.527010418328605,4.6381711485635435,2.11666864996474,915.2556537805542
7.269142159537969,1.6411736290564505,4.776930154984069,2.5963759939111064,923.5286237343347
7.0194224108448084,2.801605159726371,6.616098665772553,2.409879653643176,922.1651150696333
5.0,1.2546066679622703,4.951044958718891,1.132247708169255,958.3999550199615
6.0900482562749,1.8877362328087024,6.682476566449686,2.6061103116139988,937.3231008480362
8.214976561200837,2.0295622868721015,6.107312580668294,1.951472734560648,898.4343898144957
10.073861446699041,1.8063163399556195,3.9524689745110644,2.400963345907297,874.9284025951727
7.353711924381565,4.463013688775024,6.030378691837788,1.35875879953496,919.3960882154096
7.991716610361185,1.6934069253216175,6.022479823094128,2.8367292715093217,905.3367780815562
8.928717235429207,2.586851538784868,5.9229286085112856,2.1461724210118573,888.2953185908132
6.283659095699625,0.06991313067656768,5.3581232736169895,2.951058651310584,936.091663415131
8.050221064928163,2.4319965633696103,4.559932544608148,0.7721055129151022,905.4297047797537
6.389264840501762,3.1420545923522467,6.84621276611262,0.8788647043079896,928.070493616932
8.797236657736518,1.472402657420949,5.398420411277164,1.807977722691755,888.8124237962796
7.727104571927599,-0.5102221410404129,4.616593839664632,3.174100015978225,911.9028258936424
7.94767772097216,1.9613482311726749,5.957468686088008,3.5702487181389806,909.9344517960574
6.326102103872117,2.017183850385528,4.757220029266743,1.2892589607401606,937.3474140084173
8.560548539416178,2.724075050744304,4.550913971714879,2.0424376252891783,901.5200845560372
10.627069381846525,4.010903035413434,5.124527387797562,2.124121580224524,864.3096088916346
5.988132456857691,1.6199463493996933,4.834602235681926,2.5745260904304437,946.9467232777524
6.990361488528714,1.1437118763397196,4.5877577480154255,2.70797013312999,928.6208078153256
7.847411211252138,0.8330821986285568,6.306411762261759,1.1084814456706655,897.8711870882615
8.679609317993725,2.1980786170315993,5.386172185537601,2.0516746881738976,893.988435204092
6.660680572065797,2.479354258818502,6.752279945515892,0.3931856609840638,919.8032886538916
5.0,1.4543446056374156,4.645490522270064,2.6486330264323237,966.0190053795008
9.538784241246038,2.7786827457257894,3.772438962363664,1.72910410534077,885.9315640702753
8.640759179376214,2.4653840768191757,5.648770349249416,1.0356943365583502,890.4563016459152
5.0,2.0432316896448905,7.3559789218064155,2.2660374479654495,953.6349737341408
6.588646812330666,1.0975852792558745,6.030986829362002,1.7041046055956026,925.5186125960557
9.852273644290989,1.518135684515277,8.715374196212831,3.009168824620979,858.3609267911856
9.671694627686799,-0.42975529768254495,5.832059120949088,1.285934291563028,863.2820632966925
8.907960034018418,2.2357870641980337,5.73555221128809,3.778364160048748,894.6449861692616
7.235831349060206,2.0263412887474352,3.3446373289420825,2.6836444343706796,932.2076228193638
7.624481128218765,2.1884789910894864,5.927947440588528,3.0301555305473373,914.7077303751701
7.30361129231081,2.50431901556456,5.668667760019291,1.176931038761239,915.8687583965462
9.192359674903257,2.385821486432223,5.092578801795463,3.4307675017070074,891.4705156719465
6.186236390257335,1.8896168193539646,5.36322113294093,1.0299620436733865,935.8105146015008
6.291300517673693,2.0486680431627526,5.431899425657821,1.83215064283714,936.9648622737387
9.015411880254023,0.5956835833038305,5.320070847067936,3.0437253019254076,887.2696249089895
7.433457816732657,1.416279354310574,7.589714963125961,2.40541525800358,906.0550741885367
9.567701033180711,2.050471053683461,5.129137972194991,1.0086704661632306,874.3733375860362
6.492731689529181,1.2641464240876394,5.669313723853858,2.9083280494741217,933.9288306260851
7.417832459491763,2.8601507958725465,5.096098916613793,2.27196356219403,921.4729814630452
6.116380522734071,1.3413679190449694,6.28343118664388,1.667039811156053,933.6711718508883
7.5110440221353505,2.2163054112483165,5.676763699972207,0.7663925951603032,909.6421025347909
5.282179594501802,2.116565656815336,5.220089426829518,2.347800423898262,958.8270794669256
6.768549868567556,2.74627759361041,3.574032054092817,1.8692577576268592,938.8114767376569
5.345619202607823,2.900791174028302,5.74330822528875,2.125047478997788,956.5734835813125
8.540884849786888,2.6940326109679393,5.190423726420249,0.7318389118635267,893.9528632028425
8.574884009639478,-0.10600620138313355,5.439259343112899,1.6650743533149224,887.8229207677033
5.0,3.1941481480131264,4.317542052754667,2.384243697233209,971.4144893413549
9.500828618250859,3.5273082241945977,6.933282172720196,3.5011716890437854,880.6203742261309
11.24612268962978,1.5178757156785305,6.356743175843872,1.8357747017194956,839.0372173423517
7.569009580104511,2.2366469126728497,6.930705997640632,3.1546392472544964,911.674141807171
6.538328609663033,1.1091683198692182,6.646979300780954,2.6298787366798773,927.0663626245204
11.736495886504569,0.051621493267848706,6.092317302127461,2.1870279730026785,828.3616690819096
5.521547252546234,1.2612847344576137,4.357717491273557,1.1901265730671085,951.6920900291644
7.530159700303647,1.4598609605363897,7.343387164071858,1.2236171651752348,901.1271471957665
7.769433408947885,1.6451492686481846,4.572364849112489,2.4940326965652795,914.8048101359476
9.517721430678622,1.041085909994012,5.231592375925039,1.5788035407158296,874.1312557016724
8.039608462690182,1.266574833182761,6.206902280626921,1.5077098249871201,897.4536113225794
6.752049156317323,1.9889936783715922,6.256540787187405,1.8555117287725653,924.480767025767
6.0732234444180655,1.229773016889858,6.072236726944558,1.8689353357286462,935.8956493195651
6.987267269630797,2.543524332550028,5.09971151867091,2.7206143809549497,930.2502886080144
5.989608958582284,2.6816606513974395,4.893068372644525,1.5956018413918316,945.9679775049489
7.5717379796770246,4.380387746164489,8.034532568606137,2.640992028819453,910.560869292996
6.65370573020927,3.125679932123462,5.460686061500167,2.3517641072435227,935.0280927217023
5.258943310065375,2.2431030583284146,5.338228615361164,0.6608032101103589,952.7873368457014
9.382718682562356,1.3797357033323214,4.786443509061247,2.2356061303866457,882.1003876045409
6.7534912148564405,2.293747351673999,5.744670349070958,0.0,920.7819013916608
5.597794792537031,2.326595959916356,5.69802280057807,1.2838213906784106,947.3622291376136
7.247611298268688,1.4866869109943393,5.483773791295705,2.3704614772497985,919.3708548997208
7.602557348951488,2.7837313967528776,5.881726646787886,1.9914855197925,913.1273411325072
5.0,0.6019019853181247,7.263537502442354,0.5856863152307668,943.792610245339
7.997471500688644,1.7556001644624895,4.904947293709101,1.1046705864211617,904.156524211781
5.929263646964603,2.555858459317407,5.54308374220212,0.0,937.7812018667141
10.066543213786181,1.712415852407903,4.852151547449444,0.9259493943645729,865.1319635031913
8.285940768115102,1.7932455965707288,5.7946983608256275,2.4632506794548403,899.8126020772243
6.900150014836025,1.8622141388077196,4.931530498625581,1.5540536491398829,926.4122499275148
6.382248344523974,1.1643987593122544,4.97455700856581,2.135956433381246,936.0629211726824
7.342548438654564,3.173900931574208,4.040476625944374,2.010915505231597,927.6861720089373
8.419186112374934,0.981962328077185,5.597794782819674,2.0260664563996684,894.3600346828568
7.461758807122201,2.318159327409885,5.929769621904978,2.8185059384904414,917.300364060327
7.174261789294715,2.4136478982823735,7.360476353192295,1.8376714862631807,912.612731241881
7.587555436226843,1.0513780987910333,5.969502481189846,2.728534698447925,910.9067763225012
6.594211603144568,2.0731042543807434,5.050315876702681,0.018125285649998046,926.4250822871838
6.985191109735443,1.0903678272552977,4.140320912313911,2.8891407654752372,931.3226830022712
5.0,3.3910424750559454,4.278712994334522,0.9679375263121781,966.8757206796319
8.960589346278551,0.861217063023787,4.204371660528028,1.1416482215373427,887.1424369277189
7.948196670482643,1.3461029057680356,7.378042035449381,1.4363060084069952,893.6643319225501
6.339816233949855,0.7757749916444194,5.78781049692637,2.8670841766651494,934.7060646017072
10.348102472032858,0.642301273132448,4.917033780738107,1.2885601206842736,857.9565511407417
7.63052472058858,3.5912152908822934,4.540140394846736,1.4752889766109165,919.1781530155693
5.945784642037205,2.542774673912562,4.643892159606079,1.2306498255793767,946.196665807311
8.785106132205687,2.140293425700544,4.890700605493621,2.20431584068755,894.7367417104911
8.097072324763893,1.3434230366530784,6.816255216255152,2.594886667910134,897.8099966806928
8.09186997822633,2.9076118110467686,5.470056552942251,3.363459612608505,911.3897621455329
6.861366593022614,1.1757775606325471,4.052533582726051,3.9198539998294173,938.1065764836334
8.175743585667052,2.793639294330103,7.810459274730372,2.5201446025503755,895.491725231765
7.1073625646683585,1.1274887233943638,4.3598388606341025,2.2925233494954944,925.9136859936134
8.333912177468763,1.3554922981243283,4.909164690076133,1.0261282143134305,896.4706381592398
5.0,2.758282386117921,6.810144387633882,3.5274425229847814,962.8605226402748
6.849189805531216,2.863827344155767,5.915149632609067,2.1723224874671567,927.8807417690596
10.083232646712293,2.597472933896761,5.03007700037579,1.768748126473891,869.5987072354588
6.34939881689955,0.9503258842432052,4.268633073906165,2.3100254152428428,940.0067419737466
6.59424255376022,1.5532731342771713,4.533309891074973,1.4909194180840952,932.8570497864673
6.8280579923250375,2.156898741198513,4.593503880923534,0.12986274856691638,924.8491652090726
5.677790796167035,1.1507190380899084,5.5070317978495495,2.4574423367468814,947.847584940262
5.0,3.3709627601292933,5.6910618172813034,3.0739790815471233,968.086750833758
7.154120402214581,-0.40194694395054587,5.351345371368658,2.4455381081607572,916.7355743306805
7.703789136122485,1.221260484630847,5.460786186075671,1.9943366959986768,908.8531155641051
7.421242397192022,1.4904334971301683,4.449276804805679,2.0106174019130885,919.6235604619919
7.2826821570781695,-0.8439436647717677,5.793136106223889,2.1378237981730295,909.9121306888954
7.564561306275581,0.6037708697638091,6.780518636836996,2.1133233768708672,904.0258317305828
9.034262207326146,2.6252895125420683,5.337208318250432,1.9514389460155563,888.4386148830395
7.214330721106175,2.030283636552964,5.3177132935705265,2.0202743035750808,920.9759935276043
6.638876134369095,3.5731360220429025,5.583001052052849,3.2440101923523716,939.3027164257396
7.07831177266787,3.5452264458848193,6.618204859759391,2.3778185714772264,923.0154153004103
8.369020139635163,2.4330463786039465,4.60527700056136,2.084117587219651,904.1728041709378
9.618040317814874,2.3132382490007117,6.950847335732135,2.5273815170367335,871.3488039355776
6.557784391246233,2.0659311085789005,5.921222239435238,2.5274391894265946,932.3675484870483
7.648400680543325,-0.65508201787949,5.528680695698868,2.756798370215887,907.1689932142137
8.00753616290394,0.6054404866739247,6.71323883666432,1.3944708705337119,893.4298773757033
6.011132989906765,2.100675503098934,4.317937926123545,1.6155776750817683,946.6953486362099
7.530625750819377,2.6160257087476717,6.0220455362447085,1.3491540366445984,910.9554140349455
5.301489213986857,2.2896698121381407,5.930309564506618,2.6133783387949534,956.6363073410713
5.0,1.1075350322843422,4.564544935606207,2.5742967795256204,965.1512728093396
8.050119611838385,2.9374062824694955,5.960638122953821,0.9814057019821028,901.1070006875341
6.924187888003826,3.4824440287546365,5.783305179380486,2.312670250256258,929.3468883701884
7.803420611431829,2.9379896002913397,5.3212618803100655,3.097787094294299,916.5432678595138
7.473157534487475,2.9895993295904706,6.3628175552303325,1.8117338890204107,913.2028004234253
6.035399927004304,1.4407742020447891,4.928245747642335,2.2511786191410437,943.9293631180926
7.432118547053495,3.075934122700799,5.770321245843369,2.58438856225954,919.836382885574
5.6503480424777175,2.1457586393276573,5.3683262175446815,0.943553408481024,946.1474947816054
9.586458537002102,2.511555528522005,4.885303176992332,2.1215905271928817,880.5847681244804
5.466044482710054,2.365431842824709,6.002884685118771,3.017692951793177,954.9535314579422
7.206322093547128,1.878512894559589,5.292264252650848,1.5254329465886818,918.9790418223282
5.9365926179291275,1.1399975248776981,4.026993541290453,2.665972913807063,950.6618696732886
8.355631760041193,1.9178633364459536,3.698933895282016,2.021729285711295,906.9668783017026
7.0028529430777455,2.9867616174828227,6.289057468083202,1.4603962862930606,920.9785571299543
6.721999920568185,1.5585241946870905,4.279399892773169,1.9227931593484675,933.2826650319898
8.779802317577332,2.8933472626081462,5.779384493400606,1.5790976607310145,890.4782211593449
7.544145887516328,2.7370706706176717,5.55495189362815,1.2893487665897072,912.9911647695624
8.27496666890395,1.7010626029801696,5.1314682230291,1.7965241820375133,900.3633273407954
6.028011095223803,3.3888001036195767,7.45666845721534,2.054741049908898,937.0138742975455
5.392774584108739,1.644453328809294,5.679674018460446,1.8671564939609053,951.5277554946488
7.6608119430602,3.5095468626126314,6.255633482682065,1.7877011350969276,911.5720861338585
7.021730466757903,2.4341269815409725,5.784816215339809,2.1807967063724796,924.1101959431778
8.439652008680916,1.9841340815464865,5.268460576882519,2.4251247799848388,899.7913292250895
7.380137321006176,1.1121986196623461,5.480911249764058,1.0847238137282083,911.0914152538091
7.807613008851945,1.9117397698649587,6.958542765660484,1.7980833044955138,901.1537980256791
5.064926205088135,1.7962404865055797,6.58810529260043,0.42116727200492066,948.4459361839776
10.332655409421385,0.7417036147490945,7.451986431688601,1.8702533127726373,848.8975678860744
7.253637022451953,1.7823845772823328,5.721642092972884,2.120423236857297,918.0475430617967
8.546380455508798,1.1961968199029143,4.623062934299252,2.45582400973235,898.7231353267783
6.24586249467056,2.585991768978782,5.059483055640188,2.1232838451970437,942.1238943299844
7.9620148533260116,3.3062804757282027,4.312221808201409,2.4385405152433988,916.8605855639868
5.545732854712882,0.7730843237047593,6.267044128875277,2.052179985335422,944.2086285116543
8.178101757389506,3.7123077283669224,4.914083683922752,1.4595852974540207,907.5338140509871
6.966038873421251,1.8714489656148703,3.0,1.1072518652882404,932.5319965073023
7.543785755903351,1.0249786150614857,7.963775698329931,1.789597834169176,898.8810222220943
8.546961045195147,2.757754780208183,4.929398861511684,1.3869790372744344,897.6685177087827
5.65118953316958,1.5535455217449519,4.923409074514191,1.904224708295224,950.1221304070815
6.4732624040808044,1.9182633239685059,7.171611692660367,1.6064983972100564,924.2874536247199
8.185986421630147,1.595721755787921,4.2917485492024845,2.3352648100512385,907.6332705959265
10.647332211820121,1.1832620681350998,6.636605886533166,2.0391640195657876,848.6963948106481
7.292876498007777,2.7239970324019036,4.912557556575979,2.3579954690057985,924.5907993640799
8.3867041768859,1.7136985971058127,4.176204555403141,2.3539077786196487,904.835707149688
7.33954279521228,0.5633482078207541,7.2057177613781365,1.8562615650268564,905.164950940363
10.41336839213445,2.5510601242159328,6.423096947062527,1.9053309240629437,857.3592358865351
5.0,0.7944176489762447,6.420000984515043,2.4012835906570893,955.0061956198931
7.641931567004037,0.8467398273247413,5.867655546788774,3.9567511445393,914.3669929370793
5.061683949656908,3.192606204977316,6.09910163307768,1.208695082451534,957.6055729611767
5.0,0.8036601007897881,4.267841975251956,2.033401190391568,963.6709989245386
7.946193079676725,-0.31644485692749047,5.611610857244661,1.0434333222207681,895.8155090396588
7.709246694221188,2.6228614849614957,4.571236999549155,1.9832701203536707,916.7573078303406
7.072744593386698,1.6961365705188696,4.111059480936945,1.4607512770765005,926.2067397591228
7.34070886494037,1.7823448788618836,5.910953330708032,1.9040748711582718,914.7427828570502
12.147449151106887,1.6854996066498,6.658149555659545,2.1242482671582867,822.4117978119767
7.112737292952849,2.231669939018727,5.116631175771936,1.608487110060831,922.8306825630261
8.265186541875112,1.247280758096932,5.287987107665458,0.572993059050094,893.9998377652353
6.525952770579178,3.4761148745657646,4.36184935491696,3.1404285417222457,946.4254336421087
7.942848862560905,0.5237695196906016,5.507217146087898,2.6714215838394475,904.7634566788779
7.142649487416573,2.444874916677123,6.260076112388414,1.8955526168713082,918.6200223637361
6.884222275905405,2.642121003876584,6.291527736727773,1.2842136014315506,921.5566538905164
10.228347798300486,1.240348239166622,6.045176175630933,2.068019672226422,859.5062665028843
9.265777444776509,0.9762655547221817,4.881568832805464,2.2887910600331267,882.9053280956097
7.705119971098846,3.017174214170156,4.849870956572849,2.616009452607687,918.992339810733
5.0,1.009139245983285,6.295404473240933,2.689777731520629,957.2578408569798
6.958486165121146,1.393336059249433,6.311998932216731,2.840541044249477,922.3855825838529
11.554541346607625,2.8873089624597466,5.328005014568107,0.6073122484040163,837.3351012046821
7.1540075000404375,2.034741233539024,5.073828092434314,1.7562854287830847,922.2624697060753
9.154826358080488,0.2028563323708954,6.6672470934457,2.794480656489302,876.3889679646354
9.662913602928901,3.747059144553514,5.140051335186754,1.2610946378896282,878.2241353431577
7.828445873783963,1.4699892412200342,6.245932224523782,2.9754140617453384,907.2271321962793
6.237267552197771,1.5972427100935827,5.3631568251419015,3.4483020921106204,943.0421352360243
5.0,2.2557842523263654,4.452467218963,2.9530034555673286,970.2848383505232
8.526244812913433,2.625076797004073,7.112312140023702,2.529272325682572,891.7824523438805
6.277865995764678,3.961104291291467,5.620063895731477,1.6419950181097214,940.968097803697
7.764225677831538,0.33993185059430364,4.7892560201119165,2.2253078429982978,909.2519169379248
5.625269490615954,2.825952208925946,4.109194332224796,0.9231242810235012,954.2906628180087
7.102143689294697,2.7430096940500768,4.209999201763166,1.375111468326595,927.8020427994945
7.55057858235158,1.8628350891258834,5.1270885959053984,1.4313572139908235,912.9502351320075
7.902890371566447,2.7872736948162222,7.425128883533592,2.0495780591727577,900.5903137690929
5.827766718971379,2.9342740176365467,4.915338121325758,1.6862581876573672,949.9167217302589
9.295366423142028,0.6180372150129956,6.947454832346205,2.2092799652960515,871.453364859936
6.604657822902043,3.7497665058808303,5.369236331396916,2.702261459901807,939.4106767352687
5.0,0.44123774686185824,4.318849608898318,1.4322179657029905,960.1862534647826
7.3364648700548045,0.8646837187612268,5.026788811549604,2.118880874349641,917.1718898711994
7.55156296353969,1.7382123263759037,4.2190120762625565,1.6672248081456509,917.6842114004314
7.7408841497576395,3.9249405131870567,4.644031548036146,2.1521299949257453,920.0913157290554
9.54319860552762,1.6917433702466136,4.614251938124083,2.5489380785694555,881.9522480801758
7.145326744896211,1.9680661099491894,3.5961961325187337,2.7369886326737696,932.757112689023
7.320570563446843,3.4320786039045634,7.012796068814726,2.536243295434431,916.94821016381
5.84522342815036,1.6996818574345274,5.711017030222282,2.331188503143195,944.8467486598048
8.730830254331845,0.8215632870693244,4.8137215943818985,0.8638293815843765,887.4383587259691
7.776463596117155,1.5827651647616854,5.721757746433389,1.1349872563632886,904.0996709946621
6.869958409058756,3.3707918338057774,4.664519606357938,1.3406573761596072,931.6305120775746
5.0,2.0708649970551365,3.0,2.28689616544602,974.044967077243
9.666618292582632,3.9306582590562598,8.45669163322655,0.9671960700875684,862.1517895869523
5.658480053315914,2.737934926262155,5.689599876677059,2.270017862534286,951.0889364746746
6.613082985945441,1.3551910636065165,4.910986960685235,2.2115754057061188,932.8786106709175
8.037516766614004,2.051076304465078,3.5660851883225666,0.45144871558425215,908.0317841267106
5.70516310707497,1.1467818818581206,4.00585020485744,1.1299177425859583,949.3695782086223
5.259735332620284,1.33156696935123,7.154491929554905,2.8351004598853997,949.872180896096
5.0,5.0,7.001938548798467,2.5579273187159304,964.6164753737104
8.581495429358453,3.0186245100338107,6.253215035998948,1.3196848022440526,891.3479249438798
6.682220632910517,2.861097989006673,4.384922961590187,1.1721112116684398,934.3735215532051
11.890905138709995,1.376819684691936,7.009973987977011,0.039722651937135645,816.9318805613976
6.008467401553689,3.569584066281079,5.9497826179443525,3.1770381501770517,949.063738621243
6.1178234648566185,3.099415601792937,6.154924448351535,2.032843494744836,940.5076321982854
6.651910544571898,3.8816212893577706,5.946170944443247,3.5069792442761605,939.2104551653172
7.864701982707734,3.833114148398449,3.993012815373896,1.8466631304221945,919.4230088493498
6.794694991822033,0.5209107119024781,4.301839049253113,2.2260714391116685,930.0594482127865
8.418498321003767,0.8901605107300927,4.989781833591638,2.713038777142877,899.4994977790373
6.0321174150170185,0.9962121845363636,6.143639707533113,3.311074148944728,941.0413192695853
5.4276124223046285,1.056059356667563,4.119567917756854,2.4008173267875392,958.4778641883166
5.0,2.3234523642603904,5.32465358505581,2.0019257743506342,962.8799568063614
5.0,1.4331965479041824,5.3233904898369495,2.022366128892291,960.4780545903902
6.722896470787415,4.0725985407625185,6.292739689327577,1.163331518234452,928.0930292645404
7.048529531410167,3.9046798820816377,6.174671535607662,1.6944937065074792,924.0927015344108
6.552844458775225,1.9935384059209602,4.489774070947867,2.0409755876920714,937.1040449756072
9.365108695780743,3.95532621614979,6.946686169487302,3.10551510008141,882.804763885723
9.342045314412204,3.4881346272402016,4.3367601712497095,1.6559654452149257,888.6741094218215
6.9977955188332475,1.549293440822741,6.59223944190075,2.8501237163790285,920.8220788696885
5.0,-0.009215344025561567,4.949855101651602,1.9345295909889124,957.8639130459674
6.6499423379174205,1.7820316150392705,5.663925953433372,2.9948468476659507,932.7965153105476
6.600267909124408,1.355377868921527,5.725987460104305,2.5413779951783613,930.5546055971556
6.514297556582913,2.20650562514583,5.697707440708795,2.487356290281082,934.4588419422644
6.453421644152632,2.089228286874749,6.17449919843457,2.783061327996423,934.1468712065675
6.519805656412789,2.0630176588992284,5.891459497933533,2.666527929028767,933.7216312896471
6.92018757615336,2.5236847413791645,6.283649129870538,2.8510507165630594,926.422531723712
6.546688351776665,0.7874780529163214,5.964619960345136,3.705411167392452,933.1873071516857
7.812483762938388,2.411360277569708,4.235544741074156,3.293515769079143,920.6820927987451
8.040553073857291,1.5603838469829938,5.769799074557987,2.37313938733197,903.5076965835173
6.134032369226265,2.199982199863687,4.936130097494667,1.6466025130370772,941.9273046651589
9.40659798901055,2.9574098452321897,4.390737522092716,2.29313423175266,888.1119807369904
6.0299065472390785,0.7756002267789703,5.2101601073227,0.45904341947318184,934.1980598754562
5.073299079276994,1.7187063473304307,5.683235599035091,2.66318929000082,960.6218464577896
8.071167107047577,1.8814657659711358,5.749675027987784,1.1519734443411114,899.3849336287802
6.273887798378491,1.4857310284293592,6.5560247451402685,2.897985020779605,934.4558657318759
7.981937206136082,2.8998294961329574,6.8073091189715775,3.584231226952574,908.0158450211255
5.0,1.2796116411995284,5.836280830757356,0.8392525258520727,953.2634300120947
9.588683912224601,1.4445996005576611,6.0171063770094095,1.9597564830339302,871.7016615819708
8.508440112060603,1.2900808670479353,5.595309033175655,1.1484697178660555,890.3064598809315
5.249285176255498,3.0920554114388015,6.267225463649584,0.6173520288508054,950.8540814609164
5.281834314230571,1.5075558875877832,5.986988138837065,1.9149426790368986,951.9580546021061
10.008398856146291,2.4600453908835562,5.445511906142196,2.508133629678838,871.4259346550882
6.393930144753062,3.975705101230074,7.6519825670043,2.6035203434552354,932.9784932811084
6.248722726901065,1.9251815796494147,4.953816636558181,2.1231406500522754,940.7178497450611
5.0,3.1120606800331574,6.954456956708338,0.6686143547091496,952.5416698481167
6.973832691597669,3.671354084093128,4.145707073673063,2.098703009962643,935.7694271353845
7.158420577746371,3.027191560040414,6.313616536451455,0.8059615870035703,915.6491019155842
8.573239645154228,1.9831986840222595,6.936568351726837,0.8584093935537094,883.7191070370435
5.401382357723287,2.6421077589986135,3.59278092899208,1.202544089394752,961.3828014866882
5.219569811639086,0.7126214068646546,5.638950573055094,2.839848953102736,955.9573331695013
8.176443952164716,1.2199568418500482,6.215414041244044,2.436204276545235,898.1928266954613
9.010095106840597,1.3953248183680809,5.751963604128067,2.2580725583060803,884.6685864137149
5.143271473323175,4.240612120174282,5.878155935606963,1.3099086553305321,960.4158935087324
9.122271129449611,1.187415485744733,5.636223162376663,1.6897796931588855,880.4261889509646
7.556312762230232,1.1725232487381705,4.405752173638408,0.9039019950743501,912.3096903007552
9.137708008611968,0.9560790197510165,7.8680455921554415,3.0914410615136774,874.3298402502309
7.394669457723575,2.559811761930761,4.996462136684201,3.7578064060562335,927.0565137970759
5.0,2.142621392668883,5.934161238778906,2.4452787312585005,961.190500805506
7.272048926525942,3.086758977026565,4.853160322914572,2.585403368808289,927.1124525429357
9.090215728006905,2.671259666077354,3.2241368099793015,1.8728318886309046,897.0595003867306
6.1593809713744285,0.6196101532759326,4.575487126251031,0.7044381090733087,935.218720888761
6.918052546638822,1.1927222299896294,4.052393307724862,1.3248281674982456,927.4466495563619
7.235799744673533,3.3653287482758216,6.5915675392244895,1.6276923608531952,916.9176184817418
5.0,1.796701755423195,4.893131983955545,1.691795191589796,962.2632122849514
10.007021363156214,3.1875918180180127,4.985908660820037,1.507685097143773,871.8968971061263
6.147936480154238,1.850319052084683,4.435669287396264,2.0382026468572536,944.4770232843638
8.258603148709199,1.0323435717114786,5.594035398715103,1.3198647291743875,894.8778521875873
7.369948295777687,1.696739222333294,4.783541483638719,3.734179296495703,926.0105432128889
9.38642858453904,1.031950204450304,6.492354731246788,0.9077007880029979,868.1887668290638
8.109084183642121,1.4344472375975763,5.8020393230891605,2.7098476352180407,902.9842923278003
7.147613592718538,2.200925706565246,4.928174214275552,1.79051623187049,923.6496801829292
6.15972736122108,2.5116050903690206,6.350233051837019,2.370238476209479,938.4351527238746
8.696776052073208,0.40980867674570187,5.507940523023238,2.4064918937421,889.4335580522214
5.0,1.982631992490902,5.521496905689951,2.1256345840965243,961.4739433004305
8.468835630413839,1.4133842644402477,4.037365096268074,1.0933034019203007,898.4263403295878
5.851432872667691,1.3515851910411876,5.428913867214686,1.734368199703926,942.851671471736
9.37842549293496,2.1326846191330766,5.821544639317999,2.1352762177594746,879.0945208760276
7.741949313994042,1.449548127310788,6.833566822198345,2.0851470682272955,902.7346434054912
8.466185651775163,3.382137994846674,4.748106370096677,1.1814944201743791,900.9915765047033
7.622983220737079,3.1880618762510604,7.778108623385512,3.032969967233253,908.9316479083958
5.0,3.1818282939420395,6.056868316828986,0.005141259265855291,954.4419887513125
6.208906254906992,1.505089804509698,3.980588123966193,1.7999000897882895,943.6094377708815
8.508584006417074,1.0375011650806778,4.654801885914444,1.2629449958515049,894.3982923462829
7.749983726039766,2.0820299293881157,6.920999164216819,2.145732333087354,904.1686443641299
9.271484857958509,1.8496516337137328,6.743229142962394,2.813380684803541,878.530670332727
8.104911844555758,1.3911768375766351,5.518093481560503,0.8744247910583374,897.4337486015824
6.04994716394601,0.8242655533330385,5.649917703057852,3.882884185830756,944.6528954964747
6.3059037934190485,1.9584820307319284,4.335389726274029,2.1614789095662896,942.7654936245602
7.654376085784856,1.5959305497475267,6.821442740235342,2.3053791920763747,905.647552890627
5.0,2.6883470370380196,4.5122329132255325,0.8481965317220697,963.3838962848434
10.010162828434478,2.6651060515214793,6.344741111123417,1.9627462493332195,865.7549871556594
8.162620104566336,3.1007998054227173,6.852042368665138,2.7773398572143138,902.0062047667399
9.34055189557331,0.7407044481199618,5.548155554219509,2.167937257774942,877.3081034243932
5.129094088786246,2.4010583076936327,6.467611366122199,2.112156458981534,955.7906318019842
9.366847740532883,1.272534293766328,7.347639708025694,1.9585123450572894,869.1561439869901
10.847248366541622,0.7795857891889153,5.767968799210738,0.8975999266692629,843.6442415450426
5.518682466934024,1.5713977630512899,5.324698183568054,0.8930330631492371,947.008942315264
8.65710269235565,3.068704980134618,5.433147142448483,2.9354617013125677,899.9053601332578
7.50166491703094,1.6276816464295158,4.7570120973279115,2.705829364754475,919.6658433210747
5.183349227627634,3.565454659959112,4.734416207263127,2.8242169379738264,968.7383745129011
8.239325957777805,2.5488785155203333,5.942406763825703,1.341743964956304,897.9290043414825
8.750404807256022,1.605909521019423,5.336050177850716,1.8739457910648651,890.5914031644376
6.598310170996729,3.160048428906409,5.827569176851266,2.9854401488009157,936.8056066172907
9.248874780382835,2.4453967721142855,4.010063850147429,1.0170757401922879,886.640310929408
5.0,1.0674406115532946,5.40738117481286,2.903905926042613,962.3463668882324
5.257865780325534,3.858802635580515,6.5301178500904635,1.5307843259008858,955.0092255286454
7.7048960933831285,2.2594788230864764,4.381075723023982,1.3158133596523962,914.2257021653304
7.538077916958407,2.018796191985492,5.516526414134551,1.9744669601547904,913.8273613862633
6.425139767363842,1.144467330094384,3.645390689101589,1.1063984727105625,937.5601997921567
8.71439165395783,3.179538267607738,4.194537977726826,0.4824851244023527,895.783470069357
8.296341471323924,2.5172754273613065,6.3076608876780496,2.060823749319166,897.7568882954774
8.787208606401023,2.629238180295241,5.19071570668705,2.427412616305111,895.4966413405249
7.315295346971599,1.4924686564742315,7.3220728655385425,2.972232138110044,911.8185588269065
8.403870401967511,2.8341005719100685,5.9324431104243125,2.485579770537189,899.9656474019587
6.831524545455008,2.911813593570802,6.030595664889325,3.5723177478661645,933.0143555609262
10.580728035129894,1.3312217612188775,4.423517950105101,3.0888599805891865,864.5437679201876
6.281181344817021,0.583009860319009,5.114894623155547,2.590463001349292,937.3588868640394
10.657946144187468,2.581373059338924,4.767363817952388,2.374895060284794,862.3406004244496
7.552331920634113,0.42665305039426027,4.434558260449414,2.984081746458585,917.9070764725417
5.436733665646885,2.1520157778377795,6.163893126096135,0.22958231093717418,943.7828209994746
9.552119025732901,1.5527548952126928,6.36451586576868,1.61595436698964,869.7891237483885
7.6888520825924385,3.218665210788921,5.898937194167448,0.5132151624314314,907.156529653248
8.776686147570357,1.6071561092327928,4.671932806774013,2.5304781059088794,895.6364942024327
9.33578387781389,3.107272972003804,5.830730035097463,1.4057888980712812,879.8503515021742
8.006933331217539,1.485790555636974,3.5873215985343436,4.415722513870435,921.6718380079942
6.611638732780778,2.999991005059611,6.82300926870804,1.5856593614633758,926.2751541995452
8.963570066503875,4.060341543836832,4.201849824362563,2.0850905319060185,899.5338847657372
7.501133261181893,0.9319528616337596,4.379541017561537,1.6781867726498672,915.6670588885713
8.528786727912628,2.292035721730908,5.615292269570192,1.608935009484898,894.3434757062367
5.0,4.748782415910065,5.704159560242045,1.0027824929349611,964.1651118589816
8.170472575514777,2.0665888269029216,5.427251401548215,0.9758804720472201,898.8985492613007
6.542121262282455,2.0617882702296484,4.389872059017703,0.2564055981816118,931.3198575462903
9.979964455767796,2.7884989473510196,6.633347993603293,2.4363698422427507,867.0808008287161
8.434631021833642,2.041080864094754,3.8140507989307495,1.6602825867776154,903.9613936125033
7.859786618773945,0.2927740054294474,4.016731009551555,3.546902580834117,915.851486772241
8.229464990025333,3.1322873748389384,5.393017228045519,1.004687852746203,901.0409416631336
6.002338720684922,-0.002948413865192734,4.235766018155612,3.1810516161239564,947.195473748134
9.934885035792082,1.5832083488616582,6.7226252762759255,3.257807468281217,867.1971258749144
10.487055627625356,3.2074257491566485,4.321785364587085,3.021634533200385,871.7436616844909
8.089370265822325,1.6434575713572142,7.0570271522103125,2.187837848372414,896.1565402179589
9.885605352860459,1.306303507535596,6.535122165771574,1.7294354198244788,862.527508913729
6.646277701991199,2.8792639051665607,6.735055735507584,3.020854157549828,931.0419493343535
6.304329650662529,1.1488852131656135,7.387105982953246,1.3668294857298542,923.3894211085915
7.561387123093384,0.7777742804080463,5.581227924095765,2.2165660763565764,910.5311057098027
8.152411557551847,2.2745139874932834,4.487025404180042,1.9650016431822985,907.8661770378428
6.909019978135319,1.8170767015874092,5.3969921242313585,1.2868665098431846,922.9630024430528
8.306652285552726,0.756326885811158,4.9333343945910375,2.222437577827443,899.6438823548021
7.959584223110121,2.63695253999487,4.790808727486278,2.5934706012744098,913.389281090667
6.002539837063417,2.464487605577234,5.650853436806832,1.255337432448819,940.3320662177387
8.278189526177583,1.640244983394368,5.188295785792254,2.36809614969268,901.99570058969
8.795292363782282,1.7086679938750535,4.7477903156830035,0.21677745008014915,886.6139328829331
7.757203976385586,2.4703927420091567,5.254597607412742,1.1606757271518129,909.2022366199692
9.228972154892539,3.190361419752066,6.048978464203705,1.6341234216976352,881.903415550275
5.673894309754572,1.717206789890675,6.456417206592696,2.285869789572893,944.4476683889151
8.201925633197778,2.6546884930081447,3.8970760868090104,2.695451799707244,913.4664410092631
5.744578940404837,2.565200217084599,5.196798913671458,2.06625831293107,950.5391062896673
5.828877962650369,2.8793072927089765,5.358656794525295,2.4532765875919975,950.5345720526609
6.553603749393315,2.0393091987434655,4.3174799777723685,1.8715344773844602,937.3884692850073
6.086909724638632,1.087674485933642,5.380294266959301,2.3237985143266386,940.1542530694106
6.678006271888293,1.5375008468000306,5.647995609540028,2.2815272533029667,929.0128125033758
7.1787745339332165,2.3428534657816478,6.018834545280991,1.5927834994925953,917.6589288209288
8.755731729497077,3.8184643783815932,5.57715802563167,1.7156960987621823,894.9555101152471
7.018261441941446,1.5159803768037214,4.619050590002445,2.480101737880975,928.1473156525773
5.12156143984561,2.804787443527399,7.512030027571846,3.4496702469131213,957.1761478766209
9.21010176974274,1.67194354932324,6.329126771621598,2.965454865047456,881.6678821953329
6.244364799577441,2.110468755886136,6.052719744649867,1.0967071551060799,932.3876263611547
7.411919359343057,3.5153967492635925,6.504831257010936,1.0995346086192714,912.4990602456274
8.169804760411067,2.7642925814204333,5.7446091718104775,1.5714949209853892,901.597536215664
7.799415627604175,0.7587007272590431,6.786300885521955,2.0791370703020755,899.9357351394617
9.141269321282213,1.4275249761884092,5.556871950285764,2.0386050055794556,882.4093413596432
8.21850471508914,3.256221344441359,5.501747460274184,2.992224221542679,908.4786182641973
6.208035630454338,2.141878042628495,6.135228478791204,3.0360906446774205,939.9818217843036
10.767843260987494,0.8511598803841365,7.076357546290923,2.0045324675324077,843.3546496008721
7.79150019500735,1.1810475550262791,7.012048615289308,1.8178427389113008,899.2395679790413
7.278989660067741,2.703493522711172,6.092847598259995,2.4133971458300794,919.5096353016831
8.945888134583356,2.9944102812176303,6.0166118585768,2.8505610560412085,891.2977273674379
7.874176418895108,2.0178553014821743,6.196042411096486,2.4419494479820383,906.1525896345807
8.09884228940899,4.475313800936102,6.485620913336597,1.6547633572874332,904.5552413636987
11.238275997901031,2.8241523634556387,6.798731939413242,1.5101969106341417,839.5612805223694
7.08731785761743,1.7565189303670996,5.26341591599615,1.1115170252274202,919.4465349885039
7.0233586589739065,1.184293951900656,6.818061289837392,2.1547894780762022,915.6915409295877
7.674867768018696,1.0251156953609586,5.842995114071306,2.4984960786557497,908.9420104370771
9.107273903371558,2.3354213204803695,6.15093162249995,2.5878761545035656,884.8555981315577
5.240198954714401,1.5112229550865932,6.881949321533995,2.9214082958039187,952.3251860022613
5.0,3.673743753983425,6.2470622500906785,3.184247680529546,966.756306982262
6.619327094069779,3.4663118029178595,6.4159955631528405,0.9000274818581311,926.7752488442944
5.049115561411069,2.6330665474972275,5.110581466717579,2.323809946745062,965.0230754069263
6.862752978711542,0.8210038270431044,6.99831154374968,2.3514075915045405,917.5584828353765
8.253749544193935,1.327781127447595,6.195686711076125,1.940842873265598,895.3047601056156
6.163876704671605,3.255677525741101,5.626065717840498,1.337324344044578,939.9588745618134
5.359760134827987,1.4369338002048981,6.601074386893103,3.1557038677894163,952.0717292838948
7.604005742573022,3.1221417339195243,8.0878304977605,1.529119591162052,902.0661816903137
8.793815226922755,2.474603923034761,4.331075498178065,0.24594491245364902,890.8245957323034
5.0,2.051717884813187,4.696267377076718,2.0160578280881873,965.0963847157101
8.730348597458976,1.297167187064559,8.185305308835884,1.8097090664913926,876.6150605804343
8.72595930560749,1.9057561564752483,5.926694842304374,3.486157818250776,895.1335926594442
8.931127653234942,2.189647954874898,5.690869678631568,2.3917551633550005,889.1349286459749
9.32772032230753,3.0325388983011217,5.384614258337835,1.7557898025350143,883.1682672954994
10.803020886989424,1.1142643993662453,6.70843600097144,1.8425159276855407,844.5425410227015
6.965861927071417,1.737183157473885,8.111247308810288,1.8332771937297991,911.0942003405308
7.664357370116787,2.0448231319322847,4.834811459266654,3.773706699650707,921.4143250910295
6.875342350127962,2.662678357686165,5.403123272810666,2.540387094510275,930.5832216785728
7.502965267133717,1.0915356624772232,5.149272871432134,0.8742718621807914,909.5084030047774
9.799310033454468,0.6834302071127849,6.232864976819278,1.804448041519212,864.0793282278333
5.482478274103997,2.67396515171005,6.722393437650575,1.9810940415995932,948.3068072246119
6.208425491751637,0.48205088505329674,7.120932785333117,1.113945437228585,923.6097473974096
9.565771404756841,3.2849797147621684,6.26671828262028,0.5736356342023281,870.9454298207576
9.030054760353135,1.844073902517092,8.019332791243617,2.4764507054294755,875.8184467903692
6.955302529774383,0.45246891772555364,4.9252470167925875,1.3562936034096769,920.7467748032492
8.78160300168108,1.519579780596506,4.6654594475672955,2.9990172948479854,897.0737696622427
8.01182376373805,2.3791236330692374,6.969344293316209,2.0065555460862674,899.384768598256
9.750411913501482,1.4672989124450222,5.622832319596337,1.6205849437906117,869.3285080793721
7.611764390740159,2.0200297488243475,4.124059676584719,0.06661307988352361,911.8379884925007
9.038448170808874,2.7400783657052865,5.183937028362551,2.9778542797023455,893.2119934018796
11.46301786573893,1.7978096646123805,5.755658654097274,2.2348214661162413,840.0634797739245
8.3971487325712,1.0629423235338664,4.853751762092645,1.64144422494611,897.0248694799039
7.5739922486922655,1.701016002628159,4.4853393129054115,1.2877668899358379,914.5132438472076
8.583670477831468,3.4148401364592598,5.292370863474124,3.279272967225004,904.1705040159784
6.952078712694172,3.685064345333184,4.435466579638288,1.1486242394617152,931.3306280428475
11.081951558287098,-0.01992617394227514,6.135131038980232,1.7050820333578782,838.3446528233942
7.770106556543972,3.091027909191477,3.5561951531071534,2.4557960816456506,923.4092398767
7.09060001966173,2.2501477160353565,5.590424927965422,3.1606133120186994,926.8647573677008
6.246466492469946,2.92398267912015,6.019509888108303,1.826944234369776,937.4891464869562
9.145830287409657,1.4495117397323705,5.409458760251623,1.412146420613966,880.7408958575476
8.80078111924161,0.23173649049851397,6.5932228970708735,1.9146086331557453,880.1258736345567
6.75396844287886,2.584488788647462,4.129438765795864,2.723576530365869,939.2267251147899
8.364677017683634,1.059022738717283,4.7989104986238855,2.903515908210562,902.5678262720479
5.237166047680716,0.6117075685151476,5.16996535374911,0.8998726807636948,950.3125631068036
7.7774558626097345,0.6815986175265336,6.212724569409307,2.0919520963016076,902.8438736488466
8.179134528115043,2.6009137824153346,5.718507586046121,0.8525876728308808,898.4152130978154
10.060994714338834,2.1394524660291974,7.643365982742418,2.7073737367818183,860.0743491745952
6.3437717959069655,2.782466021874674,4.694214103026107,2.3379071204665225,943.3478437062248
5.582471056796513,2.6690752544963647,4.105011101419349,1.2630514952394165,955.9330082443204
6.156858058612437,1.5790664354162343,7.289088982933061,3.2273164560409313,934.7093889104535
5.49514724952762,1.9295264261225442,4.069141416067617,2.26801078400591,959.3991324194557
9.504986036638474,1.4885624712174605,6.183062711399045,2.1801539843733027,873.4292802270843
9.822958942536054,1.7896722271345091,4.521329957978031,1.8567108141232325,874.8789291064752
7.980324866923244,1.032745262018934,3.430681649152314,1.9935696525322746,912.6207261951223
9.331942418527722,2.390484293874335,5.125216206186768,1.6948139988617696,882.2777749122911
7.700937570870353,3.0751207489817567,6.39949996247716,1.4070332030269972,907.5286367612122
7.357332528448851,1.1833869701790134,4.278228911526926,2.983304470084315,924.3693928077643
7.000443571419358,3.2812696454013426,6.076094728144831,1.6058059282674542,923.3762494495511
7.034413512933652,2.113521496477942,6.262863561186451,1.5788735698146223,918.517727754801
5.178297665536453,2.2410789764058134,4.228309858480696,1.896564727880894,964.0398537109759
7.896382145411009,0.3005704803924818,5.272238711287629,3.1396115846838466,907.8393288231867
7.439499134678934,0.19273769043426592,7.077074822327164,2.9049327149578503,906.7710060271054
8.618041086116813,2.1441163627796818,6.150592619963743,1.6841213043460104,890.0611960197184
7.640285244657915,2.7897321246320077,5.238507535423979,2.981428340446942,919.1159004638272
7.255944447646362,1.3286195563550476,5.91529548125392,2.0864961363426713,915.7119234753723
6.193210454988554,3.6700939005830895,4.814736691529552,1.325259785593572,944.2972883066353
7.608229855232642,2.7349359742543156,6.6136956783850245,1.6190965215972748,908.0967502166939
8.607355846224243,1.0916587482920148,6.613260064602139,3.0986030954269825,890.4340533825523
5.784991513374209,2.0308486670535073,5.6209059150860545,3.6662762108552904,952.2765606315506
7.6312106305211085,4.476929133723412,5.7307061564576935,2.255853407002562,919.004105601917
7.849564427294226,0.7574359972002944,4.501203124994327,1.5467702706535849,907.644738960124
6.422902824572604,2.5282699389151055,4.147963572932171,1.9000660258608428,942.0780955945905
6.618215542638,1.6772554472766577,5.123395256058469,1.3900446544488636,929.637911778713
7.845916273149322,2.706896290918512,5.4125982903088214,1.5065892968614005,908.7641281054737
5.799868472561066,3.267273646318382,6.562627497387989,1.4279617617625446,942.743939774495
8.024885572874089,1.6137629112886325,6.4224277506183105,1.9365250020010742,899.289110834106
6.1569684395112,3.118912271707174,5.684832888359093,2.0965448291663416,942.2568260967838
9.094280539549825,4.221203394271961,6.690538984372787,1.8814710874545686,885.2216056023896
11.00674161808245,2.066274737344235,4.556513821185597,1.8229416523827433,853.3430660992076
6.208864797447271,2.784888687494185,6.57733688727837,2.608393298804555,938.1135607512981
8.301311793562013,1.409559229796725,4.709571285650532,1.8166328600596426,901.0966386520263
6.409887142676971,2.0192593090312125,6.739694530064242,1.8679873514930123,928.7291660011607
9.061431260696684,1.8233249072917574,5.486653535230019,1.8587517831791152,884.6560727369924
5.602112386372177,2.7969359256585955,3.501713323462263,3.234630186361015,966.0640181852285
8.220880137641569,3.204675935756925,6.230157164031442,1.6070283001394023,899.750589764401
6.190516549665971,1.8903451508825406,6.3095457595007804,2.477036885553228,936.7156445797546
7.189523116352447,3.533622845732923,5.043419945511418,1.4012978448500313,924.6046030116534
5.953462087279039,3.5300474415616288,5.1287404216059835,2.2799558651402103,950.4572303964205
8.733525706343631,2.846853743179901,5.340454720115396,2.43698655343067,896.4416193357059
6.24452946834062,1.4839734682782717,3.5748481873737283,2.867407429442191,948.7457494315979
8.327946388997741,1.3881711832600971,3.1352718269048565,1.6925854645659482,907.4005986990154
6.9838529576065005,1.1876186453099613,6.801625638130389,1.1088299481398547,912.6210791987079
7.328291442301706,2.949166070238161,4.675932332589423,1.3728117413915402,921.9957268405885
7.721633861100193,0.7882317925106357,7.355264109576364,2.771633258509337,901.3952744967658
6.3572629925117266,2.676837654111007,6.8704018011389145,3.6654012899893385,937.621209817716
7.81555067031133,0.9188906521758871,7.067195314269739,2.667562729610175,900.9653375945755
9.795501846531616,2.8235461198419736,4.849701047532845,0.9902884561693186,873.5241225147932
6.332857821250928,2.0172195827305606,3.891598813069419,2.64052230489027,946.27369565397
9.257715214910768,3.3336385618598277,4.4131176934056455,1.244967127182767,887.9276290290322
9.747146450231677,3.1414545783212713,5.053545272847089,1.7206859062950084,877.0797003518857
6.275767516457934,3.4350654120021114,3.12677026714936,2.1497848614922352,953.0222746358749
5.317418092364172,3.460818718289113,5.024574310875833,2.2842950843767715,962.595014874362
7.952941350257647,2.1436308339881975,5.298321972488889,2.052353675736973,907.763579413703
6.67888871584969,0.8412069335753953,4.205579028413306,1.5191102823603295,930.9247849981297
10.302904828744504,0.9474769450026215,4.459514901754168,2.8479666117394675,867.5771223644235
7.552211310749748,-0.08684852931593756,5.2794014788191985,1.577946876082192,907.3173077257796
6.296700887947232,0.9163341665719065,5.856286548310301,3.0036101962895914,936.0896332894714
5.779260733482433,2.068823657704649,4.6091773319997555,0.9124960873682666,946.9495792134338
9.134857438636246,1.440345819174838,5.792252609576269,2.172424273555538,881.9676601399606
6.64322403887372,1.8198643955901486,5.636846007987855,1.0190792294147744,925.8030953369248
7.565743199190642,2.492715419461401,5.546885859018391,1.3327338944058904,912.1066033581058
8.933704117668722,1.6959347419342419,4.847985876143423,1.5895902328532656,888.6449026835055
6.773612472103755,0.8781711995874157,4.166620403964617,3.2164843637847795,935.761442620563
7.431106756889759,1.9467663324365678,7.19645197990074,3.0464197328818616,911.7920720891306
7.47514738526622,1.101509513227155,6.130305916457426,2.6993990100457568,912.2813119817952
8.524986767274138,1.729213503020937,6.505731653060738,2.0266286001734923,890.2571580080424
8.38611650326549,3.3427769644230034,5.416370315161077,2.1504471594970744,902.8681222378322
7.169829403117757,1.7294946959038253,5.3359745577398625,3.013183329465085,924.573223595701
7.595473592244777,3.770957553347745,5.990659680725388,2.561044228965439,917.6256797744658
6.942331482714767,3.4316359869379696,3.6653116495477542,2.0144067386966054,937.6067927226167
5.283581389620833,1.4206946914209568,4.385356530646855,3.189337264013024,963.8715510967374
7.886401286097194,0.8888762335842244,4.702225121971627,2.6516236289308117,910.5015938527467
10.338287641249602,1.9474458380798065,5.045433577458238,2.1939358926712145,864.5513991465563
6.174421288963406,3.153327763396889,4.620304320529846,1.632818575801215,945.2532184966747
6.3404554355959455,1.5098090937713118,5.8328071252507465,1.5606061973655896,931.6727981913214
6.193908342534388,2.908090298262139,5.581447234462836,1.7310597158397762,940.1026892636836
8.586887668084684,3.208439989136088,6.892864689751377,2.3655927086095883,892.6936210119983
8.17272818129466,1.225974349637394,7.973759157112562,2.6686262527462454,890.9670338430503
7.262193461375315,1.323948911711413,4.237149759851567,0.8445665235591708,918.7660601664243
6.122971407541552,2.7126620321270067,5.647305213968445,0.4427210578790166,935.778011979718
7.6385651874598866,2.1518475496415705,5.645525878206974,1.2388081547262941,908.9930131786655
5.153066808996293,1.313938473456321,5.485801930235338,1.6738587092997228,955.2466211166128
7.71513985028624,1.6478195518804126,4.415175429034498,2.956757760524955,918.2743884585647
8.807286579131901,1.9294804472725808,4.58280255435745,1.7756654656134496,893.573163730357
5.623201295049483,0.43514557504453943,5.7404056119161195,2.203818679177514,944.8378314575843
5.201222584755504,2.7656431064826954,4.554649926692764,2.334323609590137,965.1879658591884
9.869156837542288,1.521307811060809,5.659271972167008,1.1811433118631842,865.4663700641277
6.582360540743123,-0.7837162237980988,5.254050215454395,3.1679110655026164,929.444821339588
9.203921768915732,1.9761290316905473,5.641657903121282,1.4681552912160643,880.2582835303938
7.269003502203253,1.2584287411064925,4.546699529565566,3.2478331647730245,925.9573376071825
7.257067774588009,3.688822192302677,5.657469242334536,1.8990591988290277,922.7776215519759
8.157619049244968,1.4145549790800318,4.61904741652341,1.729997361909515,903.8819137751465
6.1740017148803386,0.9023566364213891,5.660695608656918,1.111368653074959,932.2031999280256
7.698745715243469,2.507932669962016,6.839396122439157,2.1578282329588645,906.7343909029304
6.927765877763861,1.339552631992417,5.76098385001607,3.8035059152287514,928.9513736189273
5.519259834892453,1.2205437987477676,5.821870382383057,2.330870632321602,949.0562257436618
8.006223112089598,2.509501382824406,6.317206517497548,2.216349497559124,903.6655687977699
7.105038289683126,0.9595326921104339,4.096441655526737,1.4667170993686733,923.641117934334
7.264462757332939,0.542726341800547,7.218921573723012,2.473586998889424,908.7389575252876
5.684758584878763,3.725998002094337,4.44441000738763,2.126094245698359,958.6115888067436
9.887100551644206,2.5794987376006446,6.379660997368937,1.9497324202068218,867.5943121827273
8.815071279579174,1.7357907150056349,6.2469099872563225,2.395835827462808,887.4569081321129
8.946233826257968,1.996522790298064,4.597833638495239,0.5473232169440858,886.5364653645626
7.041832946337477,2.505864358116156,6.508886136766762,1.9195804060838575,919.5977873319335
5.0,2.9733374496134206,5.997812766413309,1.0423777239050365,957.9934272535263
10.429376073734266,1.244024708684988,7.389978644402257,2.023118798655955,849.3570352003034
7.408353737991198,2.366146525965682,5.693378751341293,1.4206404994933162,914.3267407451862
6.376800305969919,1.4932958237897616,5.391456668477402,1.4753281195510368,932.685756753643
8.125202361724671,1.8110187554873758,4.985237472081796,0.9332469737714395,900.9243028969803
9.250681182004946,2.1606928674649044,3.7566447286488267,2.8925319769974567,893.9674840811485
7.4654241658718,1.9933214269473278,5.18177243524884,1.457802801385697,914.7422618932152
9.417862751909063,2.735566898302572,5.224101605741123,1.5006091010929965,880.4601778501253
9.124499907775302,2.487086559115594,5.762058182557435,3.2244920569379345,889.1348131182289
5.885428218896912,0.4918307906278223,4.076896889117535,2.454365946213267,948.7859138198859
6.489314841510785,0.6421767929345579,5.260987788813121,0.3722886095904143,924.7217376098821
8.93630574491965,1.6302833152407072,6.076251392022115,3.1082881373774525,888.3514664921573
5.0,3.828625262441825,6.175509675492517,3.3183125133594427,968.0198670408696
7.275816460252517,1.1484081674983977,3.640184823862673,3.243500870605078,929.7228364343132
5.353753197562993,1.791777290387247,6.206406608653224,2.5345513944089046,952.6979896224724
6.785169297849713,1.463653973043478,5.253426086878508,1.1186321920551903,924.3223260952469
7.051769866456194,1.44595561591192,5.314989122501446,1.9606195941214464,922.1601021228091
6.962633433138738,2.1782397439050554,3.135484630144162,0.8412437580935681,931.8317302790524
6.671608121831087,3.4007772761956514,6.993571162557879,1.3071871555983439,924.4488878474593
5.854284525556778,2.455968399880589,5.676798885011295,1.1112906208298188,942.4093459544952
10.937866900228029,1.1964690385729078,3.968539573477293,1.4983756358483846,853.7240726220637
10.301193006242027,4.753229510803207,5.875201574916466,2.1311631121691703,868.9775598729469
5.756901269615575,2.078573220961126,5.844478440847024,1.6440704406675895,944.3699729609765
9.873175126955351,1.4227790436178867,6.722544152932989,1.6097105957680173,861.766789275443
6.900801764290721,3.4120963746775894,5.190311230709122,1.7672844442212252,930.3141869792485
7.6937812099975655,1.5309293820561816,5.511996068938586,3.1995781436415056,914.148611443764
7.405089060154626,3.6629136549874426,4.857192199762093,3.731004401880643,930.4882652246412
6.510377038119051,1.1293572090333335,6.097948613992738,1.639443056144648,926.5111608179805
8.97577851540922,3.4300303889213692,4.71650965832495,2.2688593619975657,895.8386913138991
7.6888297958649865,2.2010476642816945,4.6070094829197705,1.326977629954683,913.3524514681117
6.785172865171138,3.291052232702434,5.432202462220079,2.6141210438852065,934.1526092709863
5.543115834299291,3.9017657087015443,4.274136228696172,1.6188399504578057,960.6413229615764
6.15960747942132,0.8673927094787461,7.102131218539235,1.4311161095281624,926.8601683034465
5.037929826596855,3.2757718207583224,7.427266727741875,3.6012698126525575,961.0038420242819
7.518335322622754,0.5910960955745952,5.046409914578184,0.9151446056067154,908.4566529359383
5.705001611573406,0.9528156447517717,4.113404993442835,0.03773811624962087,944.2683782465314
7.101659231222188,1.196590540207563,5.836592038902062,2.5878641969192007,920.4443277380913
9.555152780415556,2.5036366361778613,5.017897482031076,1.705897271237487,878.9820190567658
9.298949359382378,2.0330158769348596,6.674681132528032,1.4832027365968623,873.901903126021
7.451584658846073,1.832863915837164,4.7128534044700965,4.185327200352516,926.8788645251742
7.369372910785275,2.146235279022361,6.044513222428443,2.5841812580661565,917.13382808358
10.319811824131513,2.591289589293473,5.6139935893916935,1.953188721995619,863.151989880435
8.281134180538066,2.668248123941353,4.8237384893865904,1.4336546882178414,903.028127972311
7.008290310185216,3.0941668356151313,5.740049828491942,2.3566302790653495,927.0639586375568
5.360972824319322,3.8200348127674397,6.378532558474849,0.6137178966445203,950.2766567738913
8.090809827247115,1.9786376275585231,5.586848519055397,1.587118848822559,901.6665726981042
8.743985658874294,1.4789110378690837,5.597284665126258,1.9703208241617636,889.5002483136375
6.552522713229534,2.613536129185188,4.627216572146326,2.1707934653575482,938.683637965007
7.936804132707048,0.8557451837353798,6.644204797904136,1.8860549305647125,897.5935442257171
6.954640057627456,1.3212958678883886,6.5445465781431835,1.445431005016883,915.9849721498349
7.223951401201496,2.99938094639279,5.089440811313503,2.7365297165292306,927.226767550969
5.0,1.8758716251822958,5.375711540517004,0.6786771486407019,956.4713021637979
7.167327894425797,0.791807541641961,6.914220672690327,1.7776609023879248,910.0686166337342
8.954053953612082,0.5101969346348258,4.3664291789525445,1.5856555501432088,887.1827888748498
6.552896166650163,2.048716679393807,6.104288391358781,2.8094744800341327,932.6083548817244
7.5787895523229745,3.1418965369680096,4.941386226868872,1.6328935245365082,917.607323621269
6.366073939962119,3.1285457775311865,7.278077876751641,2.350130845421848,931.9290920540908
8.040662514439159,2.1108805028928375,5.563446728665337,2.26643743692753,905.6041538115793
7.17521520369574,4.008909419096128,6.760378518140042,0.5319053263143041,914.9787821950755
6.09113768897699,1.8951796340595373,4.738672651538871,1.947482092072299,943.9121957169074
9.498827201497692,1.8614323766025893,4.251471317675732,0.6058113425801979,877.7094869500703
8.893398020298322,-0.5674359097389998,5.265740542798888,2.2810281747633856,883.7093819203843
6.592639854107738,1.5526370508387843,5.762683457946836,1.4157427728182645,926.8888411208675
8.246682464126666,2.8520150349084945,4.989268317983587,2.949335661479518,909.0502590967188
8.306118004230571,3.563961336859704,6.258307426274968,1.8553855200976306,899.9605618537345
8.463451852516764,1.1697653663327154,5.290046432189571,1.3839549582366115,893.1030374502152
5.0,2.4622523292930483,3.4185628382333944,2.9598870929559333,975.6941467867384
9.009909811548942,3.0468790323232877,6.052811979193001,1.3024878682333174,884.3261491719521
6.645451555611403,2.011208153195899,4.6174629408528425,2.715756049078112,937.3472816406493
6.963258099838099,-0.2832804575272303,5.138402618323481,2.3740229392145062,921.3408400251841
11.4568226283903,2.247289999574252,7.053131203539356,1.7076547019203163,833.4384536054381
7.952810071081518,2.761430624060893,7.27281172412109,0.9312177555890861,896.1376796526421
6.920516286829237,1.0525771049815411,4.924506564907189,2.993330033453874,929.1613193855047
5.0,1.7458454691256131,6.07778663063184,2.400371245887488,959.2485820611238
9.584646200919533,0.8445039578712359,4.947725509577356,1.3824415833918646,872.9275057760406
5.482185493787096,-0.5701475485803527,5.213127021101397,2.1956845476756723,947.0775440242527
5.994841644750744,3.0270044117876562,4.894224585101448,2.804929518985989,951.32748120643
7.002971551368226,1.9962514661981483,3.7756563196035153,2.0896150353575096,932.2408367806174
9.624617687550439,3.597674996704983,5.595055223733709,2.1907190661224774,879.8620923879827
8.65985997999864,2.857322191906177,5.788165386946167,2.8256029950432224,897.2048073797047
7.26324373523961,1.645790238334551,4.8289982546888615,3.229810219442541,925.7654734215197
7.962438095458231,1.9168193398955913,6.587791711437109,1.9043206600305593,900.4074187799167
6.599421460693342,2.5661773907701724,5.06391978290478,0.9300457077372724,931.0329387936281
7.709480534348026,2.9668834167557434,4.862788175140985,0.9579389491391632,912.5428346702673
7.610005117167205,2.3226706307420115,6.026503118108106,1.447205749728087,909.004521770246
8.95315484352203,3.1055931452894843,3.957318010027471,1.252086778864813,895.1021588565973
8.950767183658424,1.7033312633255284,6.406679031702806,0.6540248831194524,877.6199396764179
8.240966073308467,1.0028564532143136,5.097830842605637,3.4782600025052393,905.4602143321337
6.956478663680847,1.9351907464388698,6.48928607639409,2.422479409821067,921.5551221874026
8.61273344158519,2.2051848907361835,6.788130525829156,1.580961922532007,886.9819952383829
7.36204730069543,0.7984646052607132,6.140153442357141,1.9739865260864171,910.7951528258232
5.877128446930301,0.6632779158533779,4.688026707271689,0.5708807299972465,939.5703083991037
6.895068312133592,2.4473862964734274,4.249168293515595,2.9258575183269935,936.4154945648048
7.626790475676486,1.5936431486295763,4.065927336664764,0.44031168676502763,912.0293588963685
8.865323675497118,1.834159094337998,6.602910701701311,2.4080222253154107,885.1865914242188
7.22470774176427,1.6403073342991765,5.365199887799816,0.5292622762013597,913.9275696550792
5.686201933140591,3.5206009017632116,4.900778205469152,1.668793523904592,954.1884138129979
7.585112524945229,3.2617611603950003,5.367917848461108,2.9941510978167134,920.9046447620549
7.670184060084829,0.7626463099608318,6.5806212089541685,0.6928383266865845,898.1498296408502
7.77875644335413,1.467206786919553,6.278739785359551,1.8810328798250882,903.9199394001461
8.879807273931645,2.850004267969593,5.938506155708855,2.5022165405817494,891.1912885194245
9.028384860134848,2.601936237103242,6.137886057426405,2.371335600275508,886.3216419690019
6.6086836914275,1.9585420376702143,5.680172355496949,2.05614879982269,930.4888877068279
6.575784812926585,0.8623997950357647,5.802113057296425,2.3966108098705585,928.7420644040054
5.93970193356679,1.3174599538464542,5.721025231151047,1.511340835516569,938.9266778901587
8.548223505420715,1.4832324324537103,5.4999387543724465,3.5462366842663977,899.4685465433597
9.673230162506574,2.2769943311191008,6.253373883831282,0.7115057176865316,866.7093458711785
7.027377108136615,3.703727154697238,5.861282106200394,2.92965659546302,929.9775452915549
7.13785415291251,1.313119765211872,4.619284968893042,2.151595629426813,924.1337775368835
9.700173835348464,0.9739647524447599,6.028874385522654,2.4936873850914796,870.2463795016994
8.258336779822512,1.8914135231720568,5.7472470663793045,2.6356368140669915,901.4618497146167
8.154353557201583,3.031738980514059,6.111413468915099,2.4445028827705944,904.1730536851361
5.713625241039409,0.5531170332392967,5.3957930863849715,1.351182591552823,941.915728428291
8.518092103919129,3.4536341508749477,6.3117403137671575,1.7709842484089748,895.1475950931094
6.106295489235363,1.8279686378843305,5.438591449133843,0.8387282663529347,936.0635553122801
5.798969721097563,1.2656799976866262,6.223879686600545,1.7612034191908619,939.9910465578284
6.979842634849931,0.39981071323784056,5.043528484049489,2.2580151958467543,922.9478079594446
6.621310914826965,2.7065207734206274,5.112745945901048,2.485702620285363,936.5773550410837
7.167600458422441,1.828828804758465,6.102052523210125,2.313147475995409,918.7254282163946
5.338527548212622,2.170705482754507,5.1682266062552555,0.5959282068558922,951.6542551105473
8.938224459701509,1.0991882589886361,7.705782694748161,1.5502608540634175,873.4608411386672
9.191529441774644,1.6809039657489762,6.066444986779027,1.4702004085059779,877.697450778551
5.0,1.5134187536452621,5.524923486154201,0.9518656534053134,955.782484342721
8.967686708499825,1.8994068946217924,6.319900776758849,1.331253279116992,880.7750960442846
6.284207055267561,1.3304476736241895,5.019319590023483,2.0010233442956076,937.6396685286053
8.78546330547418,0.46581903931277857,6.423014819233018,3.1310308166227423,886.380433366266
7.397330261000376,4.728499745296607,6.395235216663533,1.2375485366328034,917.1780082335591
7.5431633461214975,0.6365957526624859,6.75353405777955,1.0969084519954415,900.8598299848165
7.222353525868172,2.181459006942539,5.059190468651423,1.5204220450843569,920.5912293767063
9.31819380635023,0.22797217157595773,4.277266745862255,2.2699731096688884,882.5826471602913
5.640617981212458,0.0029525633820250974,4.889845360797452,2.9789663122868344,950.146716955283
8.411760508102512,2.0978264918522673,5.218369484027253,1.9307928738480242,899.021321851549
9.151995247334325,2.174367587768303,7.167211600851755,0.8432970032383909,872.3589048775412
8.574510120810617,3.2614989908023837,7.695012029127749,1.0135337373759596,884.3122335048557
10.987048371485127,2.399546841015706,5.8446623046439825,2.1506251109279555,849.8682816728679
6.706579855912952,1.8501892812542091,5.5093906080186,2.796203515740845,931.9128535259879
8.935957233890298,1.0503997559349958,5.150092169525789,3.452593539873026,892.3275301487319
7.340864046987869,3.4990120682335486,6.324690350210867,1.0540793320778112,914.4435373832462
9.350109114529005,2.928851246050224,7.688581391991518,2.111819505027455,873.0735305321822
7.488466506417946,0.7536705222515754,7.285850891188272,1.1761239702038404,900.0232382628409
6.918186327206295,2.0379637282106353,6.637976612605834,1.2810986595322986,917.6167488805137
9.459108305807444,2.144052231526497,6.623302531113857,1.213350614180127,870.4677987530112
6.762657091471605,1.6543463433943308,6.332309886254115,1.7325910681803727,922.5402021992477
5.380911361649166,2.771850485806795,5.452709354291465,1.2941767312220236,953.817750471417
6.724729675239257,2.831733138348177,4.7634517774592045,3.9830768455467735,942.1975585967899
8.428549419882799,1.809514302194894,5.479185910672059,1.6322593733714623,895.5813160776205
9.588058127380638,1.7191307542023415,5.922339602131353,2.7902224886875944,876.0092421429517
7.666694062944768,3.498958462667532,4.046366101281705,1.4723778602921611,920.5332278093966
9.477295600851038,2.9328388923622373,5.347049270633791,3.7865924238945823,887.8372670423021
5.46273761778361,2.0723603899083844,4.674067645408726,2.271251985135063,957.5996086306211
6.835104802773145,0.37079096091994646,6.513841161068141,2.6695453836224177,920.2529048774946
7.067137324268848,2.3440001063050357,4.9502915978432895,1.5271379923152495,924.4631034666319
7.328160858791221,2.6980834649176684,5.8282203319809875,2.781152484081901,921.1785235906766
7.626141582375295,-0.7545216283983729,4.7999797070644235,2.2679112206543346,908.8753753275726
8.53636643608829,2.2518694483180255,7.097699325960916,1.6968179632998364,887.5241610073223
6.832789742744264,1.5833080132042645,3.7992430634654144,1.1360868508562951,930.5973029818679
7.708543030429689,1.7791457198704483,5.9758403768439665,1.80996519122434,907.2403289514764
7.432315664513922,1.0926190472366795,4.222742331560068,1.7414852171020259,918.3599089476967
6.111165144163275,1.851810709596358,4.9906673495151495,2.695222621269141,945.0285051742127
7.329499966377847,3.391991576181331,5.706186703684505,1.81420090752187,920.0600163267663
7.2845107051543225,1.5536015011844844,5.755357031316837,0.4627650373724117,910.5117248158364
7.252379152495431,2.9655735587931837,5.729266841095413,2.516944038802545,922.8116390058698
7.547639184872176,1.1936687811203899,5.6517491409755,3.0345332655506336,914.6620773030157
7.613510310920079,2.7587561926560387,4.858155738126557,0.6671460119772474,912.6869969766637
6.8515572313390045,2.001655855621951,5.335946676911189,3.4437844907168436,932.8543815921095
9.409072100956898,2.3520248287892804,5.531634016178915,3.117321442522681,884.1377457854762
5.745779056195476,2.0071532560974874,5.695360396758883,1.495295467893623,944.5175404349116
6.418544837295156,2.6416252324412084,5.434319527193011,1.106272314545883,933.5409476334843
11.669945436335334,-0.5675851179337581,6.229590420984454,2.8423819655401736,829.6715178593593
5.943012967516156,0.5801746865424304,5.593386970150942,0.9042806563695458,935.1433208101457
5.469367987935362,2.4170804980086444,5.701325967621614,1.4653275374260748,950.6632627036308
8.601715117501827,-0.043538353896235726,5.117347651688482,0.9478962067949712,886.3271341160213
5.0,1.4694196443527907,4.4475580733855775,2.004726247584725,964.5861174075166
7.147089135041342,1.9456591589633503,5.654028930732471,3.1721481146977024,924.7116876005083
10.718737387614732,1.1718598623871033,6.707446043962938,2.2999334674810616,847.9771020010278
5.182596116769899,1.3084385973062265,5.9438612307304135,2.8144595989782597,956.7950908998671
5.0,2.2715822001535924,4.682506058785208,1.7185580195722527,964.6670969978861
5.251228197063453,3.009294955779809,6.314740025818604,2.0778422634894764,955.7991205613698
8.847539352520478,1.0415506187451924,5.164882932206043,1.018849788280376,884.825109847063
9.187165079978719,1.4249418038126298,6.214653980480287,1.9224912571693475,878.0578436124697
6.7311168045322365,1.268739026672955,5.131204135103839,1.4032239122747658,926.4109030455472
8.524818606001602,-0.4213797518772786,5.85330643982737,1.8717837612989825,886.7178850674676
9.585382991267984,2.1417117903175087,4.981502663375653,1.8167903419056244,877.9917249445936
10.181019621644738,2.9347177458284923,5.006947503529665,1.748448097588788,868.7528185798867
7.130497078230228,3.016643207315882,3.9337346329042604,3.686045599944138,937.9194124821164
5.0,1.1292336235592613,6.0120748191611595,3.414035722169541,961.6046267871017
6.26868161638547,0.7483019514798575,5.870169634820337,3.1329139052333943,936.5584353054128
6.859793707597113,2.0216055475916845,5.926442716260943,3.436047173997806,929.982253373133
7.111591805132414,2.8292736865664674,5.775330561131811,3.1354421194222937,927.1366235850455
7.21821089848692,2.154850448310384,4.737749966676697,1.9820981327118616,923.8061777475707
9.178341896896004,2.289304635873761,6.46589926449358,1.9000723159686495,879.3818380873304
9.411642640031372,3.1418309277362333,6.49277930009227,2.188320200416464,878.3682825839207
7.242489519112825,1.2608634407692967,4.711762534829417,1.8314520650276693,920.4208098391939
9.147727314077727,1.7800299133269701,6.032123991349958,1.1679636948540386,877.8240038014162
8.036492049946634,3.6346055117612015,6.374991185367977,2.2372842044376116,906.0507854773532
7.596758959293858,1.803188876902373,5.029901726656279,0.7471031331573352,909.8313609500855
8.859816235664946,0.7326630340334288,5.203964310755648,2.1101133123650877,887.6127353585696
7.6083780723568735,1.330643903749705,6.034113408211786,1.2041816919390844,905.3275928914525
10.586716765646644,1.0618201487787577,3.989670230585699,1.9351689037034396,861.4064081236185
5.342383249808162,2.357162585701271,4.4114827784660005,2.152962754031308,961.4137816928043
6.727243651361974,1.1040529964112211,4.510224992130438,1.7177172228777449,930.0809378003534
7.310221654569075,2.2710342528612446,3.703683635174505,0.687591309703476,922.4117735590335
8.159179035686986,1.2639347814593502,6.584939774187481,1.0495849332403864,891.7601339781761
9.401940730654633,-0.12337853839822799,3.511868185808333,2.36659489734404,883.9632222418038
7.463402149145765,2.3066197869819223,5.843110663431366,1.5540462449224903,912.9367766777242
5.366655525740689,2.1484636815468887,6.31168339475522,2.448679802227517,952.6441819714136
8.763770844682506,2.5177578157088405,5.206404045586733,2.007761033305255,893.9874988266503
8.632438149212946,1.3270127808347434,4.831632375268755,1.8417344871116181,894.2331778302236
5.0,1.2204555246406235,5.732842450736639,2.2781148704972223,958.9319408360716
7.494293799493801,2.4014668584815455,5.501833000594481,1.4600823424841525,913.8642107258555
5.114787253979554,3.519019572530981,6.503504862416415,2.320315934458468,959.7832993492908
6.503023353746906,2.011168009506328,3.0,1.6643943340157128,943.6064712893686
6.145786609555801,2.424585096047145,4.5812925238518725,4.029028447231548,952.8479370680238
8.713897047362979,1.6784123155742927,6.0615768839160555,1.0928515062911326,885.1933603726942
7.675245261258276,0.45636947812631523,5.55044744277446,1.7142010959487655,905.7909564525967
5.5716134988659585,2.967429419154058,6.252034159196867,1.7464744024379564,948.7820429373368
8.820098944436014,2.908414239086162,5.762019976239662,0.9185075511513041,887.3940905613089
5.349291264107379,2.710774025175194,5.365262936758687,2.580650071278821,959.4277876270709
7.995170685706415,1.8180545616575814,5.197711556906496,1.6570207351355337,905.0669558679743
6.278983996062666,2.597056099738541,7.825055015875586,0.0961774226598926,921.1379583799783
6.95148437620422,2.893761797387831,7.034946274031511,2.556102857236267,922.2821884719859
8.256406122057577,3.6201586849567073,5.995505098095222,1.4910649749177152,900.9087518613094
8.282174098589294,2.988526104647442,5.578463893448415,1.9160788616641868,902.187505859061
9.50545361033394,2.0638212250336387,6.038132549353435,2.541458063884687,877.04353170879
7.376619450492821,0.6917467445756285,6.326834717872908,1.7082347319823084,908.3697034030647
7.959676294445011,2.155658297671741,5.918826685704509,1.7016826884747305,903.482023086427
6.843394016393513,2.2565773958493076,4.748619876613442,3.9717615874577317,938.4125929085905
7.7729848239341965,2.709029775318304,7.284510767724511,0.2770034014920615,896.8481529315935
8.159229072012767,3.3538918593234257,5.746208227754019,0.9712276106964439,901.1987960008095
7.352535228818436,1.9048494879432207,7.513930030389814,1.1263512520596444,904.517626831688
5.0,4.100987189813111,5.6871474868773335,3.431218192727208,971.4706501225442
7.997206344496343,0.24071297995942276,5.254346647874466,1.4843093551663609,899.7224700950574
8.046842216033186,2.4193418724616254,6.884140124046464,2.1921670998765364,899.9323086406754
6.479739785478074,1.2014796078159717,5.801186958077767,1.620737437662141,928.5925920089559
5.573419445891229,0.0927780003111971,5.63342263450929,2.48256027386471,946.3429578955999
9.713818725755948,1.7982256237008414,4.299635794357406,1.989829161830805,878.4588792293133
8.237168266341603,0.5428273015790435,6.1602178051358285,2.2024793569596577,894.56136883146
7.156378453617435,1.8385721019671832,5.006689617044092,3.0297970970425445,926.7207154089474
5.794450675278769,2.034769248094457,5.052208790926025,2.3522157174791722,949.867695233215
6.267277757367982,3.1185414093359496,5.009451154594829,1.4119460980349903,940.797855860827
9.453885595179347,0.4924148652360625,5.939033834695302,2.24965363927086,872.9937696104272
7.706492911302069,2.9084451656457726,3.96462372642431,3.9349221986783096,927.6862041131435
6.67411939949894,2.098080450279794,5.289154657274193,2.451976375203006,932.9518065850306
8.264533846836985,3.0288491536095945,6.480278991109378,2.1215277239832018,899.1989454119617
6.278402718830515,1.5682488249688722,4.254331130659993,0.9035576377914394,937.8857183064308
9.751264545420568,0.6677554132365546,5.672878960934585,2.579534824531964,870.4164994370204
9.529200802345088,0.7825006737841338,4.868600579729166,2.697781504145375,879.0467964559193
6.800138893195835,0.708192546332884,5.0963068805343665,2.2501785174298403,926.8761108811805
6.556994629453709,2.477814152920655,7.155152260389907,2.091275295275038,926.1710874664197
5.0,3.4769220222146995,3.8495108164549916,4.2660317449391485,981.3800252366369
5.277628842672948,1.4350484733447795,6.265630338171617,2.6843421992995253,953.4004606758114
5.490795337563366,2.6291352982577836,5.022071731222788,2.992022609474371,959.6941847605194
7.702785511481078,0.47655794186438016,4.972336014854332,2.053505723537457,909.2854649667402
7.010649443337961,2.180321249177299,4.388437657511733,1.8947244655695554,929.0371565436078
5.481996768877138,2.6685626163371268,6.253899637273635,2.505679262161713,952.430643340385
7.078253936303164,0.5518752247231316,5.308595383715984,1.8939657102376553,918.9547925695434
8.258005721471022,1.7961165310201455,5.182330586205348,1.9596528122575216,901.3143299379283
8.29175902487338,2.715917140485565,5.609836929204075,2.3705645454994895,902.7934493477691
5.0,-0.9337706472294771,5.3297128742582,1.589752123506135,952.235492928372
7.307604779274254,3.3354530617017426,3.4993121202464756,2.1763273720476937,931.918601612518
5.424988834542584,2.353679375891048,5.0091758170226415,2.064067317220841,956.7576360071502
8.85259304571041,2.7167276477173425,6.395440890948324,2.7736205099632265,890.2105076410712
8.676219624530248,1.5872807208052357,3.9933835358876917,1.5109485294783411,896.8123232825657
6.152959160513312,0.27727751843464454,4.410062100143645,0.40005447577803177,934.0199777751114
6.3509321963994,2.5340629563169514,5.073208604601474,1.7514920638858595,938.5778272613541
6.808099424252539,1.9174096745834879,4.7743765813628585,2.3178288181797977,931.8503958012822
5.0,2.0321154554323204,5.472114517858392,2.7712859657281896,964.2434534051234
8.003952260160865,3.0876069851989536,4.4069232483212595,1.4457255977825478,911.3368175687701
7.090733180489804,2.7620638738625978,5.112145476190627,2.433679887714312,927.8103337689771
8.95526262385179,3.9212374170896127,5.452005468400666,2.908123492494426,896.5487615540529
5.852386173056171,2.1538542288734988,6.148940416207971,2.601000530484392,944.9480195177472
6.571315577625103,1.3087875622088827,6.744789386099596,1.3674919172434015,921.8588468415181
5.240212112941327,1.8115831530912738,5.2384528461465605,1.4534189001301052,955.3442842703184
5.99356415475862,2.415663372538606,7.388060241245825,2.3480027597397157,936.3494976753111
5.727027005897671,3.0158565189929774,5.316095419455476,3.30027224970008,956.1587064467101
8.993960518269668,0.5329660485612813,6.328875148256531,2.0113321275059373,878.9621957105993
6.452607226872912,2.008537615179169,7.431507734726779,1.867737824536341,924.6867992673094
7.68626352711692,3.609541657038369,5.639308409235936,0.9043060279096669,910.9573539396392
6.928854894207293,1.7597911289974797,4.126473378422465,1.7085704961406396,929.910897253626
5.59580210098078,2.931011854869104,5.590903857207631,1.4278094768657696,950.1193523147674
7.247549365242536,2.493117527216005,4.88835711179509,2.0217594993463273,923.6514644751427
8.398654997795392,2.95586060652498,5.225567973027548,0.7897408056518656,897.3808128556573
5.688360911184971,1.1902394584000677,7.484976882495215,1.7371276364850323,935.8842274450174
8.713669186097068,1.1945983299344194,4.277236576776124,1.1928525233910507,892.5169437841173
6.225418617783456,2.020271892122288,5.800466822305859,2.752183444671079,939.819723978703
6.775524110890739,0.46777821275968856,4.622278719678276,1.3126621136988135,925.3798597674875
8.296024684515071,1.7302593933883423,5.192342058799086,1.5421206098802058,898.8236626709117
6.504845764170768,2.252876657515667,6.244842335204484,2.225701220763687,931.2464863434325
7.556362289003799,3.7846356069497724,5.818163943473023,1.6370275379968602,915.756074872118
7.0279637568178615,2.4027181892698217,5.274967731038411,3.8875620979890595,932.6265889264413
7.694052010055728,2.625228470873102,4.8501996747353715,2.744412125823538,918.5808046672436
5.0,3.1644758470500056,5.816078192153614,2.0137652626513747,962.9853307968183
5.0,1.0353424111049434,7.20768671715337,2.294481108357604,951.6183318153098
8.423950509070258,1.8349173376290142,4.598648057376376,0.11566144989153093,894.1904870300745
9.055772108473576,4.425412591803893,7.411663885457773,2.985380138968397,887.2609169631081
6.134269944702718,1.9208777776154913,6.6994974507251515,2.409517335813736,935.7825693714318
7.133957471743298,3.116430748782207,6.869353367577768,1.941473741658062,917.9930219744083
7.942078879353453,2.963737877173107,5.8084323809296015,2.452679746203537,909.3709196058933
8.539826402488057,0.5218862856123108,6.671129775509894,2.5502793950742455,887.7915775441356
5.0,2.3104792770059333,4.491168717549374,1.6669019861310008,965.4731780346493
6.170939629532434,2.1467474722052255,4.831956092151488,2.3041296329294005,944.0227147441421
7.001130930225187,2.3299587878404346,6.265813813920392,2.83897963318936,924.4145197166209
8.554710295854074,1.2458875202089401,5.7958450552238165,2.363918194561772,892.9115108554762
11.247645725582242,0.8830804880878409,5.351620741502231,1.7979152102101288,841.7707921999317
7.157991409785423,1.5239899999791486,3.0,2.237320609326294,932.1961245446267
5.389533806844017,1.902205002915797,5.064525951961829,3.1057912508981076,959.7753209275548
8.103402115801947,3.184984447600316,4.325946219701734,2.627180752812361,914.5302897337376
9.481493684311065,3.817310819725607,5.993534311311502,1.0695462765823662,877.1132922601366
7.662021181469251,3.3965978462231776,5.3088314714327645,2.469347051369937,918.1728187045684
6.140027182268561,2.860185210781844,4.871699455833495,2.3633263241534848,946.6235826041113
8.936990912220029,0.9956597377004102,8.142910482624304,2.9312908189692557,876.2997278032543
8.495318427747652,1.5911038250105045,6.538174476694235,2.0262556103438407,890.271416469524
5.960878733706563,2.2099260524129978,6.555872141356059,1.7045277668810517,937.8593870747819
8.072138426301512,1.3675609619238251,7.702215144682173,0.9054681484344462,887.9367614439634
8.995898351488309,2.577205652527951,6.302191782683109,1.44432447440697,882.644389688188
9.27283506383834,2.7204861082542875,4.729045990527134,2.9663564558018356,890.870206214268
7.400326537035816,2.5362900625654685,4.612103648308263,2.158365189359344,922.7230122254748
6.962880830731022,3.0251346045575813,6.464902758754235,1.9201697492584189,922.7217757341527
9.340910733121895,1.0954087862869262,3.4406457202248233,3.0364990260740443,891.3220246556233
5.684759245528673,2.9328287040921976,5.422220368990434,2.8716819738767883,954.6254023446
8.157868936381508,1.3043545498798037,3.328875622443552,1.411403557097592,908.3839365655092
5.444960058953356,1.0590640473571145,5.598843508389506,2.9607970669010673,953.3680743704547
9.098064408389405,2.532116134186382,6.3540702507119535,0.6731351754566901,877.5082422052253
7.112931726583258,3.215873562198981,5.779415534603633,2.3676359535203386,925.3150806352753
9.402874853471204,2.4880134863760097,6.438109358970598,2.273046717915094,877.2766106238555
8.237119134533291,2.0208040237725444,7.464826941659915,2.9198255301107645,895.2879330172997
5.665169654907105,2.310153826101507,5.356461562737991,2.3048093409964054,951.4495180753261
9.636941598115865,2.13642691806728,8.30765078327888,1.8043518409575916,861.505130082568
9.826867899641595,0.8740491038646059,5.712669956170155,1.8675498071599352,866.7522240528923
8.823429738898824,0.7573798550550848,6.449165062690359,4.154599189394629,890.1737880951234
6.35761820244567,1.9211741205265451,4.888937285434933,2.0661123583852774,938.7707568267003
7.040979068463887,2.079856835769304,7.119313979630682,2.477660553558043,917.6626771523213
7.718140826108639,2.011332378367734,6.54171019854263,0.3830705920275832,899.7702681491446
6.44443440100285,2.676101613649913,6.971451302567997,1.338114481476255,926.8703809575807
10.038519858694807,1.7845232838356602,5.554504421773955,2.4150144357049,868.1277587297513
7.716489707589055,2.562979181904856,4.24458243561671,0.7083819811828871,913.2318760007408
5.0,1.8554132326735522,5.960397439625406,2.439519066933801,960.2457657538948
8.009033719134331,3.8233589620364663,3.8029801866764843,1.4198997164658116,916.0073134053904
6.97776390477403,2.080713726726447,5.163814196378048,1.1729189520356194,923.0803051571844
7.387610165822328,4.340722611525678,5.691080436632251,1.4169309970974187,920.2185262807237
6.94707095132145,2.3520115910908643,7.877224292510768,3.2220310865154893,919.413455326227
8.71056962491003,1.7863228294117843,5.8185486119419405,2.266734337192223,891.0532463595574
9.179531667830071,1.1005520237403257,5.639537469083039,1.2716508977992598,877.5479432331733
7.924579743387981,0.5571114259423064,5.436967575964707,2.6202718818464863,905.3326698235956
6.991033219292762,1.0085577156038432,4.157909095234983,2.6637906752734977,930.0656821668641
7.4379941927862445,1.1203936908360101,5.585825840013007,1.6949535193578875,911.8203433475592
7.529399424866442,2.3948200204121766,5.6028826761367725,2.7673389000762594,917.5858148186818
6.296354940202745,1.4738346289398125,4.531391504546283,2.8053997084785887,943.074913146371
8.368392972856853,2.1869270525544975,4.313254385571636,2.681065573877386,907.0763482234054
8.190063485790699,3.281978362376686,5.0184293172322665,1.4609983734087542,905.6307564192745
9.81066185966501,1.9121916483651464,5.564932978572693,1.0567584857793424,867.6209073259057
9.383024670432713,4.079156698466804,5.042445818618542,0.6457061406392299,882.5212421052756
6.471487623614805,0.8241890196608022,4.449124550348479,1.4755882886819616,933.4405768403947
8.730447561763448,1.8494164516250722,5.789272252004306,1.7057512333042921,888.9088258673058
6.073569925358292,1.4606870763890214,6.038866824169229,1.7708511311058628,936.323751806788
8.543898151411275,2.9365066060570078,5.621297709222235,1.9622371833987682,897.1468357890093
6.725078701859839,-0.23979163036612094,4.937017286123067,3.3863908393680786,930.5947610386625
5.965120164936623,0.5568847108221888,6.094841021232258,1.728338261414741,935.4008808591054
7.920068014046107,1.8926531775490372,5.309462710273019,1.9609807067282607,907.2830839303638
5.0,3.5513777210094934,4.31091629265485,0.5459265288403403,965.6034297680575
5.0,2.225841834037307,6.536244355001399,3.782377171630433,963.5970055446727
7.233762174338575,0.6484525457357662,5.85350801926649,0.947274079443911,910.2762534458475
7.623662649952264,0.8028334073097698,5.380709694304261,1.4345162364085149,907.465880238207
6.946021844762717,3.6729897028449527,3.928947795165275,2.556577637496132,939.0024965223181
5.130845551923602,1.3788652012037592,4.755139720864788,2.1969539505745397,961.1845756396955
6.273162236792242,1.0570366275502359,7.518565712382927,3.3145490162392566,930.3471063643589
8.08681399085609,3.4773725606308608,3.991657938119303,2.576010924582006,917.0186804414271
8.372672655942544,3.011097005586991,5.248650720358308,1.9349727590097119,902.1711220589063
7.475665323606088,3.2740596432667957,5.48366423764638,2.8352670950754866,921.8454062742663
9.235250671555484,1.0499581197341834,5.820476789411555,2.9290463566946983,881.6945560392669
8.096095535188851,0.47489435898563936,4.002829064173586,1.4718729908942898,904.3097906847769
6.378816519062681,2.1331664893627056,5.6741762564046,2.7704235089313918,937.9366031116994
7.079246919882574,2.335126133073664,3.8138945375283204,1.822191069841272,930.5949503817624
5.395700764188218,2.364601803704832,5.597428796195511,1.9172176739315978,954.0512106631521
7.337791514412875,3.478183935639002,4.847602080990417,2.1143466264231243,925.2552307860419
9.168150928832008,0.26623290999175175,4.6341307330821895,1.6953753021273976,881.6832707576833
8.527935127066453,2.859695051297766,6.334817158667588,1.6523270817391902,892.7587127859503
9.603013988878683,0.9033749558526822,5.264393756636117,2.7877766785989535,876.5054542097156
7.04567213430151,2.855735320860841,5.973710804907571,0.7768488757199334,918.7401224220515
9.519149691771386,1.5250432954786226,6.006826911377817,1.15069844363265,870.2575395998441
7.210043660328045,1.1860282041094883,6.769953488955102,2.5397871864883936,913.8799312174593
9.70737762385484,1.3900972930507978,4.291742258378975,1.9416804326726755,877.2975973519918
7.467214878836814,0.5543897992234375,6.419015662519756,2.793210121618227,909.9088696151716
8.560847060706415,2.0404289398334674,5.516461622438047,2.286345822498766,896.0247013283546
9.712668546464784,1.227326609339543,5.121875419630406,0.9330362727650781,869.132780509217
7.209858557128191,2.7862982309002784,4.350749480809718,2.0502675354220687,927.7764130476323
7.827583481316261,2.6400560810329172,6.106590861542862,2.4276382408713735,909.1178704634666
9.433295137809454,3.688157052902791,4.577775478666115,2.1872317268266563,888.3905146623407
7.300495254104905,2.366327483541077,6.017806586977143,1.6253806610980404,915.5864573825694
5.518661576240758,2.5206777670800737,7.427830772967132,1.7808477439038386,943.1809261651005
10.714510581877365,3.400099811827814,6.479977040359328,1.5519318753913955,852.5476749908657
6.795353303494295,1.3723373039733038,6.891434325150649,0.9398423347190556,915.596293506296
7.738134076406315,0.5117417871769674,4.780995222774968,0.8298083481218115,905.0637250341758
9.23401000417669,2.2000940591283937,6.262733046131995,2.312016764875495,880.5746700481048
6.587259144403197,0.577366530785596,4.35578504486361,1.3028333075768774,930.3899719805626
5.988198130166804,4.45393867292539,5.266517097425386,2.4604787419616474,952.4196800934285
7.88060594516225,3.455498292078943,7.24127205621912,1.5239460100387758,901.7687337508077
5.0,4.16397633330158,4.892157793573515,0.9494811306280411,966.1110300357308
7.06814088469812,2.0624469766631295,6.6113561841730935,1.6736450918203616,916.4799600946719
7.867557996473109,2.550573593701598,6.5156467329997145,3.675499977934443,910.8646242014951
7.095072154762254,1.5405245680473558,6.574741250220838,1.9235113766535754,915.6226369738986
5.1848235852213795,2.882924805586752,4.232998023878727,2.516693334665785,967.9942999163901
9.891266934306017,0.784456787948943,6.02520096601568,2.1350430479392615,864.8462451066467
7.655307230923763,-0.5430931894747788,5.343401434083137,0.8758415710668308,901.2173694820654
9.646728176642611,1.2092893805114333,6.588496857529112,3.159170596818536,871.7703775187289
7.109945624729333,0.5445265243826842,3.844999600273155,1.801742552140852,924.8074745357559
6.179982027463854,3.4779267361595356,5.867787889065603,0.9515899482250443,937.7204508062996
7.903771380382739,3.815677455080316,5.7263752028400665,1.5902131932453325,909.6335408102215
7.176319310507671,0.5970709275868891,3.5098832627510648,1.8350047240206413,925.4015491140891
5.733357813012963,3.2917156075212395,4.614579643905023,2.59958361880098,957.4660869407244
9.704676388181245,2.9513849835007706,3.6698477868831487,1.4553894555117757,882.7866398492932
6.5665946656590055,0.4302233152811237,4.773644698077093,4.096276479987146,938.8123629278706
5.0,1.6097324690683819,6.049217084665148,1.2502648139931143,954.7232792530622
9.492249080935999,1.4198362778754803,5.695365575648608,2.489595969784823,876.8933573906966
6.743552976281065,2.7479953986272,5.669400080593549,0.42082180687071036,924.1495685501411
6.588264161076563,0.7712206490949862,4.4602518910686175,1.9010410669925604,932.6516936906943
5.0,1.9011273743405175,6.620450491510532,2.293787423457692,956.7619398041486
10.111412229895485,1.314065496050382,5.48118032163866,1.1043333969419042,860.9246069989287
5.565779119185469,2.4733411833851435,5.533703812257508,3.199236384833336,956.2565669093774
7.5876742210584744,1.7832079683120707,6.44039956894613,2.347581320947337,909.3395542382276
8.868930483810662,1.464754296059605,4.508654252307461,1.7458876281228581,891.3640171905154
8.132575399504645,1.786703424367922,5.728547769871923,2.3389420013023803,902.4921172381405
7.410518532011713,4.036042832840112,5.92346249160142,1.5253486704505737,918.2651112763356
5.0,1.583100363880611,4.954431849706152,3.001103921926061,966.2528485036581
6.285412746349074,0.958994781716213,6.1523733807597765,2.812238881457741,934.3299107773853
7.781700507063783,2.5834335691559653,5.977123170629567,2.29871205368599,909.9357363228432
6.319238895019506,1.8564753305770434,5.398823287722575,2.4893536379983385,938.507589970391
7.805039189998151,0.5847660691335275,5.367849109865139,0.8182430319190253,901.2511341167827
8.522615113222713,4.231496335202467,6.023547657871305,3.173556085395572,903.7913656978424
8.943754328700152,1.647521054413352,6.2884710400131905,1.9205137429877592,882.8556740158435
5.660730963280975,1.6221305460386488,5.56289991740664,2.820036519540881,950.569199543173
10.79496908246843,2.1598353519080975,6.620189460406847,2.5998737788197577,850.8371651642285
8.651219016831195,3.7301167692088395,6.158525962430583,2.8077718140350973,898.0121174959407
7.497428769496404,0.32025467348100434,3.711536050273185,1.1617896397928367,915.2145502526379
9.13430487461496,2.2759858494205396,4.095103302457858,1.263600526147271,888.8202934528838
11.04811165799996,4.087272161793628,6.682235219021662,3.7986198150564565,855.6770844361643
5.341919848414696,2.1287286807396484,5.253226868529103,0.7845263412061145,951.7803768893766
7.162106036262969,0.7646660206965203,5.664175822797474,1.1219117171930333,913.4633399352019
5.0,1.3816031470393475,6.639290517659145,2.0345951972785277,954.260666007001
7.788977298972037,2.2068825297567907,5.493588782628159,2.035983781862888,910.0208963264505
8.04809136288771,3.330803915639862,5.537267609589349,1.5679855382940202,906.3930553927871
7.441256826835861,1.6606641555839392,4.631270767208271,2.492863097535418,920.6739176702455
6.518199643502535,2.8266517974324317,5.869994507227521,2.7216667500804004,936.1869709973805
5.0,0.5646311729531108,6.086512218966823,1.9854658936729606,954.3689722788068
8.060300525117652,0.5562816304049454,4.922118162997144,1.7852081122492827,902.093560701272
9.683151725872987,1.5171993113150504,4.577978621694133,1.9821902483078828,876.922511110159
6.613472316399852,3.438028721873262,8.126289255195228,1.6021113664204654,921.4641242954154
8.160089893534717,2.068874639513769,5.407091530151717,0.6414104462489201,897.9475594693382
5.147783529869924,2.289811195566619,4.8163076603907085,2.2407395496060367,963.2895200837678
8.18581959553877,2.2780795955735273,6.2065864452922614,2.6126685709984327,901.6680977081342
6.9099265533830145,3.1092079825867307,5.449205964772108,1.8768581773408748,928.5031610620107
6.356373074095629,1.389779307462146,4.414233676737897,0.187937454475545,932.5318858234584
6.359454538175804,2.688285108488232,5.983053571651445,1.5426279637425981,933.8418379595555
6.909582626950485,1.16911733614487,4.646879030924182,2.724577657494344,929.9810418986467
8.073649973538803,3.9832726559207603,7.076458002155634,0.8494011899705527,897.907683918864
5.5317551982067235,1.1996088957033102,5.994504629752402,2.556707217682976,948.8027664537992
6.904327002648221,1.1176106969213793,5.223119575473916,1.6436670973041818,923.2345871711716
7.437792333001278,2.5496698134880496,5.609347018022113,1.9849798794600473,916.7813029035964
5.851441163202211,2.079788431432324,6.403288121098194,1.4512803913729027,939.2992773809357
10.194997802512525,2.3268524062609344,5.685961253560799,1.0915339923056422,861.1957457090543
6.219756779907987,2.227313795492318,7.622109457233549,3.147397174616297,933.5022378965715
6.495844629549764,0.9096078011925612,6.635867516395525,2.6526712260571923,927.4362486653952
6.032538075266253,3.6133589290794843,5.987607367561122,2.515776823601632,946.1023787368183
10.197720130707175,2.8935422058891094,4.563014126491516,2.72684438576153,874.0312337501246
8.329357842899222,3.3589499512671157,5.353111896098009,2.4021718978419977,905.1995236292262
6.095111990634537,1.4716691108895756,5.978874970052453,2.755305004624187,939.8948398000376
9.159347338289953,2.4165235447151714,4.677138584241861,1.468879403215668,886.8037771607998
7.801048041433317,2.197368462234691,6.793426874962949,3.102149509823237,907.6917256469397
7.885880131667252,3.128002626201508,4.5258426582219595,3.0307448476298635,918.9889593505424
6.983284186871321,3.160248131829619,4.862774301954098,2.3043855740143515,931.598420243245
6.37587601956454,2.1930508029581146,4.937700815105119,1.769604361691961,937.8599372116081
8.006649148581902,0.4820488681567483,6.2438244606331335,1.0211766250802077,893.8962354818882
6.682369155006614,3.779661887087689,4.695063632829227,2.1829262193633556,939.2516300252274
10.225133444362656,2.555987433690139,3.700023429580945,3.347932143734452,878.9029215019908
5.596063342135343,1.391562958608858,6.588038835761713,1.0713302613192015,939.8566504766168
9.804235159282417,2.406542138266695,5.055613714894438,2.814460118820485,878.0266664708641
7.333021726803299,0.4889064515474766,4.4314923678480636,1.6228489008747546,917.1104032820367
7.9486286010316585,3.055353067471044,4.74514144679746,1.6911217721477771,911.6160083438369
8.749736649944152,0.528788255720847,7.21676274918435,1.059632806989705,875.8241048027944
6.554626057493346,1.7791655079629174,4.842956302727089,1.3980056587464227,932.438661340696
8.796372577047954,2.24445444960555,5.376631894623099,2.5174256684489174,893.72298315794
5.0,3.0388397119820936,5.053081637713984,2.6169020550054154,968.4264088256801
6.420015700167092,2.106544676434374,4.267337456566244,2.1886864648612843,941.4737621003949
6.113905788988402,2.63496287361255,4.757281437753036,1.5993497081921182,944.1711209711178
5.619740981442358,1.9718330915504472,4.198891592993505,1.117154238214209,952.3151999293349
7.177567742881573,1.9678140490557174,6.455881275680714,2.049406773448181,916.3013864445801
8.078624952272541,2.0854772503482972,5.600879064613596,1.7080365566267057,902.5758657564006
8.553989997748959,1.8109420791476254,7.982677762174321,2.1689451379499443,883.6073387617544
7.861315135800611,0.31342975691856445,4.791089275009411,1.7430098401437348,905.5694389724523
6.50145980265968,1.2316765063033719,4.641139753854381,1.7634681706516298,934.1980268625175
8.05352465673775,2.2447748411116986,7.033759768355329,2.1271685488899705,898.3834472703979
7.686428542276276,1.7508789965112812,6.557977032068134,2.281753971714978,906.6209130895905
8.904084251904024,1.8441909178180933,5.884765021771022,2.9791370320781883,889.9575579833933
8.665405054397276,1.6766463305612846,4.386308484911728,1.7304093327402459,896.2520975134308
7.545714620880943,1.1364016072681822,7.2449962677279345,2.436395613641821,904.9044275737053
6.154120490758115,1.506900539023706,5.427896840229652,3.44289764722566,944.0154703163868
6.520574766251879,1.6931682556114054,5.069324871504964,2.4576610593820503,935.721387269274
6.6753159605429495,2.0051431405418496,6.64295973691828,2.9314007948519833,928.1585206761922
7.027100499125616,2.3933783444697125,5.47770487874627,1.5034981285850209,922.8051416495002
7.90207564138463,1.819449709114261,4.3343299143681175,1.4237154877213254,909.9492452711863
8.572761585192087,0.9703447443075806,5.540302599498582,1.8725006972920502,891.1671918583033
7.423321960476933,0.6019179600812168,4.718651198429236,1.957648091829009,915.6562854726636
7.524187181850708,4.597437207375224,3.0,2.856659613692756,936.2637419890907
7.714959457500005,0.8701849697354369,4.618289807849868,1.4162528406549162,909.4329831167962
6.7261420303014905,1.481374998735617,4.972264429132149,1.9290976718419308,929.7920082266521
6.1119116135355664,2.517000302513935,4.344354890706952,2.859860197610568,950.4883045255763
5.0,2.360860609565681,6.075246532114038,2.17243486671894,960.1283624305523
6.457275962884691,2.5208656925615727,4.7225522426712185,1.991346423756334,939.0858231405439
8.20971817990168,1.5572829304678246,5.978426200834456,2.190798097173545,898.7041483174394
6.445632842940649,2.2385580706395474,4.266680263631685,1.0979579987913097,937.3111466680045
7.14328944386109,2.0613436642408636,6.409218921082538,1.0849975086064316,913.8292879163979
8.199646931118476,1.6878686324587129,4.223517473333509,0.7294289986931135,901.9798401898937
8.281034244634004,2.24540974177134,3.158469590608927,2.1653454298956825,912.31565763223
5.880700721750942,3.0553655467507066,6.7372625851632275,2.7350837998744133,944.6996771653908
8.995589034680462,1.9777997765646753,4.644106196268829,2.6124691876830965,893.0333968970899
9.191025134033229,1.9844528463564255,7.256929058199408,2.914902394051852,878.392272733562
5.80522521417216,3.0681610348759842,6.06459190120807,3.1633777752430996,950.8603932869886
6.2642446955382685,2.961360359818813,6.290263318381253,2.1157179075905304,937.0779902526467
9.286636024719288,3.583936440963483,6.545472500466072,1.948313825781161,880.7890329152481
7.2797197181170485,0.24376976552042318,5.612679346249069,3.180771755873968,917.7208428606178
5.0,2.9051191831693894,5.624055417838539,1.4391878426583304,961.0172036027823
5.4004777429009705,2.601580045402179,6.781340024194309,1.0571739036934016,945.9189781179499
7.125945562241278,1.1143476022467347,5.611358495698098,1.7288964379447185,917.6151200967388
5.755436024573097,2.2515879179988447,4.77182315320339,1.6354053525326275,949.8355504831828
6.8798643440453375,3.0511217477579984,6.0857585601622235,2.0386613966568166,926.5421959678106
7.5485943205253685,1.1708410775145999,3.3863565856150477,1.3199842470855043,918.7365755205419
9.693381906052092,2.442562429022807,6.8195588015602135,2.295786515810666,870.0572231359654
7.064319125658317,2.8713536757310174,6.840439135965092,1.5447103676876135,917.2630216036051
9.108812699359138,0.928980437468512,6.698166668123079,2.982563061084698,879.8265987929199
9.643140243055155,1.857714307554852,6.659771962377694,1.0443475972482346,865.4476478339592
9.651464504028114,2.300968376642411,5.415824674658877,1.8884217471583182,875.4538061581745
7.9271318900783525,1.2038684944570452,5.3933176155069775,1.7320685667379907,903.9885081002357
5.0,1.1208468009064538,4.270359910229144,2.1847119381363744,965.1071174018307
8.191237298105797,1.8649553981372258,7.248041251711047,2.7413635862613654,896.0506925364709
9.07259983172031,2.8016397169036917,5.014981826973722,2.2129687251111543,890.6887961021492
7.378399341846874,2.6437340011921098,5.839885309751881,1.897127041319029,916.7496360083347
10.116875805112873,1.138587270813658,5.754045282954778,2.5530040302122354,864.4536329371205
8.789750342201186,2.652167885115686,4.159580818395844,2.674419815532921,901.2269829427726
8.352410065729176,1.1640602238334914,3.7553249758767944,2.2153598373634744,905.3817782590978
9.129571066808756,0.3898302020065656,5.505586620867348,2.3100734618451964,880.9800999119864
8.000054776891318,1.6328564289527687,5.046243882388491,2.517308437036491,908.364003919269
5.0,3.122969371585736,5.410563140756665,0.6848586193205994,959.8116400060784
6.751291572794452,2.6559605521413734,6.5654156302032325,1.7193558308348347,924.4129276967582
9.29575204087178,1.9984281926268057,5.724944150537023,2.300987144966931,881.3233085764934
6.288612989852556,1.5832945164089425,6.258522540764731,1.7667140129805001,931.6292364032549
7.164791242144592,1.6102378638835688,5.945328162175578,1.7694824882894484,916.874145438666
5.932745529145393,2.108784905860796,5.183665806760168,2.299921234239947,946.6961040351852
10.175883892802654,0.9315625141541712,4.498196832806936,2.3181159792123447,867.7443951784784
10.022238686127023,1.6518926547987027,5.764717868113468,2.373647483656709,866.9291714974011
6.174196657288906,1.7844305386402313,5.583892619346091,1.3662212306237556,935.9657456751936
7.720947000583626,0.6489255415485025,6.415156337504747,0.8657573115566544,898.3010282796586
6.479258928353929,1.1615517491024252,5.349099930277507,2.6435094258820078,934.3970537011033
8.422416958547068,2.4105067914863816,5.202658454884477,1.4060675940092004,897.8165681537729
8.264524615863493,2.0095118399409944,5.2705006162184,1.350779714982179,899.1134528526926
8.717558357419898,1.6912382088066171,4.581273364994554,1.2785987796703804,892.7354354677094
7.997877671561831,1.0885725624620362,6.946909944820458,2.920824113068431,899.5489272154184
11.903109309582703,3.5768498255892167,6.639628754615762,2.1696214496691706,832.4882959389616
5.958114352483891,1.1620207853206814,4.286970171041953,2.2740187187076275,947.6560493730917
5.0,2.2515928072617375,6.303948141972549,2.551640946581975,960.1706893933728
6.910364698947808,1.5121309119262047,3.6549949360676344,1.9661035756675627,932.7142406926138
5.148017601659599,2.0362792926383353,6.485289233111023,2.8101507701325668,956.9352577665194
5.2613065949910105,2.4576097419403724,4.8036495488923245,1.0425574752163536,957.2477719186363
5.9980280187030495,0.629743410792114,5.859900557678252,1.131514395396795,933.8643589259055
6.116716641852559,1.993383755846512,3.570490310458328,1.0873844274671691,945.9429012669008
6.06807284707491,3.1907286489798454,4.301295768322049,2.3373347980562666,951.4398381011322
8.277328425668117,3.761501893492003,5.96870296724941,2.405134156958952,904.4389118315933
6.740716408371996,1.869986026744869,4.79909181661722,1.6219343706291973,930.2677547303696
7.23072813769128,2.0416812072169086,4.660037129627801,1.8140493209689799,922.9938380283127
8.841349161751403,4.211333028601533,6.895861697452098,3.014456480636186,893.1585459560365
6.350516212827861,3.134924281599198,7.710959211272875,1.4444510432375255,926.8542347354883
7.103181151942917,1.382715430744781,6.437013936819483,2.2363462330026285,916.8356998061989
8.048639979139374,1.381016549113877,4.4081194282649365,1.4514273031841043,905.7598867864483
5.0,2.9565494617872687,7.263519332817699,2.8767794599521355,958.885027691806
5.0,0.9889628699542694,3.9385677403516177,2.5027409474181344,967.4650627389328
8.019175993196583,3.0877267513388533,5.195508545924674,0.8808628591963301,905.2857792604395
8.238021420850348,2.3342999637510085,5.554777766987373,1.7913591762816432,900.8296379903252
10.596330202278615,2.5177207640270725,7.424037843838748,0.3367945671496635,843.3737989851999
7.737142313800215,1.7432661965199467,6.412659137551725,2.720364464808664,907.9637564710794
8.729609575887142,1.3701751957535901,5.0362423052004806,3.637847160737148,898.2763154034117
7.206791034621039,3.4619928308683203,4.55504372922025,0.2556471039995598,922.0927006401755
7.9458408323776295,1.7532627194465251,6.502192653803254,0.858321047250362,896.7667219606182
10.000885262624301,1.5890649234261383,4.966641042779645,2.1338560668558824,869.9700889713254
5.0,1.9198629321201908,5.7167400878649755,1.9852329517684373,959.8686427526219
8.12042438635752,2.193022132717943,4.130223510740884,1.6713238625559033,908.800423607796
10.70338009511605,0.9691748732805514,6.0692578552242,0.6099039861990929,844.3779219291623
7.923051328814013,1.4351285057930885,5.988695145747479,2.258757463980103,903.9003991535022
9.975859444849272,1.3819679260939421,4.258379938341829,2.710011081557583,875.2944793497103
6.556181775705836,2.8452803046068484,6.531623112871641,4.277588359003385,938.243932242364
7.45192875875443,1.1140374320001107,6.054745808242782,3.045830337709457,914.3882103703982
7.550287053582881,0.24423214224194623,6.240024252780097,0.9610272064470105,901.5149769127689
5.0,0.03290543709384597,5.121321307249869,1.9904868710705854,957.3922732511625
5.7477332582247,0.5296198653242827,5.678956411286443,2.4736621771589724,944.0746768078247
5.854687380924021,3.361538202848111,5.563378868865325,1.449390841981363,946.7135284927064
8.733099117048791,2.0162065994840517,5.3518295952457695,2.6240096012343117,894.7748809341518
8.808229658526082,2.501249086807203,5.670503278165846,2.562702231949548,893.0208253629881
7.9860546640598,2.536487727121329,6.756442973796382,2.9898877725886663,904.9511066930329
8.736154345283559,2.0561839183923203,6.5749506387039265,2.6417942026140158,889.2082362737913
7.253775880917339,1.9252187033486918,4.3181393225311435,2.228114920086207,925.3703684502312
9.302897504309314,3.0445264298181405,6.48540181690694,1.4896546023928914,877.5547318313236
7.513182663948108,2.14599591431264,6.691143372748035,0.965537124405474,905.4301124710074
7.586796071140134,3.399097479263414,5.348822326647634,2.1752129105231615,918.2988432521731
7.101611050106383,2.6208299452898665,6.008447103797777,1.676932726631719,920.2310607257904
8.526675716454642,1.3822037265189722,5.994001667303018,1.7542422098614856,890.6238533386572
6.86820177508063,1.5028659761300638,4.650033383325699,2.8974323925754946,932.3102363248195
8.964647065797102,1.2725351935457205,5.118043712471672,3.0951392110446885,891.2329523682594
5.80177628892599,3.2175480219507158,6.250810238851607,1.0117067069973569,942.4712013465892
5.851625617907709,1.5949490470544472,5.004177763168549,1.8316555152678498,945.8640032662611
8.531140132689757,1.2015272032003677,6.475499559262308,1.6534358637627464,887.4227628915272
7.367183678125481,2.31977804112682,6.804972440849761,2.251926913602137,912.8866105902584
6.819162875770307,1.9028328936274967,6.643671841980471,0.18697784881907076,914.9849578162907
8.83508659871319,2.294568512575164,7.479804603169457,0.8313296119657756,877.0906901657941
6.589107878870873,3.8898139038938435,5.409267717708888,1.9060040535692755,936.9424144367969
7.1996981185494455,2.91307080592886,5.677201073969063,2.6288921634442524,924.3035763975784
9.59884192510674,2.0270105543019064,5.82066304776264,2.060232589962859,874.4248817020825
9.808713518715976,0.5915766157939915,5.439602075009262,2.5372056584461617,870.0626827105747
9.85859731540549,1.5000375027913644,6.0421789741016445,2.1578467021495893,867.4562520686695
7.0768113345991335,2.711046102545303,3.7887959709880112,3.021031658995292,936.2654643089257
9.346054357476705,0.8289589603381837,5.704905388692519,3.188710039065744,880.5203757381812
6.076570758346983,4.140970296330353,4.122563350117105,1.3916296902676053,951.2460338912588
6.139645687916909,2.0144165626355486,4.5373767223924215,2.7069162718300412,947.1037391865816
5.0,2.048848393209485,6.232889811029914,2.406495638773644,959.3955131720032
10.009302302847795,1.333354807042022,5.30088376155098,4.003734516066777,874.5018199872346
6.204030226385883,2.4967377567757185,6.197614474715806,1.3617319847887064,934.5276718066124
7.31020113037941,0.841998193477768,5.27922339639887,1.9066115751745452,915.6336402011405
6.134513487107574,4.164892589101457,6.606406316391156,1.1741810933473058,937.8762637594252
8.54274787249521,3.3173513046520116,5.260919294378697,1.221651014318399,897.1515667659717
6.9365495089239895,2.984296445197046,3.5450815104368765,2.3084512173160805,938.119175720998
5.542774664350576,0.6095709942101906,5.7253925820112705,2.164434736431289,946.7437160300977
8.16249384627909,2.205413270457751,3.331140154297449,2.4331608751265428,914.6022742217735
5.349404962784657,3.2090863980140045,4.047279097467593,2.4158029819592524,966.3313580323286
6.243891412026763,2.5931053993577393,4.61705347100143,1.8114889977404711,943.0778242319483
5.0,0.9978908953662251,4.492290522229813,1.8059687450414696,962.3231684012575
5.36406283170359,1.3499062446913448,4.954949195583715,1.2233610140224682,952.2150589657015
7.767793754580717,1.5480638619940095,4.457932176468894,1.4390765565723243,911.1721145096305
5.0,1.3965621655113925,4.094047336414327,1.9545585787536472,965.8400462404137
5.278281413067426,3.528778835710307,7.041835744840774,2.157623713473664,953.66108266919
7.496446625800788,0.07898686117674392,4.821855453608104,2.568630313270871,914.6301430088783
6.684589655860421,2.6559191396588364,3.2692323468526023,2.487088527833739,943.8366857113213
10.488054953938963,0.7076966250715488,5.139081626990743,3.245661412452586,861.7837823295016
10.250844819036564,1.0387485125489322,4.375268941972446,1.2218495260019449,863.1426743724868
6.19811630587327,-0.009733366868717397,4.615032372707186,1.8139316714847444,936.6858059020282
8.335706427605222,1.4509455688411341,6.210342481352486,1.2917563550417828,891.6412396860759
8.623923835319177,3.5107316515392135,5.051842381214782,3.0218296554896567,903.8500972166305
6.603781712963395,2.264824242464778,4.347403398782115,1.5980208894428614,935.9277316797481
5.256687695252694,0.8016384530009031,5.946253509957245,2.924021961955709,954.3994630293465
7.481552326037914,3.0171476743793124,6.6499408306090855,3.1622289069808476,916.8122354188496
7.240731487778834,3.2313042635686857,6.0368721626398445,2.3307495707686257,921.6466660696543
6.846353254544071,2.1040464810390858,3.0464444283495746,2.234447062180024,939.3842956270635
8.163475302246727,4.03474915815259,4.385010497602986,2.030916116387664,913.2910186685649
6.373905589491602,2.821564124624614,5.547448530636205,1.7463151710668618,936.7281767120693
5.772003678631285,2.682652507292588,5.255700594735985,1.6500921889375477,948.5346672501297
7.663624455524748,1.1966212928337099,5.172724846060803,1.882066621028554,910.4532758302892
8.078955138853313,2.627398485621341,4.517243307159166,3.45950271238328,915.6360449039876
5.73503258414992,2.2167912776044933,4.094415916922561,1.1665158280270558,951.5236464658988
8.892135916486621,2.5198290026710266,7.50778171781302,2.1636873790207924,881.4843269329277
5.0,1.3154143808586694,5.527110953138912,2.5690447713499203,961.2357867399213
6.632829811926535,2.1280988843589865,6.142121788867418,1.7724993269261151,927.3095925634597
7.112987195703586,1.1831384997850418,5.506251173583809,2.3328658969932627,920.7835877539638
6.5456644310221055,-0.14713209996603194,5.546348698637989,0.7963185498532479,921.721926580871
6.652409289673211,2.9983045685783836,5.4378966001907125,3.060034517052144,937.4375661709591
10.306611723462172,0.4976110183104827,4.379554140925568,2.904918969152872,866.8367284946346
6.223673866441652,2.107186464782416,3.9855105419657524,1.9212592805010806,945.4431768242515
11.16183258370787,2.33300212944904,5.8862253737449866,1.296131307755945,843.0596503611343
8.155690169596578,2.326563015863055,5.687842407271167,2.634318518069526,904.8564713531694
7.638082705967988,1.7169209264017498,6.438280898459707,1.0815044269583498,903.5170613441038
8.2143605300815,2.2712114752799732,6.235360826642027,1.196300747272319,895.7153850924828
11.294891623877929,2.470967069785162,4.691487807250329,1.9571124071450534,848.9840537714367
6.009610494102828,2.734964815751985,6.632591308921872,3.2144332535904123,943.6779387625049
5.819373121595416,3.733441339384263,6.265027195154517,2.512465484748255,949.0999564210024
6.367700705142118,2.2341941514982055,6.190841569857335,1.4824038640085717,931.2312976413118
7.5482147204468415,2.0640488450177017,7.749326791978808,0.6543216467875979,898.4716094206366
5.0,1.093271034649906,7.543958762508188,2.0332163309054514,949.2443826919783
7.533508858977912,2.435946323899337,6.189913766554886,2.201137428721278,912.7881576870528
10.040320700120509,2.6673831031405686,6.06519720583753,1.9417759347289574,866.422273305568
7.727111085937167,1.8076968157183728,6.581655181769681,3.4451133441853408,910.2403329625635
7.060971811537085,2.544612504184037,4.916046230329629,1.8944584883132434,926.6631637975762
6.572759326974559,1.7074838064506581,4.93017074240895,0.1743037006593844,926.9436721525218
8.847767556827346,2.670992652088924,6.173421407091913,1.6742883534588893,887.1155360742291
6.261250840142928,2.9126023140297437,4.643523910872427,2.363715662837943,945.5775309096848
10.269593880898872,2.8986278667304854,6.092769485523255,2.3095178470015783,864.0427538466217
10.400039621571535,2.1178443261413005,5.65683216653619,1.8586573710119754,859.787984554475
7.885126197992681,0.9600318483829486,4.643809895407881,1.7262254511417423,907.5529842389252
7.482727367885032,1.3880869473581794,5.525866510288299,0.4003016921614124,907.1978765624675
9.045989712362339,2.5951573238847283,6.805081592138416,2.068616604977227,881.7467046507705
9.142197753340987,4.448812305740227,5.582370450653838,1.72910177913683,889.5515441437216
6.2910124034108765,1.659279228467918,5.586547647617977,2.1993999056347677,936.5308794315209
6.710167300294947,2.45583767838814,5.828985278904597,2.3930314192162325,930.549970669795
5.516478847975057,1.4439474425205967,5.959188522891608,2.9928546976357127,951.5552996360552
8.113597407501086,1.0260329557508991,5.169159533918807,1.2355479189489054,899.2193665927922
8.499941825185337,1.3236841364226375,5.850261047967048,0.9648142763874279,888.6895560272864
5.47511154320809,-0.08247197670267159,4.450929640409267,1.5408266151004795,949.6778806615998
6.817201642775761,3.3534350629077507,4.700928943166112,1.411525403954954,932.6576881868734
5.479119123627976,-0.23013025291461364,4.828850891924377,1.339672340226978,946.6857453530838
6.151800284634244,1.7361717695993673,5.969762689634108,3.1559251526946017,941.1110790042106
8.326525590339449,0.8218721046499455,5.660232827556277,2.1187326972306355,895.6912501772209
6.399776899982581,1.1156197846377955,5.365640422756047,3.577914770102465,939.1463438384291
7.048761065951552,3.3765226597386677,6.190769989585287,1.9975436615801898,923.6673243634788
5.059032408079027,2.201066990031392,5.8788620827423355,1.062498840747231,955.3687611147456
7.780485314586996,1.0346038408182996,5.210023220017128,1.3534603326417844,905.6877823289127
7.4335900202330265,1.410482867503489,4.4647691571801875,2.819564277635166,922.1080753559154
6.406561124950256,1.2345187795579142,4.680291198773247,1.092918610431581,933.2945736274017
7.216478553476289,1.9564543279211195,4.033190534607108,2.446301315411103,928.2879113876472
7.7704423207551665,2.1728916847876927,5.6405695501508255,1.7145979766778714,908.391796699552
6.277697776635984,3.89557477322856,4.6378612175463285,1.2561395418681913,943.9202594060376
5.285606183997331,0.08369923400229307,5.004677018016129,3.1092157857185794,956.9257804296141
10.208361649030223,1.9651876852420476,5.372409319371136,1.529147170943984,863.024071110699
6.550090942934591,1.684432307465478,6.543995191330685,1.337943180319706,924.1254455903469
7.354859845219666,2.946548527716782,6.428790598316819,1.9368855363577415,915.4418151843216
9.01625960253047,2.3548181181783936,5.445291528746026,1.593409845726508,886.1843929600846
12.793582781355726,2.5903622081149456,6.765503489400299,3.7719887204798948,818.548677641898
5.633270325166702,2.3450861860150827,3.487651490679139,2.8482858347004636,962.8520062843091
8.174740820589765,1.0680088747164604,7.377220549766513,1.5274460620358696,889.0175892918484
6.4386715720588406,3.211265496493013,6.192499714304585,1.6197303109932548,933.1404125802995
6.691814543134933,2.798504904615669,5.602803285019929,0.38444137994580907,925.4271648396237
6.419681968489815,2.915529791724743,4.608640319247937,2.1099229208731556,941.8569792861467
5.811517548299123,3.264050170507165,5.061932633869536,1.4023525256489542,949.401238225272
7.438062957323008,2.4176751006519597,6.109350895578041,2.070409105727947,914.400782733481
5.2882459694276465,3.480992404117493,6.132079383531414,0.4269807240766157,951.1347929362776
8.920211349767806,2.377639571786641,6.1683933705907865,1.9785949312088467,886.1050272704533
7.582504404050062,1.7809414119753915,4.771503265633539,3.3589370449867957,920.9520002462351
8.13365245935216,1.9933960895166354,4.57015228698479,2.0433129289858614,907.3355553071493
6.8007170820806655,1.9761562318638835,5.695205244352507,1.3802542503595672,924.3819795852983
6.949194098682377,1.4806086779094572,6.269853957771473,1.9836266200721397,919.8101580989062
7.931345857750992,3.6318888483702207,5.5031848495048585,1.948601011051131,910.9789231436971
5.7539240513912615,2.2962953655036675,6.981484246885167,3.7534665126050326,947.5926703927526
6.963014348379996,2.0947384758329064,5.533137462190111,1.7337264566234507,923.7626266871611
6.210579729182319,2.3882742549264337,5.499291356167014,1.0373653574217143,936.1437965318858
6.164146784113479,4.979854516737147,6.170559991192669,2.0171665393819507,944.7614194846409
5.0,0.8682758114003406,6.719230137592039,2.156426590271439,952.9099762898137
9.50898988422,1.1549614882837242,4.150744740195455,2.449836773083325,882.8775604597806
6.470191870269346,0.6194289825530037,4.381988291964402,2.604609480185109,937.4055397829671
9.245064082745325,1.767400761564514,5.186738562255962,3.5644208684078365,888.8241675016889
9.103188482091438,2.2455184433273603,8.658941784588663,1.5234690386619691,869.0589162154678
5.5710004402252595,1.5346774816589226,5.238531437459068,1.4507602046574521,948.4087987627797
5.867383146490731,1.46027320184823,5.378217056989431,0.5166908182762815,938.564216237416
11.340754439033525,2.1424048666281323,6.118351929807918,2.529323013372579,842.7080221480081
10.126388912890715,1.4978921751703025,6.476928902813475,1.2901485076486847,857.2199184393282
7.4527222300078435,2.3101758271828383,5.669785116454756,2.7134114239316958,918.2641467852055
7.886059659626024,3.114234346742604,6.664347495040256,1.6066920691313236,903.7056828035991
6.553730395579217,2.6770304698008065,4.30602881697408,3.3807663774082943,944.8329465780001
8.14852907130051,2.881013347165202,4.733911575257275,0.8531944888159453,904.3465811858504
6.424227148916293,3.0859184115067197,6.662486950579639,2.8183404026821557,935.3327493760429
5.0,2.282828160118703,5.510943114783474,2.7230740502502293,964.5830405499188
5.517666320233424,1.841358973956899,4.237549394991335,2.4212611507713753,958.5212847751578
7.531639121775881,1.2277469291168044,4.177462068382793,1.1061890408099682,914.7367508810376
5.803399146746118,1.608821836364279,4.689059194655295,2.4249206562468433,950.4719683800697
7.399083802629698,1.4763144673231055,5.502125542157916,2.101499792637364,915.4386540924958
5.888008440850705,2.7316723266209118,5.967379569726789,0.5357950316698676,939.0592513100315
6.32646911624701,2.346782554594196,5.170940000055861,3.24661839178773,943.617747182314
8.779747959619787,2.6967578627143016,5.884999189239519,1.723510867266407,889.9768565843121
7.871220821460157,0.8396631438998485,5.062933513306385,3.1849741568195085,910.9534159188155
7.485503368029979,3.431749484241079,6.7239202016169175,1.945870839918413,913.0266290026528
8.818445959605977,1.5730196284932376,8.051840094572356,2.785860850638991,879.9979758394405
8.22091289002102,0.8999833579253373,5.107387267915576,1.3123799106077745,897.4446762858743
9.669844936877052,1.5607822351781873,5.979932810798946,2.1715479634627872,871.4769374641005
6.81021110652729,4.483765992587508,5.898410824150112,2.1151535945021416,932.9905415771614
6.855547532208737,1.6122831335084324,5.638695426259925,1.7411191780858937,923.9521154537769
5.548336100412982,1.6749035285290745,6.153250945341291,1.3046217488682665,944.4245053868676
6.8565289239413705,1.807895319370324,5.978821188979827,0.0,916.4210714269775
8.947154841453669,1.8513796165685448,5.028946429615106,1.3233924732051316,886.9966881818008
9.4499810583932,1.2185239341987457,6.816545772622688,2.560407290860587,872.1678113696069
8.940457752130001,2.1432130832061302,5.701666247486776,0.8838163608878693,883.1720991242164
5.0,3.0755949081983305,5.115199580169636,1.0494930881371047,962.4093460339545
9.124717818991101,2.314289315478707,7.943202523847401,0.8521097533082347,869.6810723033674
5.0,0.8888347011000144,5.3837866228444,2.167110493048445,959.2168920539827
8.84717598618352,1.6556540950662915,5.754943841423749,1.2852747319253934,884.7925347223635
6.948323210143418,1.4484725998983703,5.675440344580337,2.9762743817601094,926.1933699428979
8.553799970900783,2.052939468234801,5.370105389048792,2.5876957656954196,897.9922598469307
5.501327478158151,3.330451671562317,5.948664705044015,2.16009925116077,954.0515474057805
9.25675144905922,1.851117203979117,4.655000090908375,2.2431597332606827,886.397843831606
5.302537880842666,1.9118451311296092,6.096543386523058,1.3896415418802386,950.2373831206403
6.497317633720233,3.7776448188194296,3.7416459716075705,1.3898458992042055,944.1710940343744
6.0028580583464475,2.87620599167166,4.201930248742871,2.5688212372656105,953.0984941774936
5.0,2.574081282106535,7.325724547168515,2.7307136189096335,956.9853222950875
7.641791351382703,3.9581316153017756,4.243819973278214,2.561809897530837,925.4120380140447
10.209133676755442,2.489811254794013,3.540041147963139,1.623533874861281,873.3450416896794
11.500357833480013,0.013472858022477663,4.268583830933812,1.6869423379837731,839.2674442546119
7.645733680629371,2.8326657578803607,7.240057269196734,1.2545945745559766,903.4033165203633
9.175021912601284,0.40799154288134987,3.708138259727285,2.614603069806308,889.6763693422026
7.848141956892806,2.452005368582448,4.544185817408449,0.43083555036775945,908.0478987765576
8.248324792152319,0.28625642587076006,4.041807515683013,0.23661095611437122,896.1756021029657
6.986777023309141,1.5331445896000806,5.225870802909991,0.39611250203932435,918.206660045489
7.792615388133903,1.6362154703901288,5.063979101819264,0.2858485738445362,903.84824881434
8.306218056909643,1.2298808927682467,5.019243493272967,3.085712721198516,903.7850809114433
6.632310406685503,1.6511480028088,7.356133799405137,2.629444290856219,923.5312399582374
7.383758550160518,3.0325617203605524,4.300924682362452,1.0411227186535568,921.7066149072261
7.412354821503768,1.2860470878404466,5.397812220282889,1.915253674650043,914.4531885404875
8.739604975995787,2.545140879510541,5.838601246320734,3.1726322990786917,895.9069868574941
5.90095174255848,1.0343503603926998,4.519790737927856,2.4001588967299385,947.7496992583787
7.422686687088523,1.8105004236078708,5.986589981246603,3.6915010143766445,919.5940641627038
10.368008203579047,2.3238392663274503,5.100189505446692,1.9085870927257456,863.732621751096
9.246090228878906,1.0034715833814403,5.874309066189856,1.4758728429019476,875.7071172782989
9.523768573333058,0.68827956708931,5.392000748474347,1.1351126666503086,870.6380201677176
7.536647760267051,2.4918781505788883,3.449468774433696,2.018915724639556,924.9510283936904
7.981496345529035,3.1230803993406386,6.806098712765741,2.748851513269574,905.5449309023224
9.003354250054388,1.920934980512628,7.570458315354072,2.079300026615432,877.1393844772316
9.840383294296396,1.5426870934432957,5.323245818065186,1.7134440002855886,869.603886343853
5.0,2.1556753876883867,4.602047948133396,3.0052163482537706,969.5042161883343
5.526838039425232,2.0554799187653803,7.006012721175688,2.4231136769064037,946.081625164671
9.46416615210397,2.2429025407112513,7.390382902867471,1.9092508027040738,869.671340147176
7.084665966346795,-0.5282451003137143,5.331204588410003,1.3867269812439291,913.8299322301953
6.492418816112884,0.9308957088340368,5.2813193847794855,1.7964457667745641,930.6728521611241
5.618758519506594,1.1547698945631462,5.420088902328501,2.3781977782055246,949.0663818821056
6.667474947683836,2.1508676285115627,3.8254511107546953,1.375720899107927,936.0252207363
5.396446074864263,2.1858778836222665,5.208874121306772,1.013077648986006,951.9820864929821
10.636641409098715,2.636180488684036,7.214941887549245,1.615878994718654,848.6850034374418
7.46634592202914,2.257581749210437,5.33131133922944,1.9606322463378094,916.6375731595149
7.413074187355924,0.6992649296126643,4.459965472127795,3.0906321321326216,921.5360813549383
8.382115012751747,3.44700461758506,5.99668561930448,1.0719701041099845,896.5229443034032
8.943517753899854,3.2719183034223662,4.832801201505887,2.1813984775462796,895.131498593481
8.918832234831958,0.7418027099730742,5.4335478763320735,1.7779428213542148,884.237299663444
9.110432915861358,2.332705294374183,4.2311512194527205,1.817647371261818,890.8509905869215
6.553731673813715,1.4045756147569843,4.463375838813269,3.231493042307405,939.9958132991388
7.053199792564708,2.1388639892005483,6.237659254863592,2.064969709860294,920.1644861737306
8.653547483163413,3.0533102796418703,5.615866779401088,1.269156070627377,892.8802325518801
6.7089164075405705,4.130104266320959,4.723942613157184,2.7109973772364846,941.5657228149198
7.492340051959163,2.75127770514261,5.619535130304903,2.65219254664549,918.7638577485109
8.09814564663722,2.294934735110136,4.892853291272741,1.199063110462709,904.1961058500079
8.677777623465564,1.6601788316917028,4.7162398306298305,1.0456506162503643,891.894540223983
5.0,2.1821348710111765,6.664034397248306,2.328415779765656,957.4721030436448
8.572118474833417,3.359771893328314,6.282877553188772,1.973624865006702,894.7688638259816
7.1494139132224115,1.9552912432404146,5.478727150368905,1.623533836232858,919.7496284042746
8.561186566296572,1.1138873486523497,5.644337337249703,2.845038806390696,894.917051311186
8.665397538532243,0.3803101344833735,5.491601982665657,1.5261754431713936,886.7360944877112
9.911872591678737,2.5130478674102505,5.987009259173539,2.33725032200271,870.2155514875433
9.530180471431805,2.2472881256277395,4.700498341544305,2.9397154943606303,884.7970014527103
9.519857493915444,1.3540918267377033,6.3625047333686435,1.7286953118814516,870.2636663598057
9.665505478749358,3.026014125707298,5.853565837890812,0.5367210122166204,870.1516985252389
7.937068477223919,1.5782231356123695,5.236943662110448,1.6775457732841206,905.3724511197969
7.548277630555259,1.865355908175205,5.012221968491458,2.1514269932603507,916.2128553169242
8.809225624767501,1.9833358667020564,6.341130941766808,2.802404754210246,889.3305972538697
8.598121427149534,1.649047257861912,5.349513683849894,1.583071447811281,892.3995704604093
7.03640064489261,2.2358650657495707,4.801106904170163,3.3784747571705713,932.3137905307221
8.107235113212402,3.151515145933001,5.115430233025676,0.9609420970130067,904.4961081687214
7.4473552998231085,0.8575181018815772,6.2692046488891595,2.1313149316378572,909.358356855898
6.219100637309916,2.4885201384740085,3.88944679875396,1.808669573032636,946.6200225298535
9.435691112064525,2.172158669606441,5.144591094419527,3.0776727145119835,884.7930619127355
7.582798863795134,2.1537638295447064,6.570582669675764,0.8210822553744463,904.1801587938409
10.573062386548276,2.871844569874091,5.331783227896742,2.3405078065087386,861.9773829906434
5.0617615947002506,2.0492974252171585,5.772816732277841,1.8046146944842312,958.1483430133206
6.6648318407349505,2.480229261905703,6.586768964537194,3.2233127597487923,931.0262151842143
7.5489582550363075,2.715864629571147,6.39232965339717,1.3371530550219346,909.126515249213
9.206071646443371,1.4956347996193933,5.059941226960078,2.3322546099955495,884.7971489109104
8.099204058903277,2.2991834608137984,5.369606447796164,1.329446767649721,902.4563983534742
7.965709131271127,1.7492123927893681,6.404763901729013,2.1504497419382793,901.6456336312099
5.809104311168779,1.8673182202801044,6.4394694872838985,1.704508101815382,940.2677146697253
5.764587904155793,1.6779386035216681,5.4119498746850585,1.69181619579406,945.2981030175961
7.983756990434857,2.4710804040968863,5.446454347707573,0.4100517561834818,901.3058141215043
5.4538410092724625,2.0816447090182537,5.767683694533852,2.3316672514864774,952.9304189616403
6.702183374566007,2.394544034316674,6.866900690017292,1.1342086904385198,921.0183352086666
8.251375993628786,1.9824826371042517,6.567566120657956,1.1066563079584868,892.3431120805715
6.026513591584836,0.3958789875296751,6.1933867037990185,0.7557732755529802,929.7335779841214
9.90803394354271,2.0313684160997085,4.421330723936109,1.1551605132808103,871.8260957741254
9.335904516356836,2.063537955156817,5.2251665934517435,2.400383813063349,883.4518500156954
5.1428700024925496,2.2425959371534603,5.2777133263100975,2.360938630789127,961.5507853574902
6.1014431352270195,1.4062708063142582,6.918485032603472,2.530968768432983,934.3909016513588
5.0,0.8045302833344881,5.2611356088203625,1.1784152857241512,955.8740637723822
6.3261129561778,2.624606644894278,6.753442823077613,2.171825300458179,933.0426325447414
8.6495827148586,1.726393443465831,4.929301329468916,1.5076931735967032,893.3317666346491
6.879157586587715,2.1712440476849957,5.009116042339241,2.763783750670653,931.8043257381271
8.191195865423952,1.7185399201117044,5.981454105813141,2.3408111638754416,900.0425392178116
5.216498522577384,1.9939381742264053,7.068146705571757,1.4747853386291103,947.865534264944
8.696962881872858,1.5507146520641917,5.288222870732123,2.8324604282545898,895.2195007206267
6.667336158107475,1.031916410846172,3.0,2.4058754725130598,940.5764510032104
7.518254523424358,2.473731660768657,3.935816597661113,0.8903977384689401,918.7829096058317
7.360688247910421,1.39687991177388,5.797961556164457,0.6627822549347393,909.2035222949078
5.592677218661574,2.1639514808948106,4.025203973218232,0.9218513435787057,953.4357168872392
5.770373502390326,2.4104602219020776,4.634437173603588,3.319345373221311,956.9040688057734
8.951691703505139,1.4131872843969182,5.512341950638257,1.1876298991708558,882.9369199927195
8.098488236252543,0.7961143656270151,3.050632754253539,3.500912166145457,917.1372288365842
9.07507356233014,4.426085613853052,5.120274210674546,1.1461451335564856,890.7167954205029
7.986987353253777,1.472228124054574,4.335191442139731,1.0609079557781245,906.0474890851368
7.714485952213825,2.6234171586011583,4.00082028209925,2.70396198485061,921.9948194332028
5.0,3.939463549570124,4.697815560781939,2.740418648721949,973.0506183189102
7.094449954858245,2.7899077468538933,4.430791074930569,2.4446601389068956,931.0280306716654
7.458923519394384,1.6995571911724485,5.969480217992303,2.5408882350333157,914.4098083232952
10.42966079740886,1.9328836124648887,6.696526786682884,1.3587025797133332,852.0265784854304
8.530434948148017,1.1673927802611517,5.1355731483889375,2.6664025563845195,897.3395381911173
9.804091772564293,2.8816964269577423,4.903874220953164,2.1919973373748816,877.7450410291186
8.396306558842092,2.5662707080586884,5.085794998842101,1.707779688332886,900.4025869770034
6.433045159575781,1.4855741817382568,4.391812892061537,2.0756959182278143,938.4997708666615
7.675686324224777,0.9578251929015555,4.211258104380322,2.8485166545194227,917.6286984270582
7.854335469396349,0.6787662623363084,3.8544455471066628,2.3134804823662534,913.1960937415026
6.091266645343977,2.986514003804201,4.170479041681826,0.27375832583972226,943.3704678955189
6.923418935110618,2.1203731289555607,7.131991007112629,2.712982297033502,920.7787847986194
7.191349509484242,2.2149845363327514,4.809578964636541,2.6517109707700395,926.6305286056661
9.908429748847677,1.1770513741376427,3.0,1.6967482562875567,878.059083518667
5.0,0.5364968966955939,4.912943061518993,2.0933986345752986,960.1490840263374
9.308727631074065,2.9626135747116322,3.9095854632391784,2.0901918009274656,891.4292990308559
6.094807147560926,2.0420390369972305,5.559484939997163,0.41643233921858513,934.7413992994955
5.441881219095579,2.9072346600576204,5.451646344762995,1.6786637527247124,954.496667683371
9.269913195057697,1.614066873484436,5.555885637692055,1.7096183376424738,879.3177731497104
8.59784710385157,1.7631821569631416,5.459273921254815,1.8730185049173635,893.2913271907456
9.381778053571786,2.713298176620632,5.1272896953802505,1.5793217889058844,881.8122100875481
8.701052921318364,2.7323480796505244,4.044103878460014,2.530273415378706,903.1012008760731
10.589767502606103,2.797565622685954,5.425345928028576,1.3526968811482745,857.349706371359
8.338085755416728,1.7047987468973038,6.518924589135694,2.728061732818842,896.2133837596974
7.265283935815262,2.614547237650868,7.313673083795204,2.49259366671768,914.1341741874242
8.014389565982015,3.109099465476719,5.262008672693994,3.0883347102412735,913.3370063754851
9.365203692518946,1.8952279883184657,5.370390054716315,3.387039227309643,885.4323695777172
6.330937012109825,1.4865116362259463,6.000427179088893,3.3923614571324476,937.8195372775971
6.522167126202929,3.3427476033167656,6.9932415594721045,1.051505628505577,926.1169849523748
7.0365599781031385,1.3455542664486928,5.013703389495452,2.2753486684761026,924.7346570962507
5.0,2.629476497114477,6.192651316950338,1.425770994949273,957.5542789043416
7.707117612626321,1.9415776894801386,4.677180734475612,4.624239671751294,924.2278953224032
5.0,0.1584343835154396,5.829848990265503,2.491257087187832,956.3107104896122
7.5795889693989285,3.12859406747858,6.47060417661837,3.133049591755035,916.0250576774985
8.797934634202875,-0.7578536295473679,4.209139393452204,2.348295602798791,890.1171656402481
6.784685309034247,0.015871933242391112,4.974855277981782,0.0,917.426058903094
10.015673805280306,2.527330079480672,6.454783096695001,1.3731479747070208,862.5630872098158
5.309248650872268,2.527071198678115,6.116161230514795,1.4515336474509537,951.9680591847115
9.28689102244775,1.3624201421224642,6.535946140314855,1.687891777949099,873.6617870405001
8.512705584610382,2.147822090303245,6.348439646454067,2.287654640202744,893.3559306637358
5.0,-0.5314300457780048,5.158896472083295,2.401066179531492,957.1704077649492
11.566191448560799,2.7069754644705992,7.699190148394691,0.0,823.3300664126067
7.404382071744051,2.249725487053597,5.636909990753395,1.8104643486591496,915.7885234944489
6.1837739667665526,1.9543571466662046,3.0,1.6112991028914725,949.1884933200971
5.389369207823975,2.020841482137772,5.217653627622701,3.104830658961993,959.3937611525315
7.169972958510489,2.493254176193032,5.030828743000671,2.4737956832643455,926.1138484100736
7.30888969141506,1.971098476502139,6.2952491673672775,1.8535379820769573,913.8862691541892
7.6539682928094965,0.12594449726877976,5.04881468480187,2.178944659090145,909.3262607486099
7.05330576566406,4.196332234522522,6.598969995819138,0.6503815698250184,918.9604886521564
8.449837965172641,3.2008008194284514,6.058099372406708,2.5290816358654458,899.7112697377225
6.918555251005131,0.7150553380451719,4.4999095385299395,1.6835688635257822,925.3581735426023
5.0,1.6548627695234095,5.359626664388575,1.3540969817905943,958.4420439098245
7.275957756525538,1.7639658098439592,4.724466555724599,3.051385471869006,925.6810348093229
5.0,3.0788495665089632,5.68475864685367,2.2188646581420746,964.120039110979
8.030655946337085,-0.15926893531976782,4.718509132764879,1.4676552558554437,900.4140491530136
6.031049654576047,1.500991735570211,5.574435230509062,1.516485483000416,938.4404455420207
7.745040532373701,0.2393635566624963,5.227694249009589,2.292725071712395,907.540229429813
9.471112472286906,1.7149044841716616,5.347776745320176,2.2305370371791695,878.7623274388702
6.0768769570979995,1.5274991069150956,7.550940379798099,2.0235400411395554,930.3575072932482
9.091884387768177,2.0796940673827122,5.139514773292795,1.0373148891232364,883.3633645272366
6.84991564997077,1.3951256009908166,3.5655669123828098,1.1556287839125905,930.9130222708827
10.12979220309838,1.2489766086094758,6.515826144734348,1.4013488174669937,856.6949357883531
6.95227108020268,2.619656691763148,6.507955901802008,1.8430828553978114,921.3008733569499
6.239260521739963,2.4546727409425806,3.521059826203174,1.966951149513728,948.4524213272127
8.530857675592932,2.551398342778242,4.799100378791933,1.8720231794120956,899.8025580763532
6.846315405564546,1.8230999095091573,5.935810556846523,1.9086040311436134,923.953470110548
6.237825728806487,1.4282614177748107,6.024203261217067,3.5049964783368557,939.6973325345449
6.783240223944313,1.8811475179792292,5.495276236547279,2.679400069274537,930.2044671675543
7.433090201725498,2.5011620700684523,5.517825378933284,2.9505734052385892,920.7510094788445
9.513270196867282,-0.17677970097184836,4.5614121269168155,2.3714111932511837,876.8810422212883
5.0,2.3941119303708582,3.100151286544313,2.0579221378529984,973.6293391561168
7.534620988425631,2.309138187334798,7.549507318183537,2.32796659169137,906.5633718494859
8.437355391981065,2.062150906085727,4.5313327222932855,2.180656138092352,902.5699344121712
7.790172862487694,1.8506865781283248,5.676505690064483,2.6463825668892422,910.4249920007351
9.4647977541503,-0.5661193859324136,5.341152004340664,1.219887626681253,868.7869138371232
7.388482005362214,1.560146736899594,6.397197552273546,2.5797976756931416,913.4869228317192
7.223172836721083,3.7894387110773735,5.614897213482158,2.1336469350218414,924.759413796483
8.388494320520016,2.0129012955683057,5.653440953092,0.5543303698806887,892.0736087970417
7.648970722427024,1.692710161325282,3.0,2.0685773493048742,922.906913652369
6.9143868925792935,2.0169061955901126,4.666660927457746,0.9550257592886529,925.5822945955967
8.274216059379569,2.3547728686280087,6.244633046598997,1.57200186129116,896.18970085633
6.521207560175032,2.658820244689464,6.154668225071929,1.8726474721960469,931.1806892134128
6.583234271971009,1.7711198368420582,4.548347176382788,0.7943185049266621,931.0083173542758
6.70800896735158,2.424919602393684,3.921971417278878,1.9570070536750228,937.7494580472633
9.52960374024961,3.6766508027613596,5.62657930672293,2.0547744616564065,881.1973933921616
5.0,3.0062507994327152,3.0,2.6040589854375082,977.8345391562449
8.093398252144414,4.3403002158569794,4.351325747662237,1.6369877197726361,914.1381597032797
7.551407721300333,1.3432296416482836,7.2601610751553105,2.2195800034555915,904.4985156973951
5.0,3.6761895075020155,6.945067328873769,1.9236698007089514,958.8280573053049
7.964590168704003,1.2093263600774053,5.987249358765145,1.6653834110386851,900.2971601775275
8.213627987747298,2.353566146740463,5.807336314481256,0.6635381638877043,895.9672170846305
8.3844588470361,2.7324765292380992,3.549829215475601,1.9107197541364018,908.9838465951286
5.0,1.4892228080955277,4.7593327633508835,2.5956099979220024,965.3897034772748
9.549584117781658,2.0879642774742755,5.204831402034224,1.2530265675319066,875.371948555174
6.393394942972739,2.910461102451841,4.7805862504988115,1.8257729109613812,940.4751897005045
8.529851620129765,1.289729101688092,5.149756665092136,1.943610138857892,894.936965283169
8.61161067102343,3.669383459547647,6.799224424346294,2.881952505425411,895.8760911180743
6.18495437157106,0.6154033752726511,4.958176938728678,2.0240862590848323,937.8609022244963
8.490689928527326,3.9396914427283845,5.159060819443234,2.2304699002504726,904.0826216731247
6.921760138631463,3.001326134799592,6.239531286683751,1.9930751623491685,924.7393804584051
5.0,1.9102744236722213,4.080524281397197,1.6061553400212187,966.0401255984276
9.251612888291668,1.5973317887632685,4.659795421161153,1.0924208659539918,881.4823128813739
6.33743255547564,1.4929717372089764,4.762277412243157,1.7719423220763073,937.4461810861592
6.218259805892918,1.8642043597429852,5.5555921465517475,2.3146874435673657,939.0286315826795
6.895401197944917,1.9515041384511738,5.1550379325063345,2.0984610943996618,927.7355831495156
7.908355087991082,3.2552262466345816,5.186659090652866,3.1836135437713233,916.4217542027699
7.414094383766846,3.968654100384584,4.835146012897505,2.7566816292937437,927.651816103009
8.322100387060756,2.1993799206540077,4.429169739785245,2.992446320417181,908.5914638012451
5.490765950207011,1.1543715120105957,6.109142924210578,0.3741787122789715,940.7868800567578
6.386420444353898,1.4542739593638059,5.1621958810377455,3.2634674019071634,940.1158919699118
7.326004391517699,1.8169092153887156,6.1190189801473736,2.2134492762617164,915.2960880787136
10.34683093898806,0.9698778947032245,4.388372669518852,2.3271403699374407,865.2159331239487
7.329281192379363,0.8210585978926213,4.834757842250357,2.716821876528945,920.3010767240878
9.127833395492447,4.097127212373027,5.278816972153233,2.017053846730901,891.3202251556876
7.557832753176476,2.302613525946254,5.372132963183789,1.1436955619973457,911.8327317401331
6.7745120438436475,1.166866866319653,6.25436872593221,3.157926106503738,926.6243050821491
7.129913363828339,2.816603570357713,5.069490710407641,1.3854223519008904,923.5325747397667
7.2473704319566785,0.8216538751931544,6.246742242810876,1.21142609641399,909.6604779269842
8.405468608441108,0.9039879521289464,5.8749440085596945,1.8125592679953295,892.3146411065752
9.561916901364832,1.196957598935755,5.393147389917051,1.691196852362772,873.4109742633201
8.039521271529482,3.654513280865033,4.54870120350348,2.0030454673825004,913.6708649455368
9.280616518112634,1.7471199342216261,6.25687526546332,1.921433376288912,877.0182595549736
6.052815393555472,-0.4417069869024868,4.573662532686349,3.0777038140553934,943.0767985977049
6.878054236778954,3.210065933175593,5.478719619842721,2.3674580792417688,931.0651729719821
6.4135461986885,1.6936186358376426,5.44605955706392,1.3137624166936572,931.7062559481341
7.971666886312279,0.1505919941215943,5.292904857382718,1.423596593233924,899.5409193181914
6.961562422230879,1.6833165120365903,5.110680277014685,1.689449081873535,924.4414793115391
8.594659405551294,2.521003896604903,4.677923305038329,1.6926391961836063,898.4272103696484
6.103497432551338,2.4040491665329693,3.8830635626299217,1.5882046905492342,947.7441208117862
7.564546459981922,3.798414979164819,6.903804732840352,1.118606385565125,908.6655373828007
8.530286866518384,1.1472321374300694,5.008276535742751,2.232321709948922,896.2631928159941
5.0,2.0467201202649723,5.371887904882531,1.6355163979689493,960.5251913782799
10.682446960995305,1.300430721421578,5.365772616066059,1.2385588327639656,851.3012844314283
7.075272172680187,0.45780710581277706,6.595604337228748,2.3883801560741524,914.6024334258484
5.0,2.8855273723059547,7.43319422151764,2.678257599018633,957.1593865070259
7.737140847865179,2.46326956914752,5.6598474195886865,1.8034903217598177,910.0623958234884
7.550165201959726,2.2836784496988525,5.342997331543082,3.4251890916148127,920.5451559473406
7.37715843064126,2.4267901932586446,4.376542992840587,3.772416559224939,929.9480625128723
8.98678666939,1.3145271473115798,4.056411550587235,2.3975121226890206,893.2797300765178
8.621167457140583,0.9943049126818067,3.726025070355899,1.6249514246445191,897.8491987260901
7.946814286535767,2.0376473721693604,4.7041550404765315,2.2151628435014064,910.9503752783966
8.175233450919972,3.161211402411614,3.409145202686885,1.0204455478021819,911.413969870947
7.343462325842871,3.608077135453547,6.578829953740112,1.3025091139477372,914.4419105662321
10.163236273860072,2.795432706807433,5.923096243993425,0.6538486892792796,860.3629821477449
5.281205972463351,2.029174426768096,5.24835948531522,1.4972280139988279,955.3057821682246
7.709477511323845,2.269783929399936,6.60938398076079,1.01398379984702,902.6847996772956
7.59753694678317,2.0115938593253713,4.428843922596725,2.4992453855325496,919.7112282514571
8.719920609096889,0.9740566603005718,4.680018944635445,1.400673179527753,890.6855108883249
6.234219183862651,2.0246473782105427,3.566206719698255,2.221297033213264,948.0826530823185
5.0,0.6651731824115068,6.274353695020212,2.598325152578746,956.0558580646771
7.73523452414729,1.8759227738969604,4.689658713690727,2.937073929206817,917.1874643880203
7.921845738327907,3.6361051105963194,5.515695613275824,1.7172603669511755,910.2486264889905
9.734399114171474,2.822859222783352,6.502576400574678,2.248509999151835,871.6534306421487
5.59445693051237,1.0768808157634702,6.870850755499421,2.274001200450804,942.1674270210547
9.23204065007508,1.9275709303577169,5.470853648509429,3.017673105217745,886.1582412901427
11.051121546040683,1.1656236882452622,5.8842374362713565,2.6268464632671567,846.8213940985396
6.933352668716284,1.93748623182279,4.59614975395634,3.042675991029369,933.101885279395
5.563586670760164,3.041107816524563,7.183373343007533,0.6682788333755076,940.7952899471364
6.889538450439943,2.6530079383099037,5.333849439700634,1.4685831919425194,926.6272065491198
7.521007451057071,4.484144080745336,5.58028495186812,2.825453467379141,923.8923852680816
8.345681812510373,3.1924774025075715,5.093146927736774,2.46456146951826,905.8723656929351
6.612907905242929,2.2040003810776914,6.699248998413756,1.899963563421976,925.7754306389941
9.832797801221012,2.677149974133293,5.69959392308319,1.6207600933119901,870.8153251299049
5.8282015274879075,1.7975568258166643,6.260934577413624,2.6309476357031434,943.9944145525957
5.0,0.8724957529135038,5.853958139978882,0.41633834284870197,950.4721364351241
9.160065636430977,3.305776578287521,5.279590616783995,2.633752948250188,890.8033604152511
5.0,3.008991476931648,6.429468561299592,2.0725506128326523,959.9179456903337
7.193805346690926,1.7589457854060357,5.845316194575381,1.608928385926188,916.6171725837015
12.17652169381207,2.273935736931338,4.539020939152766,2.401952721522516,834.3997939581373
7.481934670560102,3.2409391873848064,4.51078861619062,1.6911607341719068,921.9041863262188
5.818848523955626,2.84635142620602,5.648826729031634,2.023214987780696,947.6800533980874
7.413903804319809,0.5368987487503012,6.407457902387628,1.9630033592877139,907.8170299991127
7.4237988170707,2.243620021489824,7.139420548506403,2.5956239391867713,911.3444573656616
7.740974910529674,1.832368474511636,3.7227865424191973,2.1273454569466104,918.4429423856277
8.49339447323943,3.1130006991386807,5.525659849098721,0.47270427910937984,893.4822763683213
5.941333247448391,3.031042738782661,5.989647662174996,0.8863249579974213,940.1030780533004
10.03132208285519,3.318607828178045,5.795669134994763,1.1326670374408585,866.6499850010646
7.8676714265589265,0.8821056612797924,6.509327105033709,2.3652357334228653,901.3626921509009
8.590191069602707,1.2158884659437612,6.155533976491502,2.4454819372182035,890.798734741139
6.557775900366536,3.1140824361354387,4.51449981641966,3.3362857478033634,944.8422170854775
9.4295732054933,1.4083541846575542,4.485208311309269,1.1884556712259504,878.8140830023916
7.114421386780403,0.47856701908569255,5.812454856151724,3.047402375910253,920.0253859464142
7.916328770240297,2.5325964876140654,6.490505424422525,0.44969706801857545,898.024251943438
6.100340884219336,1.4527815597340272,5.6434175529526955,2.014206365992897,938.5478761654418
6.00460256039681,3.7897907703084006,3.922066930431722,2.196162720035755,955.5300227178053
8.532307959679324,2.2961845539884633,4.452828584683727,2.1932722052555436,901.8687465403636
6.834589754688921,2.1602592866416654,6.1915158558653305,1.7523235857943626,923.3418489818976
6.219265368743434,1.630756108384243,5.151354909082867,2.0943164734883593,939.4185306379054
6.535224986959454,3.5908353339269716,5.617957303203288,1.0118243434917609,932.8137309221045
8.548429607576132,2.358554459889821,6.565418039151758,2.692129189437138,893.775102944827
6.556443208194583,1.5915004818437937,4.297790952380044,2.1998323467627525,937.3990910733152
7.323517602596754,1.205916293394553,5.085757344098046,2.289786730785495,918.7263140387373
7.522541625430645,1.926526945435782,4.977127186626056,1.7767868307567352,915.6317415373597
5.0,1.0223531628451945,5.855402536527866,1.7376163002009328,955.7986761662311
5.293310391939723,3.028877441678944,6.272888178271992,2.4197847153322143,956.5376638842764
8.004416833871344,0.1916579459757659,4.0197325431012185,3.2719790799659267,911.842578411318
6.394455958270955,1.8604859716669293,5.494463640833731,0.8850951275206169,930.7071729816109
9.085087366920629,2.610133545087934,6.369329104046212,0.8447438601648873,878.5347143920702
8.950210656375816,2.342119420109657,3.6452135485391643,2.212964249911139,898.052578982478
8.578752999533156,1.282717026984331,5.435607558560393,1.7342399309165462,891.8997721096732
10.229657680968897,2.660258706706549,4.284215559216772,2.099284617337995,871.7482253518292
7.3753660083852255,1.1139606116140923,4.858433096450467,1.9809685483205286,917.4136314516959
8.473322888855758,1.97761534350319,3.0,2.497607494282955,909.9648409543894
6.623398535105953,2.6518415719803556,6.892734118755027,1.7710692558240446,925.4505892123091
11.178554869303085,2.4629127794931134,5.144170872596487,1.0334305680805858,845.5843732414346
10.475450478654029,1.324960988580532,4.692808135964086,1.3681168311264227,858.8310990347321
7.517820651776688,3.1974945165643636,5.82826704545715,1.871638676084403,915.6605996918264
8.079879344857789,2.086694571485534,4.4576897673127505,0.9960236249028818,905.2230725067242
9.538946399047209,2.7429954109391517,4.362755471118706,1.9705168745992128,883.9820640070493
7.27929074277884,3.5291010066732476,7.010329169813727,2.0486037245716013,916.1841592087045
6.515063893800443,3.117520548774607,7.308663028326799,1.7137571201030815,926.6175873114568
8.810984626510324,3.120129406331044,4.907936327717518,2.1673777070334355,896.7715881368495
7.617658869125505,2.192679929849472,6.567354709916179,0.7085771353101518,903.2368295807892
7.774491674467891,2.7939351209105094,5.856040443988086,1.237452529149409,907.2722691861287
6.2485929853980515,2.213596574564316,4.086168708289651,1.0858408909571162,941.7007485354442
5.0,0.7906755322215866,4.571868106150215,2.703885390357939,964.7152516934312
7.854213614818652,2.3027437925050425,7.051099799196935,3.8449312020645072,908.5618119508763
8.8574430622413,2.2563609837384657,4.0732049671758235,1.2953443360221804,894.1350840195771
7.161289876385937,2.583729361521819,7.780999338074858,1.8118062104260506,911.2768853986042
9.6546442793383,1.8720030247866049,4.928637824088221,1.4452566059076148,874.8146935354284
6.444125511876683,1.2385444432361492,7.0808149062932335,2.176980192646355,925.4773814781034
5.917943317551121,2.656506083175227,5.194436205357163,1.5132730804638759,945.5231537700228
7.399154539205803,0.686727712747752,6.299903591501151,2.22622390139775,909.9886971020576
7.376111136973064,3.4588191358564693,6.895033140120689,2.5320212933772694,916.5216533511428
8.654953097002833,1.7685819387950077,6.889953817681009,1.020940049687394,882.4218277376058
6.337555763904023,2.245528172056168,4.9156344692070295,2.2172114524199746,940.4868127126115
9.552141355222346,2.558558153281572,4.642611900100873,0.5647551814247627,876.6912919799511
10.45037544376238,2.5906880448441907,5.418787990248865,1.7947728284476374,861.040227158303
7.441283959547487,0.5910157000482652,4.199520378966022,1.7410556596153843,916.9000094471286
9.374565630276479,2.8240865805442636,5.7392641756105585,1.8166903595879262,880.292790557654
5.91525439406211,2.3031538283762734,4.679203347722485,1.7503516348870276,947.8650799664847
9.112832311772873,1.3647386154413912,6.582709773542915,1.6040583035468892,876.3764361803259
9.070914612839193,1.250333049054086,4.929887583781862,1.7873742572840918,885.2044723805631
8.795155920284818,1.6659469179431545,3.7577410305199797,2.1905101534214797,898.4432937625738
7.476655366694559,0.7012583133895081,6.900914776169296,2.213005765910199,905.7438486138367
5.0,3.7222673909870254,5.683368003331863,2.092159475759706,965.4502980551867
6.5374092845218055,3.4861513251433442,5.529134890420074,1.5411220610828194,934.863046331819
6.5611259734730965,2.451700200975939,6.59439478494621,2.864269318603826,931.5044465693296
6.0326175929092845,1.7766015836579092,6.371576502298157,3.22028406692656,941.8116571835732
7.683364506820599,1.8028920120626046,4.7381464559895745,0.9692685479637986,910.4027868648653
6.871554831718148,2.758065706173968,5.050218393973839,2.131415324759936,931.0394329263964
6.263081985352467,3.757826899501951,4.387044749940662,1.625486453980406,946.3480636436376
5.9117997776282705,1.429603260403257,4.0355479448751845,2.7404784423159994,952.1683990943852
6.426730521772157,0.8824139573766758,6.07859253491539,1.9899246390331937,928.7718116059657
9.182248817774893,3.547640773595271,5.8921843100416815,2.042542358322509,886.0176902789837
6.508462418058759,0.21286141241554857,6.260829211522516,2.395974258713155,926.0466507735797
6.7275919403500914,0.9914691917473537,6.781605441495943,1.7619688331757954,919.3630477109213
6.814953577465131,1.7531421074891471,6.2744747949256725,3.3419848619184,928.0990058289754
8.00849027071413,0.4395665321949689,6.363459476305258,2.4077917826532405,898.3453704561917
8.184374232792798,3.112149062806598,3.422038741827863,2.745285995979864,917.4635189108299
5.0,2.8569052705051,5.193014758075006,1.8235555232286946,964.3168736260711
9.032452820741412,1.4252067727846829,6.464576494669987,1.9017154707312502,879.6968052811839
9.65455205136563,3.2796141191777477,4.331791263794783,2.6492998876512037,885.9980214425219
5.924720193957496,3.449292428403826,5.591671382837764,2.5689458146076687,949.6889367677823
6.041552632897748,1.8868293517099364,6.019464440613506,1.0010651741338985,935.3348277182979
6.824619918332592,1.5493318224319925,5.942853493838487,2.102106077186255,924.280271164383
6.365993970815093,4.259602027742478,5.8687963079583,2.3790703564531412,941.7470406942405
7.835890310919909,2.721161822084155,6.098912719045575,1.8957595000026422,907.2467628969524
5.0,2.2563246529688534,5.680743894928219,2.303142052546661,962.1573751058405
5.8231085879448905,3.3635459466396123,4.0370717926089865,1.9296046017234434,956.190218738129
9.808795800262361,2.3019306350030213,6.006955535403494,0.20259924483548453,863.5101105379404
6.107670048977973,1.4943794140808115,5.784746560553744,0.9512868480222669,933.9163712223632
9.365142417154388,2.0801597604875535,4.050251549144546,2.779987547354255,889.8298807453243
8.033007293385205,3.0386542873197353,6.879735211086571,1.8044957996621347,900.4958654478478
5.0,0.007814433650786379,6.03383769974804,2.151752796193945,953.6789773678988
8.452993792824309,1.711969260560779,4.1196516790225415,1.9970745576070428,902.5334467372758
7.32349904671072,3.383057398581605,4.68277483602785,1.3397613609370889,923.1406571483798
6.81679941562539,1.4881315989064823,4.93594795825382,1.626337222541553,927.1672344922912
7.867435639758006,3.54610856043141,4.935236561199352,2.263159581470534,915.7394436175981
8.211950228350188,3.4147438193598125,5.793050188818442,2.344796908557744,905.2798221305294
8.56138773296193,1.9344708845110488,4.523648248941738,3.7507275763842527,905.7831041612643
9.267379271322003,1.4314606951109994,6.628136747121935,1.6178062569779101,873.5279242946114
8.112203869167535,1.7126411258503655,6.545803451367991,3.3365113266607134,902.575112860923
5.436548866820457,4.6646144920014345,6.119317309599589,1.3116680936795708,955.0290453286733
6.789531813523213,3.8744244469332436,5.544241775393851,2.3908801549962866,934.3477023964167
11.914572502902931,2.1253909718067385,6.437447515151537,2.142298095625468,829.0640102276184
8.586736590572592,1.3918464483795905,5.224052277195991,1.8993075590598514,893.6535320370701
11.053930951217247,2.117041035581263,4.775511138616791,1.9954732385098353,852.2304624493194
9.593151123298778,2.2438269266167645,6.69010964561974,1.5019080064752877,869.0157541638598
7.862703107333623,0.756641262390646,5.81754275701901,2.7231236443710767,905.6531974625865
7.9521106046716765,2.0800412692152603,4.815942359418608,1.3259079675288732,907.1423035621283
7.4451299401847315,3.32240432481173,5.082257632958421,2.254020736251915,922.2525503243892
5.0,0.2006433187835266,4.763572016234733,2.604686666861904,961.8086193846408
7.527070878702337,2.826583965137248,7.522174858828604,3.1073624747101753,911.1739262312383
9.316011828813295,3.3747979700547797,5.504098437450525,2.7774155751183818,887.585794525821
6.600540007768195,1.4394426549056318,5.6577713112536685,2.4579435571181794,930.7909142978484
8.117929498592714,3.694175758191056,6.221219047861941,1.4898144294800053,902.6367027966362
8.777386568839797,1.3096629375516546,4.284639017392994,1.3713798781548683,892.2825311312076
6.135479341031287,2.4410826618604036,6.5965472662862235,1.089136891896256,932.7783493330318
6.823045703484503,1.6932273153363697,4.892153869212147,1.0125875444586034,925.5437642985262
5.973132764284261,1.6930036428373965,7.330016286115149,1.9988767694845255,933.6844565998761
6.26675158996589,1.3827009302419544,5.1873412699854065,1.4180666381067826,935.1602270103346
5.568592074520408,2.69857548086202,6.537640014763186,2.9593805075916793,951.2720824251177
6.14932730793296,2.848805457731449,3.003201882880913,1.5368307267516568,952.0328008476375
9.629183521196758,1.9355778004228112,4.32486692391403,2.0754046698973463,880.6173227447379
6.126784456364561,0.6400317863277258,5.206392841002374,1.7882849852478626,936.9801912299345
7.689688828591035,2.4031701666343896,3.469217001875109,0.8769140500926793,917.5168937607422
6.745696869493566,2.422014359410694,6.100884448841404,2.8715526652642547,930.3105215178459
9.268298905555408,1.7832849886135727,5.812958125436249,2.556385667715994,881.7745048755262
9.466743444905426,3.8672312871808083,4.509172350140123,2.6484176711384384,890.302609524477
8.79610497320842,0.436070735099346,5.484041370135501,2.475957328199163,888.0288537390214
7.959201829654133,-0.21728371025356807,6.306477229923125,1.392411972003904,893.9172778335377
7.153410694738652,1.2691651003023292,3.396950483130026,1.4079608278105782,926.6393262406053
5.7121879437131255,2.7104245340914495,4.226510983765343,2.3615901129544925,957.1572278427328
10.415293321683295,0.9441553625661592,5.164911700776655,3.234335652787361,863.6346268980078
6.36049047337117,1.0190290814739247,5.523723626632475,2.308783118274559,934.1513266687488
8.495469520549262,2.9510213361781545,5.441388578398456,2.7827733414807785,901.9770763864765
9.089348358935096,2.4625479227977496,6.389294785435711,1.5793021341616693,880.6834124152182
6.667079254642006,2.3770609096284,5.977211245655397,2.8782807279759854,932.2474978172949
9.057018790973943,2.781428919465528,6.196634840571059,1.6644252862921802,883.386947229545
8.646319805008282,1.5748070467271158,4.110124267195635,2.19212741699696,899.3247994359836
10.091945753072647,1.6210159259418087,5.64482385479938,1.707071123696949,863.6243170815619
6.7959803003599335,2.809779272561425,5.192857490762057,2.711324938941515,934.0833920245705
5.571203974080428,0.6551132192188005,6.962071881668767,2.722209591428112,942.6663573940774
6.741765366833233,-0.1427198463985464,5.674395637377899,0.8185751358854647,917.5741355971365
7.8132803138014975,1.5667158263721457,4.830946065283971,3.060238267377744,914.6743104699451
7.5873190906275845,2.9308732890656914,6.35250127595504,3.901127354207355,918.7360642152806
6.909843155588174,2.2555596989868034,6.0632977958646475,1.7157338535749678,922.6681240507614
5.0,2.8572915041230154,4.67839832735952,1.8985587426694222,966.9899295970117
8.20572449419366,-0.016294310423165204,5.151510297230825,2.991543835392122,901.2120834674527
10.4585167186233,2.3154968083234917,5.168553540391638,2.0534139642445726,862.2467511129979
8.196376857184505,2.653864504642378,6.727461092279537,1.9968205519735245,897.807150798562
8.41370327858027,0.6492025773893153,5.703241873878442,3.5175749871099304,898.5916984478374
8.358667959232653,2.862057590546545,6.226782478560172,0.9165622708735783,893.6789897582424
8.0955700048236,1.888481103494207,5.006728278869917,1.3688294958930167,903.2120194170068
8.897498950302142,5.0,5.834800291139441,2.3342583948446864,896.718139399404
8.093060521778499,-0.1772360688967356,6.803360902929658,0.7043643248994396,886.6691927527011
7.030984245520086,3.369114367674751,5.1389232347493525,1.7015926532775492,927.7674537477469
6.306016634986869,1.6058419034739262,5.615154803837776,1.6942674959398187,934.090594746987
7.126539517078987,0.3828482855599564,4.136693743762393,2.7694190561778522,926.2911246795296
7.971194244675999,1.473044856435008,4.734441910089973,2.5542824276015352,910.0423579472395
7.02587555831554,2.277479241337466,5.165557108002177,0.6534182009365423,920.7937568539363
7.971508024697146,3.037466669565043,4.439160691048279,1.4455013266523604,911.6496504704918
8.158725200550627,3.7219642881321757,6.8219736775218465,1.447954972725119,899.0062065317079
8.749769146905273,3.4218930887043424,4.661992979758487,1.8267392985997273,898.6285784199611
9.42419245325847,1.0346179792955055,6.286798592117245,1.1219622483125222,869.2466906420043
7.617011127718286,3.130164692266117,5.686836237531477,2.361318353577333,916.1070682866487
5.538335152278509,2.391284957120874,5.530851948510463,1.444650344557005,950.0242889191653
6.982343854771215,1.345396979071012,6.986163644965158,2.4708975488029785,917.2981398053226
7.566093851109899,1.788089406522519,3.2393997030724204,1.9977166049346426,923.3377209646238
5.0,1.2901573405552762,5.3037951031768955,1.2215398887916884,957.1910201366818
9.582996780153723,2.037092341936456,4.419619663434558,3.110621842196397,885.1700293411434
7.7135668687656995,1.2703421177058798,3.5385795908669624,3.1341813074264344,921.9866701154523
8.072029251870427,0.9720059267825609,4.305268266242308,2.2322762521678237,907.566722670971
9.5482896937894,2.479119127782772,5.517237535003071,1.8086350297247857,877.101521834843
6.554785754786479,2.6287305482596373,4.774652870793554,1.1549657493001764,934.2194799288225
8.361062896326045,1.8124029999083882,6.396613589825148,2.8568906958979445,897.1342146941333
7.335203815347096,3.3676513039359723,5.2861541520586695,2.658111628018506,924.9785146216814
7.223869699476121,1.739569413504887,5.175261645279057,1.3488032439895798,918.1520036705164
6.341711418293431,1.6972254548744616,5.179719049493907,1.4505498130553471,934.7997783632611
9.99840482052979,2.660488982345697,5.401505593870461,2.36553637134057,871.8452288887796
6.936749939886644,1.8675744150566633,5.081521465057247,1.0596450021190662,923.2097883314832
8.549196370343553,2.0847977290261435,4.648746302435837,1.4994508610004869,897.472820072188
5.0,-0.520438470619065,6.489184883976036,1.1675474680218947,946.4265435375257
9.26998279453468,2.016707384737975,4.875904949611054,1.1933327922925183,881.6811735967107
9.078316733935587,0.17280406252873992,5.116473383653814,1.423948404641839,879.8409189145307
7.646151165445954,0.7790494290011294,5.92940508009031,2.724803323604434,909.229670971007
7.159586300793113,0.664677461244495,5.818741246157253,0.5963628157277037,910.557467801996
8.10000000842035,0.9574168464661739,4.60656193765395,2.346787423983177,906.0307290521487
10.933185991320434,1.451146140367747,6.254981944110747,2.206357866248158,846.523423515394
5.0,1.5135073844545146,6.037670339838405,2.774675011267944,960.1793095642962
8.673041081361191,2.6642752042571254,5.677974834187254,2.2056391897043994,894.6271585132888
6.132574046769146,2.222387814134697,5.068683149418508,1.6969285402670935,941.5877822565272
7.470122405550403,0.09892557118201428,5.0932693094785915,1.347752219648108,909.3716615683759
7.128179821382005,2.0832946375468078,5.298202896998391,2.792329339127561,925.6890690315623
6.857522613303367,2.318255246583427,4.268168058872234,2.3975584674042345,934.699947555513
7.484302306420906,1.671433483747042,5.460731551403043,1.6054914729470282,912.7453030855642
5.798743282083314,1.9391140230932975,6.392102040446999,2.7271293793333284,944.6851498807221
9.04377065419195,2.1903101253970565,6.376371189834024,1.643297427835109,881.0697714807059
5.0,2.76459959763558,5.119148228723547,1.9992465076048034,965.0563906221286
8.309646769242512,0.4251200125372654,6.5640832727255365,1.5164130331642958,888.4547241922656
7.010196221198143,1.755682961360351,7.405904554529445,2.427073523520183,915.809963076843
5.74361265928882,3.508336098057729,5.183792464737173,1.2046469198480958,950.0437138316161
7.803575055898043,3.4166613082979564,6.1915147064321685,1.7611290495470788,908.8568456898532
5.164573369940284,2.85093692777578,3.2371900373092077,1.4763569733991084,969.0421636151619
7.559570732579452,2.536824683955676,4.241853271818009,2.210969569329613,921.679914326211
5.365684638282668,3.6546347484020885,5.59112102933352,2.3107903345928262,959.7021239342687
8.191908126476747,3.9178480016066657,4.493266937481612,1.1166712583266596,908.5316305937008
6.113463999554437,1.8709200119531475,7.539202044722448,2.325145111059796,931.8116867468199
6.823508974456036,1.0305675567116799,6.097879687296553,0.8186212930471712,917.3581472225499
7.940924081914743,1.7297076823755049,6.46583164685813,3.753578537151169,907.7318915105254
6.341186832236646,5.0,5.470973593839413,1.5908215445759208,943.1917538548674
7.413054000497546,0.4306436572748058,4.496791980136348,2.839408531975154,919.6812084258559
5.22925424813272,1.5294608604705826,4.98118971782512,2.160933114052667,958.5892057818335
8.446313405394234,0.5873088475073687,5.754380479626359,2.1934364008153366,892.6488765249833
10.147370708326157,2.1247638628773853,4.8620846615909885,1.067140859322994,865.2580663228449
11.688313301864941,0.7973089711051324,6.171191991727199,2.6747526872653102,832.7859018497909
7.636752219999659,1.891248977166382,6.211414969204639,2.03891770553152,908.6446876120763
8.68230621119578,0.049904839981240956,5.504981303939588,2.376111750947512,888.5993116255119
5.0,2.6176206650846505,3.6743649129830005,1.9274285417239059,971.0973989854282
9.754101489458382,3.2223452564679747,7.214784933665959,2.1040344503333,868.552313775313
8.664342757086159,1.616056377936541,5.287327143310482,1.2902627246145852,890.2757281318129
6.7740998325731505,1.864869992924298,8.209276648471036,1.877687138535421,914.7265901343596
9.355771200433514,1.8365927692686879,6.152535696352195,1.664088633344524,875.3978682262002
7.1182858850319874,2.180910675225025,5.290044923267943,1.4355430417951083,921.1361345445647
6.812962225478165,1.9618304130335718,5.947821876498004,2.1076205917559308,925.6453863340861
8.213002388141238,2.768116952430694,3.480714482921388,2.2907095646548123,914.007319112786
5.904968250254522,3.2330391334509456,6.5261424032359665,2.2006176077838773,943.7375050535028
9.032437146599921,1.1859287775078171,8.066941237529477,1.9181913641308275,871.6398054825429
5.9160152821097345,1.6906715072257033,3.410766526156621,2.328887244024204,954.1924854590603
5.92491781526522,2.9016194489247447,5.212590990174292,2.19373136958542,948.5241794891143
6.1354653173874985,0.5783309519409676,5.394661877208474,2.078021763595983,936.8489516840656
8.639250056274182,0.02927871815443006,6.375228629163064,2.1329208159751665,884.3912888867704
6.574836957720438,2.2263159528984784,7.605975674165537,2.946402391814349,926.2222841076662
5.478006323449247,2.4963464110704923,5.882882122595564,1.0359411508778797,948.282188081927
6.591480000096303,1.2776998120464076,7.641791824215527,1.7451230641456856,918.630780289838
7.45193644397927,1.421348945879545,5.670432476884662,2.2705396868982977,914.1484423187375
5.728541274503422,1.2398076782591012,5.95142381879623,0.7338112780138673,938.6738529133884
5.772478336448485,1.1330747606555656,5.828235566160255,3.1060675866608563,946.9564575640203
10.666944501149377,2.6934958206046,6.720299783005086,2.203854300579585,852.7686296252907
6.20915189427917,0.8195015130023613,5.077678941889797,2.765521411538992,940.1827165588214
7.01543644684049,1.7344771385666513,6.318286758761509,2.8958095028439064,922.454451227706
6.949144498801071,1.0946638324851476,4.269203393743573,2.329962343128522,929.3256885504642
6.867964788344337,0.5447110240987845,5.215495895348591,0.21392503564475995,917.0293439132585
8.432020109953653,2.870178174746771,4.863256377061192,2.118155377384168,903.1476189129401
8.922214425708074,1.4801747778264611,5.587961558617942,2.1695095308228782,886.9730535190533
7.041068352702612,2.1884400804207567,5.183920250596218,1.1305065955428764,921.9521318342524
5.645282570111476,0.4919241201989899,6.632133692456975,0.5682612345977462,934.3547226140603
9.411660341773356,1.2580605462435241,4.621331904828358,2.369335442241083,882.48784105472
7.356988363204976,2.7560878806950058,3.7686840641889874,1.0006477302256513,923.7575302894871
10.095482722285753,4.587271455845309,4.142716180288443,3.6491337671734287,886.0436561028372
5.0,0.023783935609688278,6.494168046301319,2.210509825450525,951.8015723157258
7.79310483192498,1.7988922047105738,4.530442656683778,3.0812093740039272,917.1726998950529
10.377909500814312,2.4122805981435,5.897844415520709,2.024930719494225,860.5189118980214
6.970103796842762,1.3838998467607162,5.20521249675192,2.601231062381026,926.3994913933481
7.161759864998046,2.849521986994124,6.3242440547532555,2.0426111449837747,919.6422114594869
7.943267537385508,1.1332673293396869,5.26923429488339,2.8044583443005386,908.0576852230776
6.661806271672564,2.153847660216641,8.264348516117137,0.36933447877172254,911.7543419799808
7.031892101920901,1.4779280955016403,7.398117015818505,2.7105182751115366,915.7221101505797
6.993277358712896,3.2194310829547725,5.184789819594307,2.5350113287473732,930.9382233312107
6.558868898360441,1.3236354969643944,5.047865410905014,1.8766786735335832,931.9166520318631
9.34328482530084,1.648126203713484,8.632326150808462,1.6726688922681654,863.6051860357433
8.191617048444652,2.9456890374971554,4.421149038671411,1.7607181995921837,908.5559239862074
7.875942348154953,0.9719613409071364,5.444976452081651,2.226213574705599,905.891618461174
8.712856510335175,2.068750056763572,5.522448919705427,2.9712314917247724,895.7962752387219
7.1034662501948,0.17746565631339828,5.4976621021854255,1.5726486337779906,915.3667810699831
6.338694272470649,0.9120665413709252,3.7612882794694737,0.6385863270729528,936.2405028196491
6.596063543078164,2.3821312758908038,5.9966024096759405,3.987664787396051,937.6192761626018
7.502674561656914,1.0093024904637677,4.529649908607683,2.5372596516109516,918.3519409305424
5.911182437440647,1.4554270681762085,6.935989124169071,1.687030708766412,934.8460529930404
6.749608475119986,2.4930864020479375,4.044034957565378,2.951077375197639,940.2962387075381
6.725825037192848,1.4208138588530699,5.559465927375476,2.7469551214520838,929.9408814639188
10.68683434474352,2.822842073216358,3.283879353048112,2.39382589893592,869.4456039244121
5.0,2.2156627874860644,3.345616293659276,1.6183586464044042,970.3548775761949
7.23057041789155,2.435683111924503,4.6606480417073675,2.53385801518747,926.7708845320446
10.088540689222157,3.240965598738532,4.801789917662972,2.871647058954168,876.459641143125
7.682766696198681,2.319823062614066,6.965726412989435,0.6239418141673236,900.2132815236994
8.630126210131639,3.538847290469344,5.459408163738102,2.1795959855776896,898.7848855369277
7.649739472649652,2.9112622830378236,6.792406900911554,2.238540562221975,909.2899463806191
6.498999928175279,1.4765475701655433,5.120213405323323,2.212861329143098,934.3710208663606
5.0,3.2931480750212714,6.1060851828803315,2.0369468932129418,962.0820294716681
7.808183530554454,2.2638660209029453,4.774524683081099,2.9488584602831214,916.5621862259325
6.336590093096413,1.6053202913394966,4.706526930901399,1.830946453538269,938.2540384597147
6.299496890752044,2.2783856953208828,3.6791498610821054,1.997771640568824,946.2197175708413
6.751519116031332,3.112326824390263,5.835753993851275,2.2525322544627646,931.058300197059
10.11729210993524,2.4550450942422217,5.762083414700149,1.8575443781561465,865.4943197765255
11.10725631338096,3.8223928325513974,6.277312887285852,0.8911989945990764,844.9052639079619
7.825811906292602,3.086530557898822,5.714918287141395,2.171304034951146,911.264199774306
6.802849164132408,2.5231600334021627,7.526195977193968,2.1803651018971664,920.3307689254348
5.734160373823185,0.9739319172588423,5.676027636677509,1.7078679348676404,942.7316273031983
8.202810242319103,1.820267485989879,6.491826714338121,1.8941480667765582,896.075512365513
10.174358400097717,2.0716641397508515,5.175890917000897,0.0,859.1789839440331
7.128989419462265,2.696631501217747,4.591529965698611,2.9667248394673074,931.3200007487192
5.0,2.6373330412721927,6.217695170186636,2.72082414068848,962.2773424471427
8.505074507723286,2.169540410218286,5.410852012179659,0.9297350556139858,892.8667844511045
8.978099567175075,2.120349915377171,6.332043045929621,1.4596262039779502,881.6189336296711
5.121231539421229,2.7204568950760697,5.852936541844681,3.1588170888332723,963.5798127549094
7.7647262754944295,1.1414137743700141,4.706986673209844,1.0761194581432383,907.586312060163
8.176839024204149,3.6955158192498567,6.574337877677029,2.3827669513889074,903.2245052134784
7.390339046986592,-0.04716688516347123,4.6288100462153325,1.6063866151356443,913.5698896098465
6.313843621371969,3.455409482172029,6.125326263295505,2.328113565348133,939.0909164365123
9.023905835345335,1.954814471574838,6.781611111525853,2.040110420125652,880.3740029325428
6.894930381046976,3.002579814271594,5.115405161584842,1.7734145365783265,929.6519606690459
5.2722207559501015,2.3638404342926127,6.6559944536723155,2.310817498601163,952.8876756362246
5.0,2.346034410910802,5.897616834053192,1.6055622513212422,958.8042093030087
9.391274279998964,2.554254476026521,6.351943778396263,0.5726137016356203,871.7522527806751
8.424995964706678,2.8090542890877783,4.663244308897414,1.2578221849970124,900.8373490148266
7.631960320693754,1.67116917341276,5.7143002320537475,1.1617131000952434,907.1681766822221
6.8395880447237944,3.0347991305262365,4.091918689975497,0.716704673663302,931.599471419947
6.706502378695309,0.9155293764212165,7.211300515310464,2.2955200530781643,919.5301699177395
5.886395027337583,1.9946694266738754,3.486001678415493,1.8617866475115943,953.5041187160521
6.852816533160173,2.835969924272277,5.14524818037115,2.2831528526478557,931.7278931450646
5.0,2.9950175796158893,4.568291405800378,2.4166010844827004,969.8133000444324
6.395904519797229,2.460788848261401,6.174700415202238,2.6051750694081934,935.5906711459288
7.033593725473359,1.6066075620442644,7.423945945929918,2.325537392919025,914.4972422573836
8.414820070785629,2.8967077783687034,6.154915098687526,1.2163131225646249,894.1804909920794
7.440110304939954,1.3306337608812466,8.461283696951352,2.4636204202007805,901.8561152932987
8.692384670813338,3.7514090737489107,4.12205982344116,2.177443791366165,904.4305891635122
9.523702657670144,1.9153291025003358,4.198815867471435,3.752083823299862,889.3461568022446
9.087255140736152,0.4603743057940395,4.6068857683846,2.0063346718984043,885.0130448519466
8.205764771067836,0.8053165319834481,5.621244695295906,2.306319828586346,898.7703303115874
7.517794018771176,2.0436436368795876,4.47307762471675,1.9241395129485583,918.9387850309859
6.028817987379661,2.1398252713260533,4.748337245694975,2.0391166805572385,946.0498438009294
8.609916077068974,3.9696566849510955,6.120483523927288,1.985109316733523,896.5652613895174
10.019621073332294,0.9615006623857736,4.260828116886183,1.6523011390394782,869.3613443777818
8.013159059475628,2.0394621993039306,4.366803987029899,2.141882926203933,911.0175069756009
10.375888722639186,0.9405785929179433,5.101461247009928,2.4974083536984875,861.9112483103144
5.211642437908374,1.5073451467865966,5.195556929160679,1.664394656503473,956.0111520160347
5.768754922830688,3.683972030069338,6.510015717221316,2.668458630808181,949.34453342077
8.782802261622393,0.8636637768440092,4.59936025202188,2.571448263679836,893.9382622402055
7.896435315229876,2.5870424240678336,4.779720015879103,1.2957901985386828,909.6487929645996
9.470673264857712,2.3929073590143917,6.081670116279007,1.2290482195054846,873.5239821411596
7.476792538909891,1.9758285736417913,6.3013943237833825,2.358522720085541,912.6264414098621
6.198036866207502,2.5194366231917376,6.928724467126588,1.5299713720166828,931.9286671990088
7.179610136692436,0.8399796180567114,5.969120354864755,1.1634314821844054,912.0843500555038
5.200974043614399,3.6563225078035577,5.630364059961827,3.373517956922722,966.5413165064742
5.807113990354448,3.924845495123521,6.075038406746154,1.2269379485610519,945.9632792880793
8.958665996877015,2.0471046977593135,5.232587194111453,0.7811236414726084,884.3644840584959
8.809181121704414,4.423106130613554,5.225232405624522,1.3730452892631084,896.0100950306144
8.044506427209114,1.6009720684500794,3.7258896877212466,2.185318554978051,912.3528905015007
5.0,2.40043199385628,6.393415956689334,2.058841661867371,958.3367120464002
6.962394636730667,3.4318890637745136,5.7114589450517474,3.509770744131865,933.2824933184205
5.662500167009924,1.5409955397770905,6.2770392663683054,1.3852856417817883,941.6519044484091
9.264799880681649,0.6184509411205616,3.0,2.1889251255903384,890.3030018122438
6.624416799656098,0.388282934381146,5.452898292106454,2.90279111071132,930.0215627868711
5.871378433827676,4.060826563902658,4.644118493622368,1.4727873212053213,952.7156850836334
7.544694247682137,1.4709753493612223,7.001362504820233,2.562979366455177,907.4606558136293
6.539768314748082,1.8142632365815015,6.114216915483829,0.5342631193128204,923.6884539225919
9.72561586530556,0.8872359216789456,5.73423541081056,3.4070036315285908,874.2987919758181
6.397783653698713,2.9483392793291885,5.068067030658976,2.795806209205772,942.7709780362136
5.401157611163053,1.218440140775415,5.897208310131647,1.4554600022328228,947.6402089913245
5.0,1.508736972338678,4.571814370621896,2.663854222266973,966.5699770362662
7.453820246379877,2.2995204194161607,5.400274652314234,3.050546319567947,920.721360563037
6.657104829213111,0.9359540727544275,4.92163661301258,0.9690651329466171,926.2184740836739
5.35664309023241,1.8214177304857746,7.766489654981692,1.5200976808201754,941.6987804667187
9.283839691883678,3.40220958950327,6.96994775619084,3.076866731074346,882.5584336589868
8.500867721143862,2.4282543975168633,6.563047483982831,2.0539783115519703,892.4913186742494
7.4576731815941555,2.1305422924283586,4.009688977845842,2.3489329325595865,924.0344685803623
9.5464893662563,2.214864709463865,6.364157112284054,2.056157782885032,873.3803467072485
8.49380405009792,1.6108649040234362,5.687666675141937,2.7131910749326487,896.8649785097435
6.265716147722351,3.9961523197549256,6.7234601395161455,2.4103453124384266,939.0193395380014
5.941169754013851,1.1878428694659326,5.822395095126939,2.084973811137602,940.2002895662439
8.726972316680792,2.21092616196393,5.493282333961696,0.31864588174614417,886.1983987287904
8.094550434701027,2.115025566342807,5.733784296336559,2.512008504411954,904.7348579031047
7.7546216519559925,3.0087625071331354,3.694366708377455,2.583392781327369,923.2999006211027
6.230253295696639,3.1031739387936397,4.7325967278322025,1.0083689017943782,941.2297015195322
8.411921350508631,1.9679811955129292,5.873335538703272,1.0627208734115177,892.3812418101411
6.366751675299076,2.29066649311305,6.639388358406583,2.4140788765356778,932.7865959093448
7.347020018109483,2.3285347539139485,4.9495068836878815,2.1554600545074156,921.5551440202024
9.67041621958047,-0.2721416555706071,5.459193120136066,0.42016513446267156,862.2587493883296
6.508748646284781,0.41101039752222457,3.8990075553246095,1.3423826366835376,933.6572724643934
5.140516114390708,1.3949363092780294,6.95931081335376,2.2510744791216277,951.001474355456
5.921179212194835,1.4384013236231312,6.613741732233121,2.541341495335095,939.2890976538472
8.991448240031435,0.8007175780358677,6.1521026185671985,1.5325446241393585,878.7968536035962
7.882096706070314,2.74958257137363,5.906806187630891,1.8820348092013097,907.3088573589698
7.3066839319668695,2.0021184210174723,7.052549065146797,1.2965183154443023,908.4202842405751
6.736359292032645,1.7853054526131629,4.694989008685283,3.059138939329225,935.9430173449017
8.228039861329785,0.7438447254926133,4.586838443673342,2.139670622020807,902.3745613142268
6.226342723514665,1.9554551357552115,6.561519786256429,1.4658493737482026,931.2976378356351
7.958498352963894,-0.6266847559986117,6.494313381708125,1.0749588542601456,890.7337698785404
6.403118146780565,1.837043689194159,4.306504413910848,0.986490104960825,936.3818520285021
6.153510922087419,2.063183668807756,4.968640118423134,3.4492437754018646,947.7379895789751
6.5437688477624825,2.2419149843214985,7.18909313107739,1.8611905246439073,924.7451879300403
6.936888830274057,0.43589823652072,5.911667328215904,1.680383127857401,917.6617959962209
7.426755246099445,2.2248167366914746,6.287161518018172,1.829404948374639,912.3496764670887
7.853183692666671,0.9585687301354575,4.340953457470643,1.4958321710905422,908.6942521726962
5.0,1.1875301677076662,6.156644524537178,1.9143916055371388,955.5163489014047
6.2885241633798525,2.7179313858226646,4.08045845422912,2.0279427228839753,945.896294244543
6.912645033965941,4.014113723359744,3.520178634399315,2.01200282571375,940.4499995181054
9.757593057912494,2.05135875880268,6.226823960180868,0.9899217610588364,865.6698375961848
5.879996087426802,1.1829045413597679,6.934445169634489,2.7139447840385547,938.4930810020783
7.744194927149869,2.1886704475099985,5.246213924250832,1.5576324534875465,910.1738628827726
9.742545464603756,2.9390291574991454,4.953449318145542,1.473069322231349,876.1448242571166
5.530547205079091,2.6209975658727354,7.2108486562463705,1.4369391867739658,942.9693727175675
8.090962838796603,4.743112872463746,5.3052166308853925,1.1580226454951221,909.0899630201818
6.29659224909822,1.2846624309053332,5.43423127644274,2.21423813222985,936.1453827654353
6.743049386566148,2.252231479919298,7.193957226440336,2.7159855778720003,924.2245724855807
6.2953337490700285,3.5489179534182034,5.14641518697179,1.4216086250929494,940.8758268232611
6.402214037376171,3.4861592370185317,4.845972390655134,0.5254993716945826,936.7762892222424
11.582868221859739,0.04992207347561939,6.315508224137088,1.1783083219132608,826.4241273736857
8.766683808107498,1.9966423799600188,4.788143845620884,1.6413712405647582,893.0613455420528
9.152606792679313,3.4845207658487,5.355398461877818,1.014851750854998,885.0659722583314
8.237990230254745,4.8906429903991375,4.180841398287801,1.5210146487983431,913.3455376519669
5.0906148173970625,2.7037958837508187,5.685397088376513,1.5587785405754129,958.9297146220692
8.09243695548496,1.6321367063035164,5.568097487203093,1.987607982306458,902.2465824172522
9.10939442176102,0.9907968475626101,6.468020274723144,0.8360364269981668,873.0733481909153
6.219900788941333,4.218743357530849,6.357256536661731,2.4640906983938446,942.3953137957504
8.94799000074169,2.728741586465759,6.051518008469582,3.328751054959832,892.1339701975111
8.556504314781119,1.1519330731145825,5.894255692781012,3.1432937643840813,895.0576768511379
10.278060067220505,1.7968436336662188,5.426745886247659,1.5327646821613938,861.0187927342162
6.873325481229572,2.310186516828704,6.109555968995803,2.5349241289266873,926.3320489348589
5.8535835265864105,2.543806653888118,4.387667826331013,2.440203044721609,953.6054669037659
6.957557835941182,1.10038134245421,3.151033928145691,1.9651798696566152,933.0276495461864
9.653356489745434,1.3858095818745073,6.661917671212893,2.141604512940099,868.012829641162
5.0,0.3470654376270401,6.174160462247913,2.5464350374872353,955.4412047609791
5.0,3.0397622896047816,5.373013565720085,2.706700643498753,967.2753501012143
7.63409291839742,1.6583815332296838,6.574558608445987,1.3506621892786184,903.7955220103614
6.836116060838766,2.466321649183292,4.768502583053473,2.5981531119861465,933.9308712350102
7.511591839763527,3.422258508576327,4.79450746791685,3.3331700187883566,926.6474257634056
8.917967656853797,2.2198701423739458,4.655862276305832,2.705745313614032,895.4448522615647
6.671145980821722,1.887029524050932,6.067621975115885,3.2291703322318885,931.6895685804319
5.0,2.193921476883934,3.917041922785247,0.0,961.6167959795548
10.566722335799916,2.0631936038502268,4.733038393217958,2.4765672501024754,863.1294763507814
6.004157568841836,3.246164997877945,5.789715023236136,2.2114010159265645,945.3937064848201
5.911444316981854,2.31083839753879,4.295848924077389,2.8216677577788527,953.7252813952481
9.155580020583894,1.4555989804210874,4.8396895943388145,1.0994990739372783,882.0629127138856
6.923266318437723,3.04784905688975,3.2884324228854362,1.5950871265826259,937.0832586902508
7.404915221947784,3.2304843563583523,6.105806649401537,2.7204293863845184,919.7196246236443
8.224185186090477,0.6616693731795364,4.812164806657721,1.1522651540337345,897.4960731119351
9.125374654664993,3.5327838847681052,4.400718749858846,2.193851405961105,894.5322835050658
6.999808960227342,2.3647117732084855,4.204977274041425,1.986449133675561,930.9475456400037
9.77992800887145,2.2832699501465985,5.081786487794901,1.843255466507189,874.4002653630605
5.0,3.006624631596515,3.91984441310856,2.458158913677512,973.0155573600798
8.639680855429615,1.4330236089957213,7.442379677148668,1.1075993700965068,879.523276116125
6.240708662973514,2.954164514190924,3.1152553828310143,1.3759065746958994,949.5073727909898
9.558406974911987,1.6232245302621446,5.04938085021351,1.888600963642432,876.9984013373254
7.713066718245818,0.5250493202896618,5.606906929291255,1.0390541078632687,902.505010704283
6.490642001985897,1.0022437208930657,4.724620995863446,2.9847374418664336,937.914054397332
8.494261639532448,2.567021832903227,5.712131737293116,1.360986290055966,894.3801808390916
8.839782520810877,1.0545316600053418,4.700398425053839,2.629063680032715,893.155452657554
8.462841184287957,3.610076123189649,7.030094463673149,1.2995973544421477,891.5178292583878
5.95545564055041,3.189283453439643,4.381122985890223,2.563357764914201,954.0000949219503
6.773974314566873,3.333439166032965,3.1487760586516806,0.7129210604424836,938.0246306944038
7.493890744317848,2.124778579677412,4.201500149546678,3.1268923208356068,925.3468281311044
7.438110521024909,2.2578616172949593,5.886494774813713,2.908106404085307,918.1065333415032
8.624618213157522,0.8062881457557225,5.382075620451135,1.557933193501958,889.310505006658
5.0,2.9957835101574903,6.252132907982117,1.339487494338293,957.978711450161
8.001490581830256,2.3798334550370854,6.001744616710966,2.3662420100000965,905.4163183270051
7.06502796834504,2.5673056252922604,4.863719650274796,0.7791150225570007,922.7452739934819
6.242249075424072,3.688311811452882,5.010916506204453,2.027801669435401,945.1372176075149
6.386269833345601,1.39403701605249,5.114671224346774,1.3539292520657282,933.0681399990302
7.178193503223055,1.8738584501226818,7.384346083496653,1.7965519077776206,910.7696297245668
5.0,2.326670921542168,6.190822314687369,1.4849209831410652,956.937994165091
6.448065643812675,1.0645645945412934,7.391686899178506,1.3613050936849747,920.4388251111825
6.18627776303056,1.8124011787231602,6.340779372341814,3.363835326099669,939.7306762279705
8.299174813983937,2.4929498104669694,5.436416605078449,2.6244347866695774,903.7842386238976
6.29170997623422,1.674578728627169,4.480638513014335,0.8161096142622832,936.5572277744523
7.177329299744265,3.3089894097291124,5.701519671148744,1.299349276186073,920.7652683144714
9.813414941491953,0.48907543818300603,5.43913082778377,2.68595922346793,870.2448125228865
8.991527279723135,3.122771240233342,5.406352714661786,2.7749494750436066,893.3633962813856
8.853407099915179,2.661185474816005,5.29090092310075,0.8919338434777231,888.1766400216329
6.750191354383722,1.4311714124434092,3.4475372924237777,2.558883878953043,938.6374086691146
8.314548418934478,1.075591431770002,6.760839816534656,2.2120232929064176,891.8511210051828
7.149153299319609,-0.08028261724245178,5.449546510782683,0.44666402794751825,909.8329590393741
7.205860183984593,1.204824987586166,4.085746883971359,1.6774418252853525,923.2838228728466
8.114528015619825,3.047176655002997,5.981762709073645,1.8910693469195978,903.500983150278
6.604509617368601,1.9439142737213257,4.644163831393472,2.0387934442938787,935.27859173742
9.739504656664806,3.1629808803918413,6.062140622970783,0.9435337701439817,869.7009217704492
7.259804790603094,1.380128929375448,6.381656460512461,1.3895875966522344,911.0227539259033
8.427540849389498,2.7071061601065627,6.519636490669318,1.5016450090812685,892.7803761402226
9.683400718885947,1.2825013979155784,5.33908327334518,1.5714594266721995,871.1960173750713
9.047480661862762,1.034424993790161,5.086222271981483,1.5848020421977471,883.5574354542889
5.386621345964213,1.8928727828293237,4.87446163973533,1.8938936712684131,956.1789958615087
8.167343842514827,1.3350334886800035,4.777443911539503,2.247709292088334,904.6685123405514
8.77607909169097,0.4571778509627875,5.482769935789083,3.419380579611664,891.9756706534703
8.837794533241123,1.8176852992830066,5.290656937608261,2.696711002837253,892.8285738373908
5.830057748828054,2.106435416431289,4.674696184177835,3.0534907116078025,953.7695288743956
6.514447144474014,3.268358611496067,4.356215246197095,1.6153954519810538,940.4128738254103
8.991837353612432,2.93680567713306,5.391243907741417,1.1968614798056563,887.0385535958894
6.357359443976032,3.2199431992328313,5.0658023820561695,2.641140220437866,943.715816411373
7.050455915003528,2.7203574983935086,4.358633026718135,1.9870312480921917,930.2854300701159
9.863813714252954,2.332612758949975,6.330571013421407,2.5842542401036295,869.9273250731414
7.428301124422815,0.7710550935281075,7.272092750825249,1.2941598203319664,901.6938860369766
6.409838793249236,2.1498721979352746,6.462588213984224,2.5188616790141136,932.8042721287095
6.1835739647056425,2.5967937773308143,4.779811988323956,1.8598004108720867,943.6329106779659
7.999078994377782,3.457437949370436,5.449770315410063,1.6312792124253845,908.3003092868825
5.5002779872841865,2.6862885417318134,7.040428951687461,1.7065953874799906,945.5101146840248
7.1289960541553725,3.2403834346054214,4.326300357222507,2.392346733798302,931.9335763639043
7.999845802485033,0.968002108634761,6.282595126685226,2.619313053075512,901.143371175224
9.448724730821501,1.673582373851905,4.05191679185601,1.706868673823314,883.1411532142591
8.501322120554994,2.429350713661271,7.184037627431329,2.2754478627386634,890.4221881306242
6.4289023230267315,3.1609526907425614,5.069685475249011,2.272653115466542,940.8317069285021
9.26762897634558,1.8547713541610804,7.729043724523812,2.590669488025301,873.2041502945
7.050727443678784,1.9175540408508465,7.228063798641831,2.789532154626523,917.6830082730746
5.646445466925886,2.687140306002979,5.393569490418612,3.4489771098181703,956.9333324870039
7.241937961101791,0.8741291728548757,4.78059462688959,1.6278636907815902,918.2746622304427
9.657253801718554,3.6074045498234293,5.694775471890914,3.168007919728148,882.4540214991382
7.747860075097388,1.1208639068923152,5.319841033353436,2.093659500049072,908.7781654385071
7.51878279649468,0.08141057644069694,5.0984330364144075,1.1241590356706408,907.5619334868363
9.95581746705428,2.0100670085225807,3.8418867454217027,1.479612411162182,874.7792668698809
5.35296772941836,3.6984587023755653,4.985446416345413,2.372768096172971,963.1078714942037
5.571601328920842,2.5864531303336102,4.3895208782437605,2.5790085695403793,959.4770593105598
5.076230293549752,2.7510905430036328,6.0516477064252365,1.1869857146177363,956.2430841784553
8.058972279720082,2.0413857623071143,6.4910713165974245,1.3888925947054163,897.4917807041694
7.749739690672687,1.847622502728823,6.2406840039235965,1.5735066745128696,904.5539727470447
9.814104550919664,0.45509063040688447,5.842375089627508,1.309305582481549,863.1409308117929
7.865212615705155,-0.2593862579041861,4.647092932859098,0.4959320078020104,899.9292426195601
6.893764260781046,2.1962723384408633,5.7054007726019105,0.22454902962935552,918.9187933713449
7.502692309317161,3.3125491943402263,6.292765143644376,1.6945543076013028,913.4443194052405
7.676561127691437,2.3441337048280655,4.91376442560027,2.201663431701093,915.8072794482963
5.0,2.623599527052013,5.6189864213950065,2.5244684854069206,964.292578586702
11.56549746650234,3.58371754563954,5.354538410730076,0.9101327408204443,840.077409261348
8.279806527152868,2.328766851441058,7.162366669610485,0.9237287060858412,889.3341238834278
7.8150124620338834,1.8773448996923805,6.351548135264524,1.577657117516515,902.9227461244928
8.42274597641787,1.181475194349935,6.1091596117483915,2.0026739623108574,892.3855955760303
8.564116470879908,4.022212562972086,3.783306266034565,2.807025280317439,911.489166598046
7.289169771746352,2.52654777915368,5.672837326767583,2.574177655352176,921.3777578577974
6.5531382956389495,1.0563982840806692,5.34498657107543,1.7057374630823496,929.2601347208662
8.399176029482556,0.8288323321987632,5.336342889430127,2.2881242436942113,896.4955958091514
8.078566260797178,3.2530637269289127,3.93658652725836,1.3251686086958636,912.1492152199014
6.285164851365888,0.9625583035916745,4.4122313777024305,2.0594766045198587,939.6358484941129
9.628553417050895,3.853834157502221,5.431982512094217,1.9500613655731653,880.3666133409786
7.9400280544844755,-0.7564627970907112,6.614355778190461,3.12344183186239,897.7773962286481
8.594729043401447,3.4225951977899767,4.909475430160577,2.394844067060366,902.476839573785
9.587881331519878,2.486894811161964,5.100061272895733,1.3833719631978378,876.744702541003
7.532833231747253,2.118594423056874,7.281091995286208,1.3915561393498546,903.8296913901303
7.975428010476173,1.824541564958237,5.203177610832164,1.7335267736841602,905.7114536791122
8.715040857759174,3.8907298485940296,5.37121047614642,0.7484271964455385,893.2733967799533
6.412708374299921,2.7070588584012034,5.384755217948259,1.8159836974825683,936.7026660441365
7.581077494269001,1.0967963911045486,4.154494853595489,1.8850726322813096,916.4560896606457
7.688322879976722,0.2810900439711186,6.071798123415115,2.3732215031730974,905.085958373036
6.065912172474908,2.1772972131473085,4.847123881415661,2.489700281719081,946.6812518160599
10.976455183010817,1.9989288664625857,5.469929382960261,2.0791331275104312,850.4241487370031
5.3890598347613965,0.48013196262449087,5.944372964417798,0.6960058506883511,942.7608627291783
5.5528441444692636,1.9446064745176643,7.442557589035392,1.023162775081811,938.0508237110658
9.471339863555368,1.4260653669257999,4.1822299554537565,1.5159160611204645,880.7136393661012
8.569899376194813,2.0092900683066945,6.364982185066224,2.5218331589079113,892.6998430839317
5.9610527737788335,2.725923611648402,6.368723256173968,2.4948191768597265,943.105909480922
8.41093352265254,3.4926099474640355,4.861785227220727,1.800449381524186,904.1013886247811
9.701775667495966,2.9088890363692874,6.099503848051982,3.887784327813498,880.4726378020698
7.454605413604521,1.2785592501697944,7.143436151291892,3.249254068052552,910.4917666445779
11.398234350111874,2.3689151288291943,4.735028790787558,2.9919355182815237,850.4242305481977
5.0,2.063107121492024,5.741469797135155,2.560526523674106,962.293392980352
8.540735180788653,0.667871045369099,5.904801363939785,2.3668334030733713,891.0629797710237
9.249792504331506,2.398232784692272,6.03417885495355,2.3084608288888586,881.883471496658
8.83701585240787,3.856672337917714,6.269291760716013,0.5559766973100264,886.0176475946679
7.193466410031528,2.032426604187004,5.666304828252174,1.1589725145642333,916.5450553019017
7.064337776983276,0.4058173202745994,6.013436186348002,1.8222905706011214,915.2619903277952
8.166217756630886,2.030268671108619,4.588526349876277,2.1022979963287263,906.9667003384767
8.723631729978104,0.7862878010267498,5.664003493639558,1.9004347817259255,887.3761939298684
8.403710154423544,2.863605506886288,5.023658734319485,2.2178214249687986,903.2807330782331
9.060086836190084,2.5248649917251287,4.270171094845912,0.3173595602058885,886.56104014671
5.971695064399897,1.8290899465252568,4.9908554505630995,2.404531442255467,946.4770118730393
7.158343531314548,1.6688357341441789,5.769456392198058,2.0497100446495966,919.0178111581871
6.0899761018143685,1.7877656983844532,5.935797276370193,1.8500400329933557,937.7050023923592
6.920830835870787,2.0082744943423205,4.231540879077229,2.7418496276215416,934.1086478190615
9.022831337721458,1.227764978658458,4.562323283275129,1.163573293304355,885.4244907927009
7.6619758810878436,0.6122469189985631,6.224656279693221,1.8104841178976065,903.6957667337778
11.410288744724655,3.1386989466946478,6.008148092615864,2.22753472911879,843.5841399710575
7.7901095507845755,1.6145990235030419,6.3871026620463525,1.317590953112287,901.5201045980425
7.589537820869604,2.167043104169144,6.8678304271765604,0.39732481753427273,901.1332836273137
7.659274379160324,2.2852819511674944,6.037887109590598,1.0775679117236816,906.555810763391
6.5432869607100965,2.322020479655214,5.085192372829128,1.9482235302048871,935.084546667737
7.413245081433609,0.8261820029015758,5.614849458081917,1.8007842050697014,911.7185565362087
9.19168204066747,0.3241598354481523,7.159897100927382,1.9853871606666327,870.741238702853
7.670956002191659,1.411307475308008,8.264448997785387,1.4725785247012315,895.016070487531
6.309810405174793,2.395711532416953,5.963096365742359,0.9501889339574978,931.8378663728121
6.1123730692820475,1.272050132525687,6.035554138811307,2.109606606566342,936.3512906120549
6.824697162501235,1.6450786463007665,6.2257083669974165,1.8667816044108887,922.3552858625267
7.610795151616321,4.127297413749568,5.523792845819363,2.5102679062093305,920.3169298423363
9.290379803214392,0.15457611519546433,6.663853902342624,1.4018521736577694,868.5681724617214
5.489267037950345,1.2449660040895014,6.5080452927328505,0.38331840732374456,939.2466221095699
7.020260583166865,3.8966040685739283,5.854376447148817,0.0,919.7818280251755
7.7164650291526184,1.9554013280047766,5.181980093994384,1.6788246284151358,910.7883403435251
5.0,1.2940148345010893,3.9793036126228634,2.102327329694237,966.6371972560243
6.249602575550391,3.1687689170111204,6.23241354761425,1.814149982430536,937.076172311459
6.48016719039572,2.055230436481111,5.712858315226104,1.5478796381430011,931.1063042645125
6.3060444392242525,1.651691604955994,4.762232269345899,0.7268940694735244,934.5854588942392
7.787834317532472,2.1923689270375113,4.370079735005373,0.4885102362342264,909.469378311347
7.259160585747304,1.341891190617234,6.161432849383251,2.29381982479568,915.3158365255301
6.667070846098445,0.9825089371119216,3.898763678383035,1.8179190161684116,934.0770898327766
8.141943939828952,1.8864030723652516,5.799641187443805,1.7091853481919523,899.9227452647409
10.084612076469375,0.9890030399239929,6.343550409168894,0.7665992360663048,855.2497736145888
9.958884775112628,2.0106933117964805,6.0498928864166235,1.2269947200719908,863.5169959596478
5.0,2.354406567474339,5.10926022564156,2.0360834796077922,964.0949648181612
8.36560827575271,2.853060456051611,4.250625515525086,2.2276927627720444,907.5913331737039
7.232965064904242,3.1279249855168274,6.08701923979519,1.8686078943398705,919.5503424042697
7.732733014298034,1.5942634983677484,6.70052309195342,3.103399540929913,907.7163750091785
6.902575449686177,2.4994146079390696,4.927266645256959,1.5396048833149596,928.1110036574739
7.676382944830803,2.4925234462063566,6.006908200292859,3.0294975372078428,914.2210253481142
7.727111094108028,2.327818715815984,7.081515118731809,2.1734934090335996,904.6366980462193
6.631572363976615,1.5205405890495416,5.83884709644161,2.0865067538299726,928.2162283992772
6.155448678262228,0.9719321875358893,5.1031198551222126,2.7460181731835185,941.416025665472
6.826956476070774,2.50200188906656,6.540853540063158,1.5006981220126554,921.8768228681727
7.851388896685148,0.29313743780695,4.762439025842188,1.73663723266003,905.8069690084667
8.398494512526396,1.732160567431689,4.201807984946977,1.0211667471665136,899.5910632195994
8.78002346601022,-0.5536310156485982,6.31232119114598,2.7481700172043224,882.7278319237216
6.758714965399631,0.6635975766417366,5.093837736516437,2.2684043529881035,927.6014576007117
7.925766850954105,1.1228660615525756,5.183478985996316,2.8782346815236943,909.0273886143706
8.943753887929947,3.0967242076292845,4.873059364448928,2.1638907225173676,894.3859856668658
9.248392342716192,2.688108024404269,5.027182604445916,2.8824337721530537,889.5359783353026
7.4117507188027165,1.4460653161577577,6.903033427526866,1.4021687005761745,906.0029209904931
7.168602412590581,2.7293697951297506,7.162498765783667,2.7897917255763867,918.0613428124773
7.7866863507545885,2.8876229633803967,7.294978636144609,1.6817480580370878,902.2685540616214
5.775438790653892,1.8393351516252785,6.590120621177513,2.002025549080195,941.2220577209749
7.209585733446738,0.6156218557863098,5.9662712597732375,2.582684410661611,916.19371498525
8.616879597709694,1.7920876899338858,4.0677144080668866,3.862272994358288,906.888747679017
8.462920694165552,1.9021075948278636,5.312475297099651,2.6560422989688384,899.7840224987413
7.094598593454166,0.7675456091697741,7.656754488623688,2.7314769079620573,911.4491041368549
7.82657730163075,2.367046792929968,5.064378421247346,1.5636976363720434,910.0073182904465
6.263024489563969,2.2798118543023556,7.014144474772275,2.12559839276767,931.8698737810184
8.555238222337538,2.445042699894187,5.555035819030545,1.923306186132107,895.7280206511459
7.383267845795291,2.2789230971674437,3.0,3.1261329076429005,933.4186279257365
7.086072822455793,2.729843035114983,6.140485563668963,1.8832526438363304,920.9777495343035
6.95741424585992,1.8206719721269684,6.766254696178311,3.062833481879488,922.3124260446023
7.405659199650213,2.201785107370953,5.451004031359456,0.9586826346244879,913.3268499910527
6.828183532602062,1.602259715754468,6.7330510044854135,3.1190218600398736,924.4701650490478
8.487214554003845,1.4155007843780498,3.832172485582913,1.3108793227854485,899.8539255067445
6.907074677975729,3.3382496307620757,4.1144357361006305,2.6831073259366427,938.4011605390941
9.889446144041072,-0.04376870152649648,5.704864308085687,1.3085356300246347,860.9843205546703
9.697815755222072,2.876759989154264,5.977114727817532,2.4946778058645354,875.8434052760743
6.162684765218243,1.3794591245543395,6.856578868592279,1.2299302715861635,928.6250031957937
7.604556404143921,1.249961822356879,6.138924466748561,2.8291847531386187,910.7312128785936
6.524015067995707,2.2615774840654073,4.306370910634957,2.6761963727497022,941.6039466879987
7.0100286552170825,0.5103903876489972,5.713045622074386,1.5194500605876013,916.8341482772429
10.503641201467197,1.1839769280537968,6.1007274452881495,2.462467607191609,855.4375661601431
7.038642874326301,1.1508603534870079,3.625766001302871,2.7579461186579666,932.4018905791089
8.040339055616144,1.7786017418149052,5.456366530261985,1.2613447571010687,901.4420905559011
8.311981941012418,1.1958623118393115,5.164417456061775,1.1727977245932264,895.7918581120002
5.999055941275139,3.601118685639269,4.8453069262542545,1.1429562152248969,946.8958005387703
6.217356788386192,3.797016516497954,5.998777051752672,1.0295978396995227,937.5966304900785
5.690966442887822,-0.02199352274806321,4.350318473442076,1.1391257231891299,944.8052290225774
6.171043899153334,2.544322704765736,5.91687951200365,2.7398305673226564,941.7059238016677
5.0,2.8586634390775747,6.059491129208895,2.446279857011196,962.6091983122867
8.316873601190442,2.542985202391105,6.583763310260974,0.6431982502467102,890.8892778307332
10.581290761884105,1.3418865069083055,4.376580737207395,1.5918664116749988,859.2124978066464
7.72173110855479,1.7559044378414586,3.9947657816454525,1.073730729021373,913.4033921897667
5.375596710989089,1.2517253452223045,5.778903607339012,2.6892241572070783,953.3482269794572
6.535835425650078,1.5797359688411714,5.213728766132299,1.6402834110511342,931.4089399625703
6.8116847324625045,0.7900349713328239,8.40265026249372,0.7644580617435599,905.9883218153062
5.9736228341799364,1.8852111783654497,5.958498476242932,2.1361320542164637,941.0997477990484
8.790273957592735,0.4971982886949302,5.558161711704182,2.4851936865050925,887.9975561686084
8.715390066563,1.7998654457718624,5.327172044323585,1.2370412534092519,889.4558128122095
5.766822309273511,0.7514183109002355,4.281938154560551,1.7880672666548643,948.284159948174
8.587621566671261,2.206816361791404,6.063881552954597,1.2780836122878043,889.6946783257843
9.790218995365898,1.3205804390571094,5.420854973729202,2.995237913695026,874.2316555222683
10.35383730784434,2.2905803478745375,5.421686316570565,1.6549134905024545,861.4647820572812
11.797818034628943,3.081580728364782,5.594443325498656,1.4225294421900792,835.1458428494177
6.147011025835203,3.589446936104708,5.721212529917246,1.9589396049206858,943.0737689373872
11.736330639592804,-0.5280045890204903,3.7607443540824783,1.8339605360264737,836.2759892477416
6.968690417236818,1.1658059061262174,6.337023006370932,2.5507947150928025,920.3667560780077
6.611301816929228,1.696913922887986,4.653555625184078,2.9728377807431103,937.8940989372322
7.990608562316768,2.460327818381483,5.361967802531373,2.978898600818,911.0973478674645
6.6269079988604815,0.34964549584547067,6.785904920665289,1.69447411152602,919.1740079683872
8.09856621096979,1.0179075931997845,7.279448592270114,2.244090906518124,893.4152128791807
5.519884218394047,2.13035720265711,3.7995055613736084,3.1907999282323596,964.1859250059211
7.141871096904849,2.084888241526667,5.5302448276746485,3.221599046700004,925.9567457964662
9.428373351542518,2.377618406420093,5.772913185166036,1.2992750762451715,875.9650679878312
7.4144080628532665,2.443675726888116,3.9924699738085536,2.4737961733146756,926.2574016954679
7.712393680109824,2.3385944331158623,6.302591364418165,2.3385644582174616,909.176565958375
8.212887907075967,2.1936553166314927,5.616262677414173,2.74111003555576,904.1518911440804
9.25599244397649,2.055739773326368,5.694159595694996,2.99489405427023,884.9472182715214
5.01716293171585,2.664763089724363,4.582447081658065,1.1672191925646356,963.8591349570465
8.376786077756153,-0.23932266656422518,5.9128866433813485,1.4474573559723396,888.1236871865152
7.097791291137355,3.544333486971235,6.338223956389937,2.726087005046074,925.2480746750531
7.749956842967758,-0.204482050880324,5.627297883725934,2.118424603879989,903.7039021659516
9.089925254643564,0.9208381830955079,4.9860640990369465,0.21820703395534835,877.8330609002583
5.7087200228822335,1.7732392033498552,5.063930681953636,0.6669740462833602,944.4090107328262
5.981033337835366,2.6726128910898423,5.720395707125966,2.5300585130391826,945.7313475127729
5.0,-0.9952668907996163,5.5487973783806295,2.6712887380573225,955.0684916707723
6.676261587354335,1.9718756760581655,6.4048221191193955,0.9204098365757887,921.6745693495684
9.495648516568224,2.7923950394157346,5.019741712475835,2.8793340497022735,885.2510434536808
7.319119217289796,2.994518116028477,4.281619397259175,1.8422821351266787,925.8728474475453
5.489812656517821,1.3026703415025414,5.859386077320503,1.1820206961695745,945.3849065717711
6.7714818831374295,1.6991647130449676,5.022470147001297,1.551763287961181,927.9191797706987
5.268207444764066,1.3838518711073722,6.283681949036367,1.021805419160957,947.1642833440376
5.812220847403257,1.6073253464739157,5.507538630457601,1.5072712132951496,943.0841242367917
8.08322836539557,0.968173449271565,6.154813204364823,0.5048816232891009,892.3214345654492
5.739190010540957,1.110747837529082,4.485682953269212,1.940933640801507,949.4218996817241
9.168951457804953,2.4343769220283678,5.6433862632298215,2.469694950342399,885.9049335885421
7.393319563754496,2.1316153732727416,4.8007367926160835,0.9220600260330452,916.2481002167755
7.628392055916788,2.4915865075904735,4.27962634692378,2.0136162164983578,919.3638239283034
7.082440548588159,2.2140143897008366,4.6388921219289845,1.3562783774588651,924.6282131407028
8.659271757815585,2.7043386011475956,4.955522908224141,2.5350406682913906,899.5798197646336
8.674739831665516,2.878213998154995,6.744694527023852,0.14847432696087726,882.5795511315074
8.002581527868257,0.25828338013389596,4.92905960050734,2.569511078439198,905.2210482816587
8.347183658861471,1.1456903495856374,4.228459749721777,0.5457947220375838,897.0168785502941
7.181865495119362,1.768624042509961,5.631477422496669,1.832047723021285,918.6906103844124
8.313304510363572,1.977322474512659,5.5291806606776746,1.4328655068138407,897.2188354243241
6.99318333678929,1.3299094261819664,5.007946987989802,1.7114376585529105,923.4268318304311
7.503347433243603,2.912023670988306,5.338776534153873,0.7764873945780526,913.3355060077412
7.088034375950554,3.9799483682905983,6.4762270859965705,3.3281101124110255,928.2427302231354
6.814172191021206,2.186161955581734,6.170705765399177,0.9707495379117304,920.9831955750041
6.466332303417315,2.0843410321982114,6.084230206873731,1.0338771152194193,927.8058830429243
8.201535155788328,2.849456255104331,4.316321215479769,3.4358564680684145,914.8219214633117
9.465908869220195,0.13416024479656397,8.386548061715324,2.2581613088605312,860.4213136974718
9.25665295750434,2.0284689404384104,6.551252210274222,0.9965947812315212,873.4396931426485
5.615151996081847,2.9790358254675167,6.0170285631908715,1.8969698592769237,949.6572278836047
9.43380457711031,1.3568460027988882,4.335688225602791,1.811416424571361,881.6043540639096
7.022762247573107,0.7734394200980346,6.447730112734107,0.6498793299402952,910.680124260378
8.401099522718388,1.8141943899002217,4.998871489700672,1.3933899247854171,897.4498093183532
6.140677001929183,1.9393145667980793,5.305729195364035,1.9788954304997595,940.5939456485
7.712969870811008,1.0913477180845415,3.8192207239407168,3.013134324670042,919.7431038578193
7.970584774345361,4.096161276050951,4.2585169140594905,1.8489361254191763,916.9613518935412
5.27309281212052,1.5213036189920544,5.938546498827135,1.909083833908794,952.3624614341406
8.412400749516284,0.8463406485734313,6.506234675270489,1.3478666632318403,887.3607092157316
9.518902511757473,1.9063786809293886,6.184904419795036,2.8767126249665873,876.9187752139328
7.238028081477558,2.9078606377044913,6.150818996742949,2.721857401200761,921.719610061325
9.540252196242019,2.017414248998231,5.435233543040293,2.631467818385214,879.405119213859
7.215459759821389,2.4855939200440025,5.093292984633788,2.0894710920556654,923.5262755881449
8.774376796569925,1.1284894056668429,5.7888951435653935,0.7211411504770586,882.4193596878055
5.0,3.4876884464035136,6.321408323100274,2.869335919074428,964.7200316820065
11.128166668970195,2.5617110279184434,5.504862254933592,2.0458637983502252,848.8862775694685
9.743187367864437,3.04770156887761,6.710252019913405,1.753126782810925,869.3087620743494
7.073061743619482,2.3651606324751695,5.284930736183992,2.358767249514105,925.9495359782203
5.0,2.8248840377287845,4.5197210647039485,2.179351763062413,968.6819120729821
7.932042552458234,1.1269474403227726,5.489637757958999,1.1446416051504804,901.0494430794279
5.334111679389364,1.5085895833104375,5.605972278259569,1.7433617108111643,952.1220221711046
8.167280306336233,3.34648059555603,5.41796993272359,0.47672576606746975,900.7151268263536
8.117348578746423,3.559741947283964,6.780655560882261,2.068821307679166,901.8249633747027
6.087895246496963,0.8529344002809232,6.305301980724039,3.064102213840912,937.9336414170616
9.181450535421567,2.2497360678638123,4.0690590113782905,0.56350789002522,885.3869086184836
8.70836205420926,1.5690561995147725,7.034367014198286,2.102902455849181,884.2251231080909
8.963735005932845,1.3029685306351384,3.0,2.5347828270356185,899.0992032066936
7.513286555503343,2.28483969535545,7.651024372852497,2.6530855869795733,907.6297878674794
5.37671389962944,3.140962932365408,5.212694486443124,1.4030481913432973,956.4467179580283
8.966808408316707,2.451662473284194,5.3104322633485,1.118215416267997,886.2337532297186
7.094442901296313,1.680487550080965,5.43998376102636,1.5303584279019733,919.8389311636372
5.4153297852109965,2.51486117993516,5.885205432840181,2.9526968239675613,956.6191556095471
9.528059048961488,1.640023826419099,5.499736798733157,0.6323554837408292,870.8423544504324
10.649111280753765,2.412114300730602,5.366604811162733,1.0272264039585515,854.2328989278375
7.438127806531195,3.3964657004557335,6.808918309356185,1.6329844123793744,912.2501939783363
10.738681731904938,-0.07715965930082769,6.06559607975085,1.219463025670291,843.0866250217708
7.636972092917024,2.7972522985400334,4.541196145629239,1.9666618116687693,918.6660728469019
6.929316143750473,0.4609450784295315,6.240673914335725,3.1316207515430037,921.7412519891385
6.5543123187217835,3.2283277105444617,6.024107003183339,1.0369452425534051,929.65216392169
9.955623611989115,1.3629743901271394,4.954726274418781,1.8829070588017867,869.3030364481525
6.329784177918342,0.782328622393516,6.292138426362161,1.9933992244796188,929.3157125796769
8.602903964962481,2.6952692270887475,5.342427398776961,1.7323310011456312,895.8177713152243
6.661254247411188,2.364170063142411,5.278326527874899,0.7372600191350227,927.6050943908832
6.809539856138455,1.0008130970383418,5.251086882567066,1.4897395822584878,923.9691044586264
9.04537454095435,0.7470002428316063,3.0718819430476008,1.4921309187601635,891.8166401983657
6.929944730565969,1.8125185125087178,4.9733006670653985,2.5068031645100626,929.0694143314956
6.89280693086956,0.7959130498288034,6.213173242125601,2.3356634381588037,920.5218009089152
9.199207045762211,0.9385270270763724,5.477588757096237,0.7584834003753618,875.5740098832648
9.896095939832435,2.1156207904214335,4.21481357014425,1.6902909135865767,875.2341966217638
8.46703470492635,1.0341283657449032,6.464631255192037,1.599795833452995,887.9990777926004
6.5178453365640765,2.426539290026543,5.201399840456604,3.5637562269737972,941.3187852653015
6.734087251053631,3.4901435958834766,4.2784245093384765,2.2338505442412977,939.608727819071
7.619872895610056,1.8514445850994177,7.7060124616710155,1.1380492647755718,898.5464798522753
7.981395092888486,2.1301510619855843,4.446827405512244,1.3785616619186793,908.6496746819195
6.018201134790342,4.018096732835486,6.3794915112857105,1.6971636806436885,942.6307621420267
8.584556909369796,0.8123988826226531,4.730685899145396,2.2898940603132334,895.8245508415781
7.628269994459399,3.1912351951807416,5.635826834573821,2.3879367569297907,916.4042542526199
5.0,3.0708575979124824,4.597819036631824,2.160386114153156,968.9344705224877
6.1066102763089045,2.8543173391737833,4.260695818726341,1.8321878034909884,948.0940973088582
6.743806989522504,3.291747850732631,6.022202544671409,1.8911997406477261,929.491187700913
7.390713466738418,2.280574965958619,5.905290545134401,1.8968246188687052,915.2021202210067
10.333918193255993,1.4170705044007326,6.6446494442190644,0.5736720821712913,849.6891885427751
7.857256959209442,3.0945732912205672,5.465618069704137,1.950966702685056,911.041352151074
6.238842165152063,3.132842211712895,7.720351794126492,1.538196755364502,929.2306215861183
7.8309462064607445,3.105313901493288,5.768346667437036,0.677735823372215,905.4165916043588
6.971868378819178,2.0445020823192364,6.066774681237212,3.9343060624291875,929.1625252481175
7.987137359300313,1.2838054863866735,4.141570754892772,2.249042884789695,910.8391979451993
8.370851530553422,2.191362254111611,4.885915684877469,2.0104826066226376,901.8855495826338
9.313845970835906,2.9422300175678355,6.019679700515978,1.7030976075233684,880.025299184054
7.463570256494961,3.0243517898599652,5.415772237586417,2.584177966918949,920.7553358550647
9.958440791399749,1.570323872925405,5.687683135034636,1.0701597926343884,863.3974727361154
8.862033993804287,2.31537289612739,4.683506244285806,1.7498365664457496,893.0671460866848
6.438840682781718,0.691221695514044,5.621946973471622,1.238263293860741,927.3403578572631
10.814783498622695,2.984950103005851,5.618545891591736,2.577250282937082,857.3441703696285
7.990491769905146,1.2166912432749366,4.319564980114761,1.338607083317877,906.3750628409102
6.2473132440416475,2.7852553595715475,6.142549844680591,2.8810622493069578,940.4355309036872
9.979369576845633,0.8506954226098382,3.799935053082031,1.9205796899169685,872.9420245494123
10.616666377797667,3.031415906434008,5.684238080597684,2.619592077461645,861.0108312052924
7.45046210442066,2.3218351900227705,7.2655926938255,2.3198871074966996,909.4542990515384
6.744524609436605,1.2186423043830539,6.180550537819082,2.8473958671964152,926.5146069188198
7.241437563819507,2.691356381080525,6.174299246037104,1.2518587231771812,915.4745685723184
8.572097591276549,1.4096383081946693,4.602573325051315,2.7244985479573125,899.9350443190318
9.41678498254577,2.7495550374451283,7.269062053152861,0.5099290774165892,867.3248554999495
8.35573099629536,1.7258885246192786,6.876718094602289,2.034501409690949,891.7002385567438
7.652584812707655,0.2789528743703371,4.656409977104433,1.5632624541575884,909.3132309390614
9.747017655456641,1.0175837595190629,5.025236758185123,0.8763668928039705,868.1472642132346
7.030745290422717,1.5695852913127157,6.754656044926688,1.2851823000053275,913.6890081080106
9.04637900755036,3.368189023748578,7.296147378316758,1.487475418976533,879.4509210852416
7.067905802473082,2.9011436305292246,4.235313964909712,1.8427586543169072,930.501995060406
8.14653443701634,3.623861412322142,4.496289230275424,1.5801202785206458,910.2653353271909
7.329656152814323,3.6536352160298584,5.35621324357783,2.0640207788317237,923.343803524994
7.416221726020784,1.465249195409085,3.328905970557485,1.335873347529144,922.346357240921
6.933920223806685,1.8115131402411706,5.519045160209423,1.6185138391989329,923.1505169853147
9.517281046771043,1.5887200756694617,6.685743514029984,1.7687471479673107,869.6121335913754
6.400610942837197,1.3284893946989236,4.06136298376425,2.145676977864605,940.4617023575908
6.389651621176937,0.15850529066354158,5.627106964975087,2.67907782547005,932.1048317306746
10.681490348767664,1.9852522819831575,4.918229295004687,2.682930405652303,860.6838682669093
8.966771346981497,0.7144344062888894,7.139945948753917,2.189987193441732,876.8673286375877
5.0,1.9658281184656725,4.9302081378669484,2.3442024132844788,964.9896255868563
6.652111891184394,4.115770809562985,7.0189930877485835,2.2494935326763805,930.1935174661763
5.0,1.4906549036692915,4.902544929188773,1.7482862593091628,961.5757181451396
6.073963959877117,2.194774005628067,6.2711758053341295,2.7204664020943032,940.816857342975
5.0,2.906648385809283,5.751945618362699,1.2684151260129894,959.7915061397896
7.294515633459087,2.280291291965907,5.361727333485699,0.3614836253569236,913.8067089078652
5.787087271258033,2.292484187942296,4.709471430946024,1.166808490596515,947.9076930700796
7.589857885194657,1.63759756631192,5.823095421317893,3.12249665208343,914.6458343820118
5.062318111676213,1.7681220249387675,5.059464737515088,1.763653489201857,960.5182235227873
7.62436777975806,1.0399894778121719,4.810233775191862,2.219303204947014,913.6865508073568
6.877625582819509,2.8460450088894076,6.97272274137572,1.7808399867438365,920.9281937376486
9.752929447782893,0.2585083433859041,6.047530227493227,2.4493322630610863,867.0172510100286
9.617035292618437,2.971088338382202,6.143638951907203,2.056570132805102,875.2049997890498
8.678018404515424,0.5963016152547576,5.108401481387737,1.945126392614198,890.4443424746457
7.010079329008181,2.9626072740766523,5.314021652916695,2.491022668040356,929.1446024141692
10.47807059289044,1.6461824737878188,5.251423332648888,1.627457649104941,858.0457600319589
5.170447083240269,0.7681313118669197,5.837238912500977,2.2976622261576414,954.0869131500166
5.394662055654506,2.5792986450796365,6.141803451842506,1.8602226711377472,951.9261712701631
7.374325350166403,2.928767535075775,5.469748629688429,1.9140589974296864,919.4047782521535
10.88105716338168,1.5619213518964632,4.707355005819359,1.3451220005413802,851.7947503978457
7.196491639694869,2.720610548678933,6.260570457026549,1.8272354804909818,918.1314222947427
7.225132135186077,-0.28508449466935026,5.533403868208336,1.567005959802255,911.626090728707
5.337134465832286,0.6794037102533996,4.059163621229019,2.9039361430088757,961.2623669004045
8.918894377905568,3.2924089304687287,3.364705249920312,0.6527426689129907,896.786708803191
8.929764381494032,1.776330725802084,5.797897175460474,2.71140791315557,888.6985608002464
8.683612802099866,0.13778667355115237,4.670526201122296,0.6045938554488144,886.110369007201
6.556168990728956,1.3011338195580064,5.9310621293964525,2.4297725100879695,929.854734964842
6.439939847440492,1.0765995274749192,4.724381691136066,1.3298158126300574,932.909371478463
5.560316624392544,1.8340382685270753,5.633185772495008,2.4530578113346726,951.3361387715523
7.625808752641401,1.6292490161923525,5.121598472037908,1.9029127935870687,912.6789646532142
5.879389006082247,2.178931728938161,7.251920810273305,0.8541173152889674,932.8884686557117
5.733875242126067,1.9305339483874253,6.450315657818645,3.0868948318750538,946.9353911781747
6.864463924633986,3.3597392550370184,6.84729690018783,2.6213170478845145,926.3160123556181
6.766265737223676,2.424548599719669,5.524047769119066,2.402540365599085,930.8725759144826
6.693032206767067,2.457671611193586,6.322360939114882,1.4877042044897082,925.2117860231801
8.199666895260393,3.165157123894522,5.591650077601142,2.6488676907619726,906.8795990726115
7.6185717032254185,1.6112312495704182,6.969591367433726,0.9733987027214059,900.7123448218655
7.067765954233323,0.7381225566415148,5.427437934743726,0.2178831019941354,912.8818539271498
7.774519392467223,3.206970324632249,4.102510659639206,0.750139304646239,914.7652301517953
6.012709438343052,2.1358417481081124,3.501378474746061,1.262409570938868,949.2473566203643
7.657917935864517,2.1393512078989283,7.168311119564515,1.3961304927275737,902.1024749899296
7.7259037392669505,1.3666700784697636,5.978504474150859,1.6521251449231285,905.167059702878
5.245429710963779,1.3831446668964227,6.044256850041742,1.6876534123042901,951.1762573377925
8.993540631555543,2.8467223387708436,6.989647842291582,1.4801293741671744,880.3767183834835
6.1778494421595065,2.9846557981376103,3.8482650562740446,0.3069481822670588,943.3766047789962
7.635464698809653,2.7838234057466584,5.141398784768192,2.1536986940885186,916.5614786970109
9.246617610802906,2.792961605445475,5.263930170384967,1.7882601972389318,884.6903279596976
8.888515136570804,2.569029537259759,6.242275233207015,1.442925132362093,884.8923125267121
7.551500082853253,2.1315227300781565,4.807359774899117,3.1184170330981553,921.4453352856917
6.956251495676897,1.8246203156790195,4.2986262564852105,1.8062677083557084,929.1451166435811
8.92126786286335,3.2103238499415534,4.289651349002893,2.04682538596494,897.3985329550047
8.51204246671293,1.6262791295095664,6.6494180762720205,2.636680121426506,891.8119848875128
6.572452469933805,2.3699792138807467,4.757467906196883,0.8081113262180046,931.958574435674
6.307659529497465,1.1959870020457535,4.947982515678189,1.9819119570656785,937.0889302694355
5.0,1.3407009631495495,6.134498150727905,2.6340382832133016,958.7237616998559
7.731047762525381,1.7638454321427735,4.8010545917651,1.9269368778408702,912.6769417065666
7.375953382472402,1.1960616232728363,3.795051577244358,0.9573259306515267,918.7685416427819
9.204287061963814,2.7978518254783005,3.918298826275101,1.6140196440437808,891.1003307742212
8.03858264022055,0.6519657484549706,5.443192603284542,2.1511893165949183,901.7029259825471
9.501343791259035,2.0992296233810728,5.997328430365221,0.31449768788069354,869.1242103295331
6.4539536581257435,2.132508096842181,5.29775475614958,0.9178712039190047,931.3960808115339
9.207225496451429,0.18920042168031914,5.930442703809069,3.5788295167480877,881.7201621720823
6.706625431343017,1.5589761794763912,3.8871624739923645,2.38767218214793,937.1231455312848
8.666394092688408,2.255699538048143,3.954696459031892,3.186776448573025,905.2739414413433
5.311862411203959,2.428727993294068,7.753935916294241,2.693054161206306,948.6478697218159
7.852702949049283,1.7956927913998342,6.73278427213668,2.3151869145393036,902.9647564923395
5.0,2.6768882044807154,6.268971891898517,1.752736608845195,958.5479789780773
7.099293771087368,1.8906837427639591,4.840275329265561,2.3049710995078536,926.0053557091708
8.16053099081687,2.013652912075057,5.2619938092695495,3.1599713526898845,907.8290374143985
6.718547173153357,2.2516538689865535,5.4983226828664,2.6604311385339434,932.3567402338375
5.924343556866049,2.9269996287341686,6.814346113716524,2.1334482438774236,940.933256844902
8.7691777039439,1.324281997584468,5.902782766445092,1.862122344640285,886.7771967379963
7.3448058152296145,1.5131781274817024,6.0259138012878015,2.398658869976691,915.2208906327281
6.765644029453993,1.3311035082707852,5.3323450648825,1.5743659141675432,925.6440364892309
7.562843881731415,1.6678022838580666,6.292665066840085,2.398779528331562,910.3568394563467
11.455003712918383,3.4262342580797647,5.8023227474312735,1.4416356072031604,841.5882082030009
9.230254274672316,2.5727253193298223,5.54402273274568,1.716863290011661,882.8121998636011
9.24386050228176,0.868910254831158,4.756915827813729,1.1778356270267998,879.4603442017441
8.153319478488546,1.3995530344113254,5.386428257898368,1.6481895647245375,900.0473844476685
7.7497279088657205,2.372767224276402,4.420467296220044,1.4530178732110035,914.0351350117504
5.0,1.0934922190672296,5.459860994013045,3.353532312887286,963.8476298729777
6.481529480305301,1.274659959185243,5.588911357964899,1.2844033942177693,928.4993957644016
6.779138380196288,3.344959666174149,3.095481615393686,2.3078682364863123,944.1417439251234
5.0,1.3866243715268132,5.269660460899496,1.242494144517134,957.6968390709809
5.76387631467685,2.9546668160293867,4.324119795395408,2.037516829340893,955.217826520292
5.0,3.2553231895309382,5.998639325516694,2.2319323215635114,963.201467071355
7.442514246453941,1.2665379088310358,6.137159743550995,0.5191170608610394,905.2061984404862
8.728148956273223,1.1100374434428586,5.073660182334683,0.8818388093422382,887.1513544034206
9.160161777936493,1.7238679135188348,6.049022087121916,1.2362614470096136,877.6115222868577
8.122176693118861,0.911372279326375,6.091066936335061,0.9574105007611711,893.4183479761832
6.054905488202147,2.1210338785027423,5.270284160588232,2.0672681615564135,943.1898586547173
5.0,1.7943480881466136,7.034286975303658,2.1940641670038925,954.1687154320216
5.0,2.3605800158863017,4.774925062993498,1.149542435705972,962.3689145622293
5.596526134118252,3.396943456232821,6.971365703253166,2.099358749546044,947.4848501764741
6.166710452946488,2.817484980770319,5.274800570816795,1.6607371089828946,941.5200880626627
7.26037725301262,2.489239775412356,4.656673646774033,1.9204191731448905,924.1023889339655
5.978753672809548,0.0339515870320819,5.148451524195618,1.4972613683152667,937.2294193161852
8.008463840502392,2.443375982102375,4.400610772270676,2.390125385969717,912.9980179014699
7.15158974580079,3.722627660704549,6.284557867389203,3.3079434055501418,927.1589172867577
7.5158185676115385,-1.0105225163135167,3.897231021924724,2.6194673724948627,915.7187111956415
9.210375829006807,2.6893825429756255,6.889608553768826,3.114712678943294,882.4504382660194
5.729652398699445,1.8406414252435357,4.56413279825354,0.8777401735149664,947.3158308942166
8.128056867438552,1.1502049969770554,6.336653371845954,1.4594327181814863,894.7008657397604
7.4790401572858904,2.8011285839119537,5.524225861060468,2.4521886662384125,918.8494934080726
6.999770578545457,3.7097059006073305,5.770815283049596,3.2066353399067538,931.9587391000215
8.827884481298941,2.775230728837754,4.909956628722636,2.5203523415252587,896.7986547682108
8.818521231835511,1.6288080487384735,5.852808000333132,1.1790207317009092,884.4002794642181
6.080263806017358,1.0565301755918437,5.634974288550864,1.6522741321448955,936.5086417277959
7.226759124213114,2.144627633789544,4.042088931830673,2.266723549270513,927.9122894581825
7.921817523876098,2.873169292381588,4.5374999970667425,1.8682723826954022,913.2309346589158
7.090489877966124,1.6129469737662725,4.959087888990194,1.3609820338253034,921.3301048086637
8.377531998431698,1.7096170083492033,4.7450034818735505,1.767796445324456,900.1696728683597
7.921788026865413,4.822000249838398,6.752810945383652,1.9884511849923368,908.8145909094899
10.248841860534018,3.078651945959726,5.5070141838475,1.132062955617937,863.2746385633028
5.204581296105319,3.1501286783936324,4.721328652360118,2.787607258029388,967.1093676715541
7.316346015378904,0.539714093941188,5.009230175996961,1.6483081419527683,914.9705524057267
6.137246232731713,1.2928113207065395,4.9955369164529335,1.9419390189513646,940.1589301449543
8.406161183158567,2.074681639454239,5.211950527994934,2.828042162979189,902.4285106584342
5.074242164931683,0.9988624421148504,4.4246705952804,1.9000010671152356,961.6092076473858
8.01946906533733,3.6003972988892943,4.686068889402681,2.784287062753271,916.1603113863465
6.554927352977488,3.4103123065906455,6.26660691116421,1.176639311266619,929.5404986710049
6.398757200818479,1.4664546626159463,5.685343103366914,2.3463647316930265,934.0761559447168
5.330252694688969,3.783918606607485,5.347662453459799,2.671457884571163,963.1956257132368
6.802386080698491,1.9957479032800578,5.5026228173151,1.3361056012167607,925.1368722851706
9.126750795436388,4.589389717389048,5.45443924342459,1.8573043261068758,891.3028621275919
7.462216974705781,2.1446861305250366,5.290868895268356,1.8738595322955358,916.2646556717789
8.441520626811712,2.576192750328422,6.017104838707479,2.167711373719765,896.9696429249661
9.996962732949413,3.3999034411695583,5.943159985847926,2.3798412938718148,871.4695394470142
7.895633377233864,3.277633349807809,3.9282370267727846,1.2710350411021514,915.4577644078205
6.661800641906489,2.5107320661358936,5.368437814090757,1.9519561133589458,932.1034914312318
8.200878322774185,1.8588596805561641,3.994180600659235,3.2730545388596637,912.9627047966443
6.683555780528562,2.514132699993119,6.135577203455706,2.843101433299843,931.4561960509559
6.743365975054246,1.183815828123885,6.267666556850283,2.6350750761950694,925.2440688185485
5.220160800571523,2.152133718864116,4.889221102358304,1.8457763216522944,959.7508719755809
8.889386236626589,0.8906924675020051,5.383241044665284,3.703064659781699,892.5957776597704
6.920996136525841,0.21911835991969864,3.388559702877754,2.8238513508050085,933.3387364914083
7.773147368723793,2.050426764139443,6.472789814092026,2.029935094343546,905.3030355291165
5.9460571070900405,3.2622778906716725,6.209673740251402,2.176328572472561,944.4360525205282
8.153921444573209,2.9258046415960592,6.650085261737527,1.6329202762087671,898.3616230414085
6.357088142797375,1.9180877042743918,6.9865441403371,2.3146973529266446,929.9428691392139
7.2874369174472635,3.746989698175496,4.275890707023224,2.474460026981531,930.9398741061038
8.81673904685869,1.4309386091534262,6.388044201638442,2.562086467637678,886.5375285699598
8.686138968348795,0.08216733820197675,6.97930444441846,1.8554528862476418,879.8255811325913
7.4669548912245896,-0.1821012942009621,4.005422128970764,0.8210405298978627,911.7456342839079
5.0,0.818809059404283,5.328788788154286,2.1934306769438594,959.3751715290516
11.989215855090961,2.8166247432622287,5.136598016770575,2.565434804744485,837.227204824676
10.118788455409703,1.3651973165326137,6.355461864191498,1.2171573277158414,857.2843628331179
8.584012237332448,2.460958641857302,3.10605893365592,1.9273339376037018,906.6399552027841
6.370194327613544,3.6462833835839774,7.315957696232195,3.0731726601923146,935.810515155023
7.329611757447053,0.8999030374221939,5.387462935805407,1.0372199535439641,911.696706361581
6.684869355335224,2.47849973179589,6.416094402017146,1.7730125201692286,926.0472118481251
9.395783908644582,2.538963072655722,5.439762762308409,3.18971131835068,885.6029555314507
7.893754336277751,1.1392620115268968,5.9921250509796735,2.126172283291016,903.110689764181
6.323754212460251,3.3542109252450834,3.17858174138385,1.5791905374078083,949.5406038313953
6.793867351312827,1.7122929444505235,5.1151176271992895,1.9943747255116742,928.7551415930251
9.181782213854857,1.6162470190869906,6.347761211343679,2.660733705822625,880.8190197584644
9.900146770230718,4.111613218417973,5.788732346713695,1.8371955718529944,873.9554330681692
9.792497345229368,2.522766742366718,3.8631589072732426,2.4780656919512603,882.862784045175
8.635548097580966,2.925290549685498,5.561424893876613,2.187992126940596,896.5290709743094
7.121062696796045,3.3548929315218388,4.681257674138495,2.253662728278912,930.234162282993
5.0,1.349526000540783,4.594580748826562,2.5292332088065064,965.5191245962255
7.9457400357123324,3.249821097053679,3.9793057266832825,1.7641375336213656,916.0450561925246
7.49725686173385,1.4981058850023299,6.11870262190713,1.2443913977021706,907.6179065984909
7.7099731444820305,1.4553766106617028,6.613014443935635,2.379516484357684,905.4662844138903
7.580846020549809,1.728000027691864,7.620143134162845,1.8940767097785844,902.139683881553
5.510606757076264,1.377935165055045,4.025951608257071,1.6415110192692928,955.4428994421716
8.33611283527678,2.822156432657163,6.267372161226476,2.421108231446438,899.395359782243
8.448324471047776,2.267210655145056,6.333171370420908,3.0218776649549572,897.6888206075413
8.523508173089489,1.508775585382887,4.919495322781992,1.8763372935849725,896.4865533449537
8.91986550536008,2.674505033154822,4.582421614590669,2.0067596308464877,894.4192559617068
8.406077467382435,1.724817562613654,4.41425767903307,1.0545862246988968,898.5659626547549
6.884955882691633,1.6719296296353234,4.972646756539785,1.8218443132705027,926.9689576760744
7.393744728125864,2.0486838849015436,5.70262159585595,2.17703235748068,916.4835460448321
7.636687300880065,2.4634603556662173,6.860112010506812,1.9836447210498098,907.0203081093881
7.661549173659928,2.3898476493774194,6.6053383380101165,1.7102753337167178,906.5202612813674
8.997326483957595,1.6367508177471697,3.8845830557313374,2.5806733361068535,895.46305578107
8.465503129533737,2.8471112074394025,4.711156751399488,2.046406142862632,902.9008340168698
10.61601515935493,1.777605848920344,6.799640374309471,4.0710424947053205,857.7375886942508
10.809703469827008,1.345015511391281,4.768907167404932,2.1661754118848826,855.2848629417781
7.6194743739208874,0.5319783512326486,5.443085836589824,0.0,901.1616471048678
5.0,2.983178480999021,3.794711065385915,1.1103747130118848,968.5182554403469
9.3552486991909,2.0123900761940074,6.653033415512948,2.425695423415763,876.403924100602
6.6894354915194185,2.210872358510515,3.587251794148612,1.4853521600470958,937.2996229305674
6.29777411725349,3.0458029156995154,3.857189419213381,1.535015785736364,945.8435194774838
6.9023320875159495,1.522593768402184,6.550817060836703,1.0086161248378174,915.8654124375514
6.83003542977809,0.6256007515258715,7.420061679566557,1.6186140234797368,912.9347244602448
8.41840471515809,2.0697807022152186,5.209388915275085,2.1551422046994277,899.6958310026927
5.160846331310662,2.3079615520802954,5.453137188137175,2.308668571510336,960.3886301291063
5.883418881312598,1.7371509338396272,6.408279559782988,1.184083478801782,936.73135050115
8.014737831296125,3.473737578076169,5.7894478146973825,2.6443248906531887,910.2435604356116
8.434416045619962,-0.48616656772135647,5.126781820623336,1.046904728156062,888.5284069503681
8.462312467404018,3.1200566378997827,5.014546378614307,2.350364887192998,903.4416628458271
6.319445581600052,2.791153650364226,3.9332020425150165,2.2696374197093587,947.1092925703791
6.03260152610064,2.4567707777004593,5.7329417721202205,1.2525134519724097,939.3591728852907
6.740047749318121,-1.3359015494690962,5.408083177930524,1.1573475791328343,916.7756927566614
7.859809128427088,3.2838887832702683,5.062153820887319,2.3058323524839053,914.7182810006942
9.728216053908824,0.9735658893641148,4.498185204437611,1.5520939851178475,873.3386586526252
5.0,1.4923080216166134,4.59946914670657,1.8476005237520836,963.3590817964827
7.16890686456245,1.8294073352099312,6.1183769205067,2.5498686543318327,919.5074374981324
5.500982338462194,2.4074180346519753,6.381663648409047,2.383309728984782,950.2996010480035
5.021635983969766,2.63942804219255,5.172883843709383,1.267244387924343,961.3318141857095
8.950434968017225,2.8928405543192963,5.067520426753621,1.9571366477625392,892.0195130867028
8.316936861749008,2.815853510078516,4.646351953385796,1.2522278384857297,902.9239566405105
8.174150273920894,2.252927204213126,6.436820043574258,2.6959511599650696,901.0541969172758
8.88153875959649,2.415922659057591,5.530995769655907,3.2292134914253605,894.5473471494784
6.780421654850796,0.9092462841777535,5.867900979327265,1.3239237478452854,920.7702111407438
6.851043725499707,1.2489731931809778,5.858470130093463,1.9750663168269091,922.870582508342
10.778595925083861,2.8954602236748324,5.192298379466063,2.733968809064888,860.3326263226971
7.130143418610638,2.837209486728681,4.334639900156579,2.0193688066626407,929.3611233068721
8.602698169581137,2.723799416444421,4.50386684431408,2.449204229904341,902.4672733268544
7.509572311444972,1.4855832383434726,6.6278855326474515,2.0412850652087546,907.9506449578677
5.0,2.9104921319436956,4.774315685149428,1.1545570336903124,963.9246572775061
5.0,0.838755547519642,5.089637680251649,2.0951400137422973,960.177233615531
6.631523670090143,3.0773598098622728,4.36560946462879,2.9018269113864408,942.4442057056727
9.084151877504983,1.7391291987541098,4.283933481073593,2.2514336558460637,891.0519880556865
8.682437484954006,3.684170406340632,4.730835002971277,3.298939427031355,905.7691701182861
8.87111574633605,0.478557907934515,7.188407184244459,0.5827969127828583,871.7843347901022
6.019430731595527,3.763404045918522,6.158037391192429,2.303237959712165,945.1816570215203
9.92380873518347,1.6385356708365382,4.973211128576377,1.4815936118534572,869.0847685354361
6.052660049720424,1.6205207439882559,6.5828767945519955,1.2994950710993822,932.8755205207503
7.819236598004953,2.194838818985597,5.347701126703553,3.0675348868573833,913.9402191220156
7.484471565138395,1.3029210871993033,6.8543400469918385,1.7959960178484966,905.9424026895962
7.23918926952812,1.9276709986976932,7.711730350396213,1.718763790933359,907.9735368460732
9.507888207443411,1.2623737347291455,6.528161739266191,2.2748607080951073,871.4918318079729
6.442334219751059,1.298936469020813,5.594550955222577,0.277985237562959,925.5260594031475
5.475592116432108,2.486885950300572,6.199309873516359,3.0838927519069355,954.447688560944
7.529993229309629,1.0984345046964838,5.515071219282212,3.523544251291308,917.1792616480855
6.90025989857021,1.2318057649945178,3.6640016360249574,2.7320907560177856,934.9276739757989
12.56607437862397,0.627208750253591,4.8453745857879555,2.329591792457118,820.8660186148281
8.514761214659963,1.4960693200386606,4.548408404346783,1.8267396582868272,898.154847258847
6.885989137172063,3.3116020297239217,4.823208958169127,1.1398301449742543,929.6822181953471
5.9158326462193696,1.1540663598970315,7.293671432639444,2.955251052586211,936.9733196782797
5.0,1.2683667348127587,6.622149742854658,2.733073298615097,956.6227795567015
5.9621713713938504,2.1939219464815354,5.940884801441647,2.3600930039339083,943.0890863706883
7.672412657638698,1.6292035662004736,6.312342950451358,2.2669031115586735,907.6290873730189
9.640992977392154,4.2281544333496495,3.607886514094144,2.2404739310922452,890.7419722226768
9.18253371358188,1.8374720353237433,6.228183713089529,1.5792506241685371,877.955177961971
7.843642247469569,2.335218346217372,6.439624316202168,4.00093506234545,912.2727387445975
7.015248501446273,2.943768784799322,3.260252812312717,1.7715011675821444,935.869301548841
7.903218534618231,2.9245778658628505,6.265236753779399,1.658636645217249,904.9064849169922
6.722043003773136,2.2332875815573794,4.075926357332914,2.8964850496361194,939.732739305413
10.077545993645813,1.8388725133139987,3.5299946435539677,1.9766353820605218,875.3367073590731
7.21621472808738,4.024028536379257,6.826318216859578,1.9848043877977277,919.3565382882834
7.37049321262991,1.9002397246857334,4.492950952387658,3.131655497663843,925.6780315996638
5.0,1.5583098955715193,4.7840532606156225,2.542892196440301,965.2713959175397
7.206847730215854,1.3541510117059814,6.489604542757346,2.5835348374194345,915.8748020120235
8.754726206947412,0.2731967972932441,5.194761727747599,0.8658316046458254,883.6995631504824
5.898416134442182,2.821615752237163,5.319834626270918,2.3204321428872374,948.7665444074978
6.373919498260781,-0.3480683971008265,5.29791309356207,1.1955136515240983,926.9960014030443
8.689066526600497,1.9942771590950792,5.847598770974786,1.6360047946040623,889.5519994300004
5.28501416472292,1.795139365728615,5.273665583609324,2.140513015650255,956.8573388209722
9.086701511312878,4.239965192231448,5.614126074359101,1.9710321583395323,890.7534081591594
6.701784164740347,0.1683487712863736,4.996441874587294,2.5233746448230177,928.6800065696293
6.917147669263196,1.0988967130156428,5.851819589879362,2.616559721473288,923.6396162519599
5.814182392311609,1.8639035413183507,5.813843031904567,2.676507071426098,946.6887345906312
8.067069390641825,1.8024706625308318,7.397885837684182,0.9246392454878707,890.7308913305064
11.18980797754407,1.450455409189955,5.118749050326298,3.890126609629502,853.2954301131248
8.672245859190948,1.9190120905978325,5.3158344821950205,1.9803369049793025,893.4084936961325
6.2035721070891965,0.7404372711302587,5.738824325937041,2.970346682933768,937.7535353395008
9.203430878237214,2.357192878994939,6.46443564431472,0.0,872.0431280511202
7.024980681098626,-0.3214853420775783,4.408414846822799,1.7877369601890356,921.2996676813464
9.561727472141339,1.9742306441227429,5.603576521775068,0.8314543218632455,871.4063517663507
8.710014603246545,1.3996433057364266,3.0,1.3109077040327852,899.5353098616208
5.0,3.0162879427566356,5.228468083277605,2.040444601267053,965.4035206897636
5.993880550567459,3.7553110706333044,6.572727030099361,1.7322004491833123,941.581744627512
8.916577834253085,1.6689478312496422,4.773857563652681,3.051213605704867,894.6700936743163
7.727485908217527,3.390725929141431,5.676837615285312,3.415193597578681,918.7461127213745
5.964366078438224,1.6838837193695892,4.971094425616398,1.2265326298143742,941.9179388218834
6.549615726759281,1.03387347687091,4.640597802266317,1.6097878677057118,932.1812855700741
5.0,3.7459036321856196,6.4714859982681014,1.1751294094143323,958.4401426448725
7.367440068710406,2.5207764447340066,4.454741310154346,2.9247201435339645,926.873992844523
10.816034589023646,2.0044385226098145,5.792965293863093,2.127234883778998,852.100165273436
8.707400086098488,2.6871774750986486,5.8083516207661585,2.0258649359698784,892.7769660793386
10.785625501782635,2.274215035130167,4.648200482961376,2.249973128581868,859.1981934074103
8.82359563468497,1.930780592058482,5.655685256957629,1.7510632871605496,888.1930180300869
9.041219015029037,0.6735651726920036,4.565052162532023,1.314823979330776,884.0862257996072
10.461118031617536,1.7294632628387334,6.021791874909158,2.0408438030326375,856.5490138441877
8.06589488901334,2.6232554234584726,4.185054285357106,1.7863933079700511,911.188118374539
7.219159017739679,1.8772285743131893,5.160394496808159,2.277619261819745,922.1480192361873
9.048986274933018,2.9023257611303857,5.2472283403421,0.6944171451838212,884.6799641572927
9.680760355682828,2.383655023866789,6.61295533821067,2.149086866170633,870.5426157203628
6.780053035931687,1.121863681914593,5.640043071711892,1.4486031953572995,922.8936168074812
6.417646376489956,0.6808280421678763,6.4550134901120595,2.1210439499308444,927.1157583996568
7.708284048646321,1.842821500069832,6.054691048489879,2.7240716874966004,910.4566219823827
8.747248300397493,1.4757715518954124,6.048303000895759,1.5550017991078373,885.7885819809107
8.697136572992342,2.336321809621686,5.1680668097699325,2.9573764126161444,898.4315271806887
5.363748599718601,1.2818623412372703,6.520905883524886,0.6073899319923188,942.4579501659067
10.367409100594983,1.3846076742451228,5.143829590697997,3.2350630644171092,865.8548731429631
6.538252605904725,3.053069717594912,3.7701745200698924,2.9907952418783315,947.2110128237243
7.102402504667131,2.148202968627898,5.285212831533107,1.290728291271631,920.8240692725648
6.14601846001827,1.2972729345727072,5.953476404644068,1.2974196703079528,933.1561840230687
11.547493253905632,2.0176418087350196,3.893374281287187,0.8040352375286268,842.4426667993471
7.863106005431951,3.3789112430016823,4.614897641279614,2.7371030336965125,918.6061399203412
6.223537378977653,2.2937866882747224,4.269411559822644,1.735671349854242,943.9558032795846
8.795885324943669,2.5929508094251297,6.286717104708964,1.676984079952955,887.3460119548722
8.65370366896505,1.2477654634725575,7.1728626370124955,1.1017480298091278,879.9770688091204
7.218409464630174,3.0264193771346006,5.290300845786784,3.4495791155483424,929.1238293970156
8.760910069175075,4.318102260463801,6.031530363068259,1.2217912562801017,892.3030253051321
6.2620620587537035,1.2085323574871465,6.0055193658997235,2.019332910980189,933.1937043619829
6.760622587576122,0.8181060256280106,7.053796946439961,2.1727757677805557,918.527505737784
5.0,2.175542243835148,4.847447096047393,1.6810630537261555,963.4926884235409
5.514073373670656,2.8755050498444104,5.280121035241676,1.5192874274999302,953.2700807552177
10.211446208506029,1.9086103279497386,5.159231350575942,1.7045908445012308,864.4527754981341
9.962142941583473,0.9467936039573372,5.575367240040263,2.452266666202396,867.252669773674
7.598682972973444,1.89141583821961,8.004316802116808,1.7223542759905017,899.8386316681681
9.994397170784756,2.5980922727774547,5.530811115197313,3.300436549839623,874.6222423441885
7.259888270087543,1.5929681730539407,4.64528934739294,1.3783690513571236,919.6473967848635
7.134884546148138,2.6072550177549214,4.345502773106881,2.603285402136274,930.7530227421807
7.584765972698334,3.16471078523991,6.752645007313047,0.5948810305323518,905.276054148205
7.312617607014652,2.2402306257704474,4.640745496021921,1.3784599721312087,920.4939604952531
7.177205514659729,1.9720522287217073,6.163586959199096,1.346966267136629,915.066038298935
9.21509716072433,2.829343925226282,4.820308670741372,1.1168691734690714,884.9433803682664
7.725203480934304,1.1438991725627696,4.233307263416828,2.2267780058044835,914.8114293527765
8.568722646650707,1.0452901663070775,6.105199600301821,1.911850245126283,888.97102310676
9.047070787915997,1.7334277150710147,4.869255133236468,0.1769378257176757,881.2869190119308
8.0822786934821,1.5081205451855328,5.9254256392388935,3.59642835140201,906.4127568670552
6.044593011137642,1.1966580247095246,5.999282940846044,2.14081295547501,937.6864044012124
5.470701166553942,3.8304684749987743,6.046265245012469,2.000941883612596,954.9703357650741
7.723170952210958,4.171993209494291,5.231851316056813,3.0480950788775885,921.7096864171257
7.243115542762598,1.6462949577444177,6.186183556504708,2.7910887115132006,918.1983103058047
7.631087143380182,2.0917189497483655,4.577453671551917,1.7614613648812014,915.8751517075682
7.47591894112712,1.812157179936209,3.045909748935866,0.437989552239066,920.1796670288351
11.37536049024985,3.1074992401181563,6.206892173120108,2.451508516228372,844.0557808366435
5.504660616537993,3.305645561840047,5.6655905048374695,1.2297230602010778,951.7756375863809
5.0,0.22273620131035332,4.889921755986029,2.9914115668715393,962.721348865083
7.998565250279414,2.476010800065626,4.028847238024955,1.379069069921846,911.2407537602793
6.935366168117707,0.6931786588388515,3.463421701164657,1.6385064838480208,929.63649094067
7.974101804594927,3.758272157875278,5.551743348208972,0.9254551242885285,906.5043722481879
8.375824533426002,2.440248030210398,7.148785965729952,0.9901637111977328,888.1695099475746
9.426157042768345,1.1766504616373639,5.36144258356902,1.912739695440875,876.8510174459211
5.239161269424093,1.758678612062147,5.138664613308455,1.8381923772056532,957.111598907686
6.664923153214255,1.7110227417338417,5.475632157504157,1.6192939091833207,928.0782666094199
8.143141888321146,2.5251129428858157,7.67920511190877,3.642409299207104,900.1340848105527
8.65569539353084,3.041912604177478,6.251904226653133,2.4829170928959265,894.3660987776174
10.790174325432579,0.8517927080282901,4.566424748299611,2.008194658341002,854.6258682517882
8.933555956670801,3.838754500912114,5.528103903902103,0.0,885.5503011103232
7.4148171061705845,3.6056901078208434,5.832436911154941,2.660614582955454,921.6309318377711
6.164346370586007,1.1246764324089547,4.4436611334211555,4.3956290384912915,950.8797205063006
6.653565220921471,2.0728017943623094,6.2591366223425595,1.8496397955823656,926.512478642805
6.61094576556434,3.710808544114316,4.6821912028556465,1.3515899814942545,937.355290236462
8.48285044277064,3.232918586677483,3.989054232659929,2.130659723792881,907.3257766119372
7.8854961683787455,1.6632569699521045,5.576133553839778,0.8548730138782299,901.9313648005937
5.514525643736731,2.814339814567873,5.4178441405096445,2.369648435413298,955.6139480355088
6.846147796364351,4.997198291719139,5.4989780977973055,3.2001751711497954,939.6482377034391
8.81632133017713,2.105159981851212,4.735355382337212,1.463255119572509,892.0237261250119
8.027493532461088,1.3673517485599809,4.874887382128959,1.48908737378725,904.084710378295
8.352966924019157,2.1724198520913993,6.628446660369111,1.9362433370157275,893.7864148435608
8.074382565085894,2.246552095497318,5.941085615000748,1.5990246144818099,901.1166880919587
9.93964610191329,1.4754632609999019,4.543253923422715,0.7901462336993659,867.7623382480485
7.854064595736555,2.441625067814217,3.5493031055798925,1.6918098459323585,917.2258056444236
6.920965803193953,0.7455989402724987,4.58558359788779,1.5303926245535722,924.4303539371139
6.126367438299659,1.3344661329913208,5.657299072160191,3.093243890667419,941.6831527464101
7.874414187314568,2.7582447761547977,4.8680682816455585,2.9242997750293425,916.1832766948783
5.0,0.2451291484577487,4.790349794823179,3.117850380197545,963.7171871926042
7.223566497250932,2.9031675919947766,4.910839561069337,2.641380001357367,927.4420303788751
7.191240210117984,-0.011981365705703073,5.427292437263712,2.1646263291848604,915.735004192778
5.453293719574079,0.26867542112368503,6.284627912958348,1.300473578044504,941.6425831559263
6.107601242016006,1.5010212569441146,5.499580796054307,3.060892502121705,943.1099356116166
8.714486295222361,2.2868638428193506,5.561937021517651,2.2782315493953895,893.6129192440238
7.846067623612444,3.3252636031273886,5.27513963611718,1.0015757218119583,909.2470900307295
7.652682500560991,2.0576227631595954,5.000643167845261,1.2689054462496703,911.5782105283491
7.959521300898034,1.75344639242401,6.39424087131993,0.9890038543491604,897.5008935247007
7.638941381923385,2.5795812479848044,6.242402067844196,0.3583768315067295,904.1287141758322
9.364293844287472,1.1291011795320656,7.5452799176660506,2.310817747959304,869.195017192409
7.685143772555473,2.1394151593464064,6.110564298389253,1.0096997025339625,905.077253030961
5.312680329271874,0.80055374204464,5.001585678192537,1.3952437753353997,952.0606242565001
9.945194947311617,2.0825905168754133,4.595348690889811,2.031071702918214,873.7270168443044
8.055510400993269,1.8701636741505967,6.4529452607116164,1.8496856608901977,898.9698983886079
6.6161194038073985,1.1957320785505827,4.68501311568989,1.4292465269374632,930.5177576805879
5.619897422557472,2.1650406365377393,6.309736686522071,3.2151432104494067,950.8404284669155
8.093871331437068,2.1585496531596426,4.740086006107386,0.7786764065981204,903.0416230717316
7.324241992538437,3.175454012339135,5.84915838378728,0.8133070813196748,915.1655314911096
9.861220179048614,0.3943665969372123,4.440248785133638,2.3662751260708297,872.5469740932626
6.9811390789997585,1.9239510923029575,6.279885354332081,1.4990936285194933,918.603798078578
6.2439288154763,1.2397376002965208,4.266328344490751,1.4678017788251854,939.6535877523157
8.843694327353893,2.869762058176292,5.772957329506702,1.1367711750832308,887.6084588426329
8.887922839075248,2.753912065192133,5.302160065772989,2.2705609491815744,892.8694922801975
7.752977051415293,2.5078798450686213,5.6018064372262595,2.180505499690504,911.5646921371637
8.514535571512363,1.296166741930537,5.104196165838366,2.095298486938758,896.0159417801201
7.443469318886643,2.8854705829400955,5.080740052629009,1.5336344629431946,918.3916125525351
7.85079765151387,0.4698690712566682,5.654781204009772,1.399176317270956,900.9063016922506
9.247486323845884,0.2646892964072285,4.497861621910149,1.8695249291425198,881.4848137079707
8.437977501032254,0.724129000098076,4.491977938333323,2.7732318473892095,901.2126634501116
7.2460883425010625,1.9665251896730942,5.1414505003615885,3.2545275185092537,925.6184596508413
9.528543818889226,2.675164400988294,5.102529860280993,2.8890842504238647,883.9634232086879
5.0,-0.9760324740095245,4.494603536195625,2.4045898735167732,959.0320372836861
10.578109967132903,3.3227428318797863,6.424214692914664,2.7857409382708265,859.7179650805869
5.0,2.1311121961784343,5.165526581568395,1.054451304090204,959.5586632742604
6.559360762841556,0.43222765241022487,5.273337797003888,1.4289837803313914,926.7066038681363
7.4386236972073965,2.100946970289581,4.1724716740304535,2.419518804560692,923.8118579477745
7.280278993907758,3.09252541467842,7.571635854612119,1.905471306361254,911.805203155986
9.009616560039833,2.599441015306259,7.9270673955549125,2.2700051035890767,877.9671280119845
5.913245072084648,3.099073062553966,4.719601421595652,2.7835721528191275,953.7787973018185
7.891150226224595,0.633753370602889,6.726086381169098,2.659222627544661,900.3187841982344
6.632681852670369,1.5859947648615953,5.40818661626241,1.127229191947042,926.8122677627177
7.942711469006125,1.075307769476468,7.103769592813106,2.009475444878833,896.4183954016937
7.402841610303185,3.7175802050443183,5.836233086400386,1.2633419345108914,916.9503429650532
7.639403479024467,2.63936284348663,5.599762168767399,1.3781455690879332,911.0687250557113
6.675112751303482,4.847009588957641,3.000730460381418,0.6313047959307043,944.4711167790357
6.734904074855876,1.5323904665827726,4.621394026573316,2.1068803538836387,932.064266302328
7.930908771041141,1.2753257883176952,5.5205206695749425,0.5721803446943743,899.2113455767808
8.915573258634067,1.8571733614048496,5.698666252703979,2.315306591081742,888.1759935114765
6.602580998703228,3.378357221422549,4.285166286062616,3.086758088786217,944.8843269319824
6.196848683140635,1.6338803106246527,4.771228471323721,2.4242688951844107,942.8392084586577
8.420190248507755,2.1244375979069443,6.05344701725082,2.041510686268608,895.467533398619
7.451244160413466,2.0966907028868196,4.116789270266643,3.227558500322477,926.8300731918235
8.745747200978927,2.0394967612021895,5.6337297237235395,2.261956557895649,891.9469332056034
6.141304179943279,1.347601539537522,6.7379535314890555,1.3098053445705045,929.7825425087428
5.0,1.8627089320896335,5.885469629111821,2.100085161384923,959.351840945512
6.700493877260499,1.8198973986486422,5.835486743165977,3.5677532004753196,933.2953561752307
6.350471086102476,1.9924353403253507,3.4798485508222363,1.1258889322861458,942.1571434647828
7.38181739987955,2.943516818152708,4.678087223582104,0.8959008962122177,919.2002540291392
6.5447321785944155,3.7606280346244922,7.554201833591041,2.4919269178732315,929.6130633030363
8.611525427004674,1.1595652373302932,4.900838082454068,1.8207574656295304,893.7551347585951
7.067774606366226,1.6080063752122848,6.764476209547068,1.5743984996001181,914.137678152549
7.725711748160851,1.1749881015938133,4.8891591106437176,0.9926564638385282,907.248070468641
7.7364518376614155,2.1871015372222726,5.2221794984905365,0.43991020961060445,906.2673404201182
7.792432638618281,1.4616505424890232,6.015586845353519,0.8348559689348634,900.9819433087881
7.46380633431754,2.239796833741989,5.600693015994009,3.291940420261888,920.335031186836
8.265901035615471,3.103626910444787,5.88151245100108,1.9929006054844178,901.6879171729402
6.306517299261289,-0.5258316858046084,4.681609745273013,0.43010841435725,927.7722258162346
9.599126889980825,2.491779889600691,4.363729810531243,2.947268750655011,885.790801871809
7.145193924947197,1.539812951102121,4.614128385609499,2.9878671736111793,927.7646400223065
5.532676293151978,2.460422267984389,4.967681858537634,2.9833871645462686,958.6652786849618
7.782110035487659,1.1035305622497997,5.270718617942589,1.6619749524128,906.715308858149
6.223229276328772,3.196260988306875,6.53727538063982,1.7849515106059426,936.11719271714
8.498001801763312,2.913280618040284,5.587341456025048,2.1101022909664677,898.6436621634135
10.814408364063567,2.568352148542643,5.984597102508585,3.1208372063957475,856.508844803979
6.320141862663225,2.7932257178100985,5.641601012580132,1.556079184729093,936.5036309658487
7.998558499835977,1.2543795328278264,4.384565746471224,1.3964694043354287,906.243166262677
5.0,1.38037624531071,5.517269526005649,2.556541494685727,961.4162807887216
8.18085784416202,2.7524362008174794,5.630782110191536,2.967403787079729,907.0809463744132
6.171429300300465,1.2322708572313879,6.259923221341308,1.9577674446267541,933.5337026208614
6.562748072348277,3.445635046658087,4.431411930356536,2.5363519262415517,943.0853713239588
5.848070265240258,1.6764089287189683,3.4595891348516394,2.0899574112592267,954.3006260704814
8.598226839082104,2.501894389860622,5.676263815170497,1.799004315116383,894.0609354524742
9.010956536209894,4.09924951925509,5.8538500015883805,1.3365774412113187,888.2947801591378
7.535077821987762,1.2937766459319233,5.320615193682952,1.076912078842441,909.4324416358459
6.20335994199642,2.0687617508447826,5.528020900726791,1.508187150583589,937.0045093755149
9.884284554155794,3.0541831646373074,6.378772378582805,1.2191526513051816,866.2574346244855
6.374384808368015,2.951277388876531,5.041194423472491,2.226786026447544,941.2225964285582
5.0,1.6721846897606418,5.2213591578414205,2.9740366139334293,965.159491404302
8.187583514935602,1.483269562478146,5.579036444613832,2.1632074810967197,900.6638810637373
5.842837989537725,1.7668640674549483,4.2801853208306575,1.2634373282506632,947.7598892620275
8.982913190248762,3.4478577661513636,5.348102774952245,2.684301664820768,894.3642621185406
6.928293454989872,1.7208941436400536,5.436256682665794,2.237505196879767,925.689962155941
8.405569860816295,2.078115692483465,7.1370422143202745,2.3958608165694244,891.8896993118947
9.602250519828237,1.573213529076575,5.20188434237154,1.58450583113411,874.2030055771096
5.686711703068918,2.7055485647959867,5.700011239944467,2.906701257854794,952.7935192321771
6.651094303661392,2.1555250375836565,6.418617605389742,2.902612558543164,929.9647076594748
7.386493391014405,0.996566189241771,4.6625152746895715,1.852746284273249,917.3131627453066
9.806326978551516,1.0311758859650055,6.875740386876166,2.5747614772823395,864.7952188173003
6.5124259230893315,0.0013944334444930817,7.263870232057278,2.8811913216573344,922.5238034373475
6.6082444560764895,1.168678590874384,5.471103712351325,1.6277022191291834,927.6716863782437
8.217210863333712,2.7939458036321723,4.96057393854062,1.9350090818921561,905.7965517045516
6.634156911434143,3.3237605380122677,7.127119424390388,2.0638330857619254,927.1243271039982
7.728788824346425,2.6855583632171838,6.2956308727681485,1.121743873403362,905.3454393512211
5.17269386854781,2.554632200640681,5.581969204663836,2.3533300092435256,960.4235487174973
10.821494913834895,1.8734739504713505,6.926843819615702,2.8180182524795256,848.9303910624968
5.4784361545358955,2.774914554913987,6.82099218854932,1.8848911870257217,947.8472806728237
7.017370944014687,2.2862782230818843,5.163743046041777,2.271880043481814,927.0056052813833
7.451278446236858,3.8044489719871244,5.7487298532991495,3.118864636734541,923.60121616265
10.369032201535195,1.9015546858232515,6.076792487925957,1.6758785001576415,857.128521576623
5.51273132860089,3.343008083736131,5.528730029887852,2.2882119981016027,956.3037438356066
10.475556203218126,2.87411408181786,4.109129409095719,1.544150238664261,866.5202200439506
8.635765231653034,2.7354432862041587,4.561740496301754,1.5223149607444686,898.1675718059295
8.125642986634869,-0.011491325461820079,4.141737214539773,2.2735146091782297,904.739375949086
6.023049469473067,2.9291895615477106,5.992924303024004,2.19309565385063,943.1449365677819
8.356711863057111,1.8724920210908467,4.315647682876255,2.4440558716221585,905.5235382030411
6.4147700663703,1.5560735055651083,5.69241807081743,2.0609269996995594,932.9336262556204
9.399991879797618,0.5170869588220868,7.331903826275157,2.3721142538393236,868.0437358829807
6.0434069563384005,1.9944128660318168,6.927770184912147,3.3324151776570954,940.0494956093775
7.330262258315874,2.0335515968182425,3.6625833530660215,2.847928324244462,929.60401172488
6.667090367980243,0.6969980781851954,4.221298529228994,2.2707053589955906,933.464729568253
6.018715556359508,0.526719827106308,4.723483575820142,2.4039255986693364,943.2098435688259
8.611979725361872,2.486619480128111,4.330976310780632,1.760878389196638,899.8762732205082
8.30318812111445,2.8717051310613773,3.8461856226782665,1.8726487270896568,909.364248382252
9.313515298351495,2.1902829099224217,5.489159660274759,2.3939687445371725,882.9704760787464
5.0,3.150834649684363,6.205100549416564,2.070120179772687,961.3479581865868
9.096256053511565,1.9136150156485014,6.454034038722887,2.634414940985215,882.6473885987477
11.258173358035341,1.9456487255997976,5.025523829256191,3.0136584027568203,850.5784589371802
6.822538366234579,1.0829719712592096,5.228096299684409,1.9185872312049885,925.6587748944
10.342722918163455,0.4397580224462827,5.855677245124755,0.3926267687063969,849.7939509945426
7.10525809191026,3.854662133859585,5.391514438160851,3.6273511406324896,933.7299109496423
5.44138539365804,3.1312990502497464,6.310606776095802,1.4780044535429986,950.3904110864918
7.041551336389807,0.6074874328615216,5.930364862834513,2.1561293624789437,917.8766396970744
9.072305951512913,2.1557519078312803,5.123695576485971,2.581993829381579,889.7594897393487
6.242735276502703,1.8999536888963333,3.6433636883465566,3.1271788310744664,950.587458749856
6.59949201149027,1.7260075268369568,6.999031605481994,3.444827366856101,929.0442704253695
8.390309148439787,1.5909821521850604,4.813917710555678,1.708901489786032,899.0614862315364
7.504590175107859,2.3812691469679788,5.85755864573026,2.951751813554342,917.5112327068109
8.376934428730111,2.8181755254714744,3.5834083312809026,2.1583839306998915,910.1280688234327
7.856744311137504,2.4023911690282054,5.488683416614196,4.1945629361699,917.3586234097271
8.21943797932736,1.8794816256208062,5.600261960862199,2.8803557794080317,903.7459127013818
6.851548221285689,1.8427732831088801,5.6486020725476624,1.8580207292701474,925.0583780194983
7.847596413045589,2.936814316922667,8.513793282717996,1.3655417462440833,894.4290951929556
6.108940491456099,2.463444938116062,4.8688816262065675,0.0,937.3164186743998
9.432650433755082,2.072689463035433,6.320664226956692,2.539740743904111,877.1022524459989
6.548587924774029,1.9640987023998921,6.023232452209378,2.8067590063926033,932.8192125799056
9.193271231324085,2.345270509612289,4.821361007332413,2.5963683555199664,889.4976214176289
7.149589558525702,1.5316513114405506,6.3056694031809295,0.11726844210463194,909.115817250179
7.802998516135982,2.8215388173082103,5.335679063069198,0.9935912082484271,908.331572551573
6.757553173663949,0.9241414381621333,6.375243217576719,2.3846587823174294,922.823915290812
5.976006853247957,1.5885434902335183,7.460962623421715,3.428418988384633,938.0485513052195
5.0,2.611106095446024,5.6507988906341,1.9555569578218375,961.9934430479431
5.917013762111311,0.8671171866457268,5.218874770931549,2.8732146052733465,945.4933916222564
7.014136720176118,0.4269914573504996,6.551556183810413,1.1724745412492021,911.3352322094607
7.817818768243326,2.06307767542924,6.8966531659343415,2.165702426121859,903.0415334287003
9.015568969924896,0.30354184555352925,4.61674246060795,1.7802718952347967,885.0220579169378
6.831363810304727,0.7011964459481386,5.047042910461925,2.9500715790647254,929.1084879530002
6.177058853599239,2.756594118506432,6.175423271841262,1.5681309352508936,936.6253317787586
5.335927820995931,1.7952147423942642,5.3679679895852805,3.341610147091952,959.9401302563663
8.220095426856156,3.2854869497089854,4.545667987013213,1.7538300131040097,908.3696251592991
9.574791772994015,0.795185659062545,6.040694827895395,1.1441096030782665,867.0042977848334
9.399495401934432,1.9060476343677155,6.171489715706772,1.1709541458096657,872.8557806682809
8.564899122220856,2.3995845532077595,5.165614244103025,1.502058294121713,895.6652678491954
8.457814975901398,0.8294850698710912,5.561348765331236,2.296453862338173,894.3914414022821
10.046435669564012,3.031761904499625,4.923426931053881,1.5120160199671018,871.0356766245404
7.998122192125216,2.510678883166039,4.404762574088028,1.3436180994792224,909.4658346710576
8.469194514036257,0.39071291331256597,5.002935393371813,2.711846441227525,897.0974902492552
7.018824207222002,1.9622582037913996,5.573932350175907,0.0,915.7157847059308
5.456934943717863,2.385956736258633,4.024910778530703,1.65609469085148,959.312666470809
6.474226649250635,1.4099433264719425,5.075987068747841,0.9326094818118855,930.0890936074576
7.486261442198017,0.5201350944911862,5.587830130592739,1.3051564493249428,907.7884859729799
7.591178058751955,2.27845878944741,6.694659910124868,2.194999938871269,908.9062193202924
10.38942878228309,4.2112429502825615,5.187407645199468,1.835813883971964,867.9237745790211
7.621915751386603,1.6130159008423095,4.254097649890777,1.763547228423653,916.2215230053031
9.268265166038466,3.569241181284709,5.290339987302271,2.951607103171412,890.6583482903109
6.847384137635526,1.2477111782385317,4.93343069590991,1.9891054722028638,927.2887888478783
7.032486171352149,2.215545635009952,6.052178555057363,3.4448454988855297,926.7593245093652
5.506488544164828,2.771522530876119,5.162094673637771,2.569753422400612,957.5776034385933
6.386507980685142,1.991586334028635,3.0,1.2266322227741528,944.090549299916
8.290472087045629,1.7022643511187687,9.191624501197804,3.5472735762278838,887.7113404935707
7.5113402705912,2.7261275213503735,5.64236329159093,2.222484275592809,916.6356189508787
8.91440792984585,3.8914551152692205,5.589191510308579,3.4973982873919036,898.7797533826313
7.771880922517576,2.3005869246391315,3.958590028002968,1.7871235655737927,916.812308394637
6.971319402543387,1.4839398234696526,4.035430734038388,2.2177853979263413,930.6690599871808
10.722445295680439,1.810248442740317,5.408051042326968,2.345691332260059,855.9016450647764
7.359144646930429,4.519707645645374,5.83617133231164,1.8655089806258243,922.2413906111235
9.244501454557955,2.1349071163381277,6.202114139176752,3.017535996469509,883.1040669595001
6.898186190182983,1.4055863014220273,5.73743765731826,3.546065606803447,928.8376015943428
8.56439921907535,0.8549320835174601,4.314057796831865,0.1652589771067987,890.3518296777813
8.89202348872753,0.1740989058873943,3.0,2.651854699993209,897.7189985410685
7.812737955863371,2.36358427384619,5.399777650621795,1.2843969521190517,907.6564647314636
5.0,2.6546419928245037,4.966025329390872,0.0,958.0244333783128
7.527378691284169,1.603303820034793,4.237428275887715,2.4136146051713543,920.4485788483711
9.345690071639963,1.985029581969046,6.328058224105626,2.415418797999903,877.9782843876587
8.291221249541596,0.8295382907113762,3.924423250820012,2.5441017400495074,906.0231869462821
8.16875831284387,2.132928464827501,6.116968839456582,2.29682230232282,900.8222396591406
5.0,2.4814953205671246,4.089862024982518,2.70002017862694,971.6595885927059
6.419317393987412,1.4648357328323622,5.634088685583331,1.5175609589246044,930.8444025456736
8.117036446727159,3.6904526695858397,6.433974322018622,2.2106675113239347,904.3351875837578
8.115574915180337,1.1628936732530883,5.162066684397726,2.5585330147428555,904.5189126584158
9.322000170199354,2.2834766040189822,7.189919834506822,3.0823648980475014,877.7249667497849
7.282699867280859,2.8483172197046054,7.4178863255935035,2.035076378201707,912.2759002244525
8.10873613001072,1.9227104998506175,5.737175000019655,1.828963547761992,901.377750923967
7.52456136289694,1.8115231811055086,6.041385370590273,1.9558088843858676,910.9904754020719
6.019585895247665,0.5711338495503377,6.560708866316519,1.0451255156431287,929.7197364784595
5.0,3.3573414957162835,6.044426372485489,2.6156994285770336,964.7008020152974
8.146514538195115,1.8301067983324042,5.937243217598544,0.8341464745613021,895.7856714804532
7.760920812619217,2.537365424934825,4.975930597223912,2.31277128242989,914.9015543143987
6.572737436849747,2.6727204878601407,3.812643824822288,2.0676593778075634,941.8768729357449
5.071240415226203,1.3717015079822468,4.109904586750523,0.7592219476662188,959.9252248009915
8.444609271613107,1.802471395708785,7.882367358761519,0.804843118614563,881.0101709250289
7.1011198887066715,3.334482350743504,5.822458957805001,1.3170468216161901,921.7573558512493
8.335312083552218,0.882802334259555,5.254316518608668,1.7248464180037844,896.1200706219566
10.296072795617638,4.127918074757257,6.76332725911791,3.1843834253211316,867.116372017381
5.0,1.255127214723726,4.75054202713817,1.9114118669369606,962.2322366478923
6.450598786946454,0.8204825433594882,6.083108267413188,2.437189548537533,929.7979005358573
7.18593658003213,2.1323090206885347,5.5771920335600385,3.013284301822485,924.2761964258489
9.682239261219976,4.208348264339871,5.960027501103602,2.858533832922078,881.2812593771552
5.045395471190273,0.08903406440779493,5.163590130706143,1.9943522297034821,956.522345462272
10.403791538520906,1.858984281510308,4.53530569270962,1.4355797795626244,862.6372288377981
7.703783852349436,2.476265017256556,4.677128926860358,2.399083647755482,917.504341404196
7.3559990073992125,2.0336499585355314,4.716115797739703,1.451542545170544,919.0321016552336
7.202910355171641,2.3819216700030097,5.497029687677844,3.451843722017985,926.6610994513208
6.8456054517299565,1.281966917827726,3.9438648195260573,2.6942387995481916,934.6420232220853
9.072175138903733,1.4002781540686189,4.252571384977907,2.166957043266938,890.1609417270478
5.897218868876342,1.8515773528408002,5.635524297529202,2.410137412849508,944.9481530456153
8.01812127246578,0.8701119120972489,5.372324955586085,2.142629191610878,902.989826116205
6.9237275014395365,1.9553135985598105,5.690231534256698,1.7053362960691012,923.2682678002899
6.356799827228853,1.6112547063284985,5.454956465666891,2.398887942591667,936.5272394252897
11.378962763525845,1.5299548148451314,8.018950206888213,1.8056864797462502,828.7589017744631
8.12857610213019,2.320506412598638,5.626738433990873,3.5493507459500453,909.0319484484053
8.419898316991716,0.17934050680069613,5.1209203505127245,1.445837279785204,892.1664863688449
9.206665171002994,1.7709098966168464,5.60113178536151,2.4070379402105933,883.3157847665577
5.367975082022179,4.317353765614861,6.51995504251033,1.3738188055726581,953.7038954895102
10.128437863683047,0.913890313674375,5.450371610622535,1.3654686931732969,860.6061252598568
5.0,3.2855004964844134,6.184728358636246,0.5711281086540037,956.2421560817259
6.346850384942219,2.0546561209126986,5.896045964402216,2.3291800838184793,935.6390095947555
6.811452490231649,1.3970421911185817,5.209584423157356,1.5740272711637928,925.5455452759597
8.37258504745576,0.6793583404701935,5.610875798881952,2.866711615053055,897.4489226304311
7.828077399212232,2.139681965285232,7.098922114192076,2.3306363140934834,902.7374523152329
7.24977788895241,3.4533971058146764,5.743078295037964,2.1185797264234405,922.6749117010768
7.482003983058414,1.610788854803236,4.5139789758289295,0.8716009808126028,914.291180231033
6.032965464716147,1.9190385752632264,5.180489572867125,2.467924243894348,944.9423616547189
5.25415140827374,3.010370850190332,3.3857527502671947,1.4702830784644398,967.1074212412847
8.58976743350409,2.3408707913462807,5.63739870675288,0.8537290430788975,890.4333232985326
8.540559168804277,0.42772422027542145,6.812062343782814,2.3444107836230543,886.0940682512966
9.876741562735589,2.0988872158551835,4.158594231866146,0.9933659035807114,873.2163602484966
6.314974354777188,3.5122349106655983,5.649732734508049,0.3271002397047802,933.9961680781406
8.539222815451383,1.9630588135325018,6.485431805869286,3.0377075638425386,894.500403962562
7.074439907452902,-0.7414894294773768,6.5911386331964845,1.5514143977152004,908.179129128271
9.285712477790224,2.388214991591073,6.779801172275831,0.6044095532297673,871.3811958265732
9.032944165017213,1.801543560455964,3.6317461686544963,1.229926551458874,891.4112521515356
7.816814098836685,0.17090558607878314,6.00493095461181,1.423158722342658,899.1653058549673
6.99070476500102,0.32079190994621576,3.9944348149053948,2.9153818322351817,929.8489993263357
8.941398267912392,2.9751071432888088,4.501667863427529,0.669625791933889,890.2587935276613
8.47035678488485,1.26761725440492,6.321122259608506,0.9288749746005405,886.760212339266
6.473339396870726,1.092503619264008,5.658047121851617,2.784322395908587,933.4017325121209
5.508301989780854,1.9643614390683313,6.226336074239374,1.64021376353719,946.8852838602219
7.067200648977305,1.3557970016800613,4.570883395198302,2.182362190409078,925.9065211243592
9.773120723022313,2.100048627777745,6.973603110162877,1.607259735945716,864.3408419787455
9.219730738099557,1.7972799705633296,6.188333933841051,3.6164561254575904,884.9148833835613
5.831508795494129,0.800004419906357,6.38929811929346,0.968243875263683,934.3675796966141
5.748363876150118,1.4888022014386153,4.419833223884864,2.2256925338225937,951.671541780377
9.412025774519229,2.4427533213091044,6.671401240212618,3.2023652698059326,879.3523853970842
5.7965461428632565,2.0419180402386257,5.183838423359597,1.7000111917813872,946.8103860398138
8.263942985463013,1.9180575176081687,4.888773729854609,1.396980755672649,900.8160115117931
6.575893176995514,3.9373842411793847,6.125463540045661,2.6136824246537134,936.6231820992733
9.925567386782523,2.7310375253855357,6.083211774787939,2.8032518482211017,871.8552034242894
6.344362801293181,2.8524412648213424,4.653181152242662,1.3600770520069578,940.0853573003359
9.215042295308741,1.8340315922050752,7.55630101019252,3.1697572751243497,877.081858815577
7.777287981090547,2.2201451903512748,7.314350576389774,2.0409768737183107,901.8273524228155
7.87829228135143,1.5689000104743072,6.105035140811769,2.407009036902614,905.1166548085897
5.0,2.777549765524128,5.930403422731688,3.1906249524316097,965.7521127531555
5.0,1.8896000959009565,5.829786226260296,2.6150241806307193,961.6013682673995
7.169151089599029,2.2223777489305565,3.9500033739813283,1.9998006596654607,928.6359664179166
7.870359095124917,2.1606113021551683,5.612807387921463,1.4627263147859244,905.6912139008582
5.812203258393415,1.9818331185945455,5.599541581895748,4.166804520545879,953.5949782553766
5.866959884285487,4.93818806715577,4.923988313761619,1.3687870575573768,953.5574330547764
8.3422089447392,1.3333807225052774,5.190650827998415,2.2545032751842173,899.5152716771333
8.344281720685697,1.3242884698413078,3.118707605284527,2.407991509894104,909.6568628783363
7.293388409418109,2.694096746811757,4.4027270698750085,2.4458475748946213,927.1953776121172
8.670302581779112,1.4048310009248208,6.42182629150729,3.702413545525201,893.2733366053336
5.7386965564197805,1.7085936386511067,7.231196901639361,2.038056316071146,938.6937242055902
6.966097624369544,0.9135890466443819,4.556619314704229,1.9239472513090925,925.6583015883594
9.97181640867551,2.4915579194025868,5.682848654975939,3.241822446086033,873.8199946475706
7.602483194909726,2.5042572444841515,6.598382329397317,1.8912926831466468,908.6438212363979
7.689468771880499,1.6848079400765554,4.979784974105246,2.7008194704152815,915.2775432961918
10.95891987895161,2.7148166884800724,6.176248177234616,2.1555118708773113,849.7473789478821
5.400986751226844,0.14187498626640838,5.46621030441984,2.736779932925728,951.4104210737954
8.694645549963166,1.2931465984856563,6.690401988425349,2.5803586216693617,887.0860366068922
9.99597941971215,1.8300208137890694,4.217549260331377,1.6775103204785755,872.5192751954648
7.0127131102521805,0.8277175030970472,4.395423371232347,0.524789902673304,920.0963677446645
8.789446180282269,0.2512869625812779,5.7795391689428115,0.6608730283646573,879.510982202284
6.026970754183643,1.6921040349615528,5.596206099900437,0.5276971271233482,935.2699891780887
6.469901406648972,2.694020087060742,5.44367610350667,1.9270426821909992,935.741654775673
8.077449624071452,3.282108391426512,6.075834160204483,0.11789954395655822,897.8124768629185
8.697850009665885,1.452712116794627,4.569350435442264,1.8720077437004943,894.6994459078309
9.181404768609369,2.733215837621594,4.130564388378572,2.107013877656794,892.1925107097528
9.85444288040924,2.6365420380756674,4.9998918919712745,2.6849811556778014,877.5119473120742
7.3988301621672266,3.2186081743344968,5.111721441301901,2.403503738128151,923.2432049938657
9.290417632758881,1.6498089696459983,5.216252818942089,2.72150805456625,884.3796334109029
6.986542734826276,0.20149950481532586,6.7690457113538764,2.3311240993883136,914.518207842595
8.853136967382403,2.0701858524227448,6.270417246799209,1.741166767953268,885.1371711141167
7.811233196778272,0.9862062590302769,6.0332398691554285,1.9152136448687387,903.2426073699576
8.168516860622885,1.2764948909379923,5.721999594629311,1.3186848301885976,896.6352165914066
8.135261811033056,1.6987808559468176,5.065811544284445,2.1824692226711666,904.6964907302909
5.092942485303282,1.661072368650857,4.646054843216555,0.7326435596987704,957.7369407030174
5.81381721170884,2.1415592668957943,4.302842579307979,2.8528283632050457,955.1522537341955
7.653812159726284,2.7031563164196175,4.805493149529324,1.234724890694522,914.1385333999741
5.0,1.6322644167240337,5.457078011639012,2.1230762573423876,960.7864486458523
8.746816654799634,2.3956975066080046,4.345015799817333,2.2571826682460703,898.8956023208879
8.807333949432213,2.0148160099305055,5.669519757736609,2.930178335723502,893.0519217436831
7.990755829316686,2.9354943958784454,5.305561872764355,0.6550693135173411,904.0379660771408
5.818298980863117,1.8114081488936833,5.102701588456798,1.7396326376778497,946.2873387171969
9.570208408302772,1.9210733242254443,6.661532901211637,2.4398782685439944,872.164137348507
10.555815959577536,1.6255995520010933,3.0393813777772687,3.400946810409703,873.4256446300006
7.720615241168961,1.8377514600415046,5.11627045471507,1.968937818212444,911.7676741570983
8.265803067676854,1.2165118716541259,3.147562554370522,1.5245234335924143,907.3951923582664
7.802607982194066,1.1174027138564866,5.738562672929443,3.621591004960039,911.4870472121794
8.2955537834982,2.775765385282725,6.2621815831989265,2.642048537483829,900.8663612494371
7.320661865060406,0.9167983168153986,4.148893795786199,3.0989066174761444,925.3391330803969
7.448153640234295,1.6808819103020967,4.27694241610861,1.0323674178402997,916.8166273808458
8.858576400746049,3.0153427862709963,3.8017001682895444,2.4169032832956887,901.6662597511331
11.018436242844661,1.6472992049963928,5.563641992713168,1.133339791269568,844.7081394224358
5.399893148397392,2.828740453685575,5.1592117237959725,0.9559647974856662,953.7300278365867
7.344281273395549,1.4089542792731584,5.221345269608406,2.465504050671701,918.9297703188345
5.729309272151877,0.9488363936498061,5.132028360514118,2.521477919134679,948.3080670590483
9.888037347864126,0.40517414509917926,4.526400935632061,1.6143904654992254,868.880709375522
6.618393046020152,3.3127240692726616,6.631874023896037,3.1456297828460045,933.7139180783665
5.335198809321309,0.8631288183655845,5.772340680131627,1.7047841741284755,949.3838445150094
8.45728049827286,2.7471865901250934,4.315336463222396,1.784015188876687,903.639455267211
10.116466672114667,1.0000529732066177,4.799453184167499,1.9711689800045105,866.3491589931516
8.495396802841144,3.3173839179398215,4.6279312255325245,1.805645778678156,903.1482426961633
7.807196815922876,4.206782724615101,6.905927903473062,3.0218097018804917,912.3616303653563
8.113711384163992,0.31346994030966324,6.2112192726828654,1.1666373316127565,892.1272706436379
9.622260994238331,0.9152435658411862,5.3735105430774475,1.3965254473892257,870.4977256948417
6.188701094978775,2.7731318638032247,7.207221184953859,1.0468739624982955,929.717990163864
7.33222934387053,2.513042923365815,6.952043595199184,3.5068136583962533,918.0602680517567
6.8209647772357,2.7769218547601917,5.26928910585823,1.7403845437284886,929.5597032786261
5.748202039062434,1.426244449595624,5.0894346778761905,1.3851867464161858,945.2596875323545
7.007437110874797,3.987534161023367,5.137636044102651,1.7701538497069351,930.1918547628164
9.161581643973673,2.1180494666897745,4.5472534040310695,2.6792448809939255,891.036002062707
8.349903222589088,0.7830374231564803,7.233974448467163,2.531012377586335,889.3638593296984
8.4664657501623,1.746851499957055,4.493587496941123,1.5398568360018836,898.9405383010121
7.719713417479977,0.7964331037711674,6.36830431542744,1.6803310612871787,901.9835952756447
8.284985674092884,3.5909413585541055,6.1905431309088295,0.835623639126255,896.950487231062
6.299114486477842,1.3396687371998834,5.195134021776434,2.1109786569271476,936.9796137308084
7.035735171109156,2.4924834847446222,7.31004510366445,3.025853948764072,920.0638216971698
7.788006355453015,1.5293268550178198,3.9409036789184717,1.5345782703931974,913.5033327729655
7.916273788322835,1.384612690237487,5.42030869902111,2.508650424325194,907.4581210709994
7.98028178238281,0.08974581871894927,5.010959835059496,1.5343096044149596,900.9338181773027
7.292497076975433,2.598174602990567,6.460593150270853,1.1234807608604989,912.4560517922422
6.933864898304505,3.299181252629184,5.8535658643751685,2.5442238422355787,929.1902600101434
12.236656924566446,1.0840324186348482,3.7727048213335075,3.8781195100705217,839.0161588093168
8.860180909398597,0.4547708850013288,6.739479443746453,2.434738887430099,880.8980951021588
8.119721213928933,2.803316042737829,5.985461722924567,1.6689150505120454,901.8804041564659
7.150187252690409,0.3537586508937489,4.464508138037069,1.7205072320935038,920.3438277974674
6.823171759584185,3.2195329359482585,5.150320895213607,3.52734831154532,937.9542457192352
7.3037991094095664,1.0956048770453797,4.200115085027917,2.245584015868922,922.7391115655913
7.939243265380025,0.8967072571753736,5.32916197438352,1.3872671835040316,901.9219192532025
5.0,2.2484624211312916,5.650117967359823,1.9502199493015344,960.9649798181348
5.145915606937974,0.9618607149885625,5.165352841366051,2.172112370289239,957.7409284108955
6.544676416591564,1.2928889187067907,5.049535500127146,2.375370961279474,933.9422186349572
7.810709155167853,2.3539819326710067,3.8872596309488214,3.2096310512752257,921.8624895328619
7.141090279272223,-0.4291123371666461,5.837241461503208,3.0207187952765695,916.7823985072806
9.717181839149227,3.6424192459283224,3.5755454031370473,2.1585910211840136,887.5364399621817
5.276404819506347,2.043640132465738,5.531079518237262,1.966803830059293,955.8676168147787
6.372981795594944,0.707033987596472,3.7008441759675392,2.3167885942150095,941.5546915795591
9.780137611486651,0.9827546307131585,5.550504890486287,1.5134132061533205,867.3613752321671
7.69667898701272,2.991646378260802,5.493880995412251,2.7840074749156116,916.70842541493
8.827263874201737,2.6010529350741036,5.9033449676785406,1.83722256112217,889.1637434563736
10.576870414904196,3.386780657285211,6.362285716801593,2.3927210472936586,858.7456220294126
6.459293373147267,1.3172571551957653,6.5475884222509375,3.370602856284802,932.3346471843695
7.351028493311952,2.296583837150803,3.88995740062407,2.442245176421509,927.3851890734345
7.091359648603692,2.4265679117836774,5.44179394686692,2.184562532820546,924.403065779009
5.0,2.695267500252237,7.510940884560053,1.5860900342761202,952.2041761400067
7.034404794366046,3.1272811234320694,5.619100568497707,1.9375407539876153,925.6740191204866
8.821593281070998,1.282736094155653,4.668651859698686,1.091159521680259,888.5570809478254
8.310884312718361,1.8858297322395192,5.420298873560664,2.426560117405244,901.2114306110772
8.428624754082016,1.389850254419855,5.116334059685939,0.2925108572146633,891.1124487952048
6.9367365290407506,1.9473881266436244,4.323541842867846,2.7747252524165544,933.3374218028318
6.515854145991538,2.698432782062975,6.369104188207008,2.5853468474530117,933.0448961438757
9.403883507847931,0.34596449973929766,6.084352558275362,2.0785455404105604,872.202957722648
6.754024280463495,3.1093715694592854,4.165490927887872,1.5735864846289371,936.2445039703115
7.941123058189821,0.8608178757362503,5.406725416183098,1.9869920621197787,903.6571302768077
7.745002021016307,1.6926296803027685,4.933536350817877,0.5807759786076883,906.5949418262588
9.692575524385678,3.2439419249661245,3.8984074854750332,2.6590404826115606,887.2427290049379
8.95711853650854,2.3280097179834054,4.085180542524014,1.8689403685916595,894.5591109825392
5.557112068999318,2.33952994826366,4.234040176199668,3.212184939972019,962.1360452296357
5.71867024983744,0.8193739547048893,5.441570246557203,2.313592228099636,945.9320481286898
8.368364727103701,0.9559140641761592,5.042046999796644,2.1851470162636546,898.408644666369
7.40349352893125,2.941256396668919,4.540812037904087,2.320758510486456,924.7295713913406
6.817242324069354,1.4108564545156104,5.108116970379049,1.2195915309595853,924.6297188633156
9.023441825991707,1.5050881267001506,6.247534971845477,1.6392049063626248,880.1199825426352
7.781189073133366,2.963951251054712,5.856696097272056,2.1063591468885337,910.8513264042723
7.578686080334166,0.9500864546304726,6.501868807621903,1.7579485866240723,904.7030589010031
8.669742961132574,2.269235132886258,5.271687135280751,1.5387900224348867,892.994900648089
6.937336507584654,2.0429073261676916,7.102557190681644,1.7740829437616636,916.947950013057
9.852778478208831,1.9973142741367578,5.848079883698492,2.035303932314295,869.3985862991685
6.317928565150488,1.4815643681224961,5.011082576658609,3.8549938136575226,944.3691362806061
8.485393599513133,1.4201448185366716,5.592951809690369,1.7396869159921011,893.3082925052034
9.650749257989768,0.9216358362051347,4.251924047410183,1.4580564169972967,875.4299508351753
5.43405676609185,2.482665026041307,5.19381486375223,1.8778168064611052,955.3974189769342
6.984997236221326,1.3318508084832639,5.929974230226608,3.2012759187992907,924.8392814093312
9.213311089328336,2.9687446211672515,6.111669508098589,3.2584733761121294,887.3274689780283
9.235866821596538,1.775444958409347,5.089837777168803,3.559278460550426,889.4491387616791
7.242756599417641,0.9415495105789622,8.233890427522635,2.048780402581258,903.9555229949692
6.397993359484711,1.7621861178515794,5.327792256844711,2.5132738156779824,937.1989673823846
8.933903733496143,1.5891428008635256,3.8216059578568466,1.159980420242503,891.5177584306488
9.275323653872407,3.0091034117280526,6.713267192008498,1.717247381528613,877.7558463731415
5.753004977231408,1.6309998107484678,6.107127303849677,1.1079321781356626,939.9779626352476
5.69412952655043,1.7237896187996742,5.73168882095525,2.378607005696234,947.8046288863612
7.837885022975399,3.4115467054924355,5.0350791089082225,2.0307302102951317,914.5847524068561
8.444040950143338,2.508267321463349,5.893346516026441,2.1809517279565025,897.3579832826919
7.051396372154918,3.6627060160034963,7.1190162459976305,1.323031345236557,917.5912283229593
8.518940729973524,3.259045004063905,5.701632937340146,2.6805498597517254,900.8094903034755
6.434795089743927,1.1128374116371456,4.029966413189074,0.07437712337439484,931.6649667868543
5.0,2.989950854400108,3.0,1.7983774542657731,974.7919270136449
6.8641483915011055,3.5253032920745913,5.884559560638386,1.9146843286304351,928.6318598485043
7.594848219769652,3.5328131323234198,4.514086458739892,0.3827179972333825,915.7355806680345
7.0862400601553155,2.988095983576687,5.400287282604196,2.307302718694006,926.7145529247223
5.762095104510772,2.9675229949091757,4.690922376986601,1.861388700716522,952.925997125574
5.0,1.6973389563244503,4.619091015803402,2.4488935166495946,966.0766863465958
6.728866793448153,1.1626179156504253,4.734725866713733,3.599862876427698,936.1717962466213
8.846483657474616,1.6477826811025431,4.825124640083434,2.259699099400221,892.7319687246292
9.384296159120524,0.33521099856723713,6.276235988482835,2.7781290435917314,874.2474728220769
9.281570076207682,3.3427953154217054,6.0736437931365845,3.1047624719344236,886.7064682700745
6.27613569727717,1.716707040582288,4.292011177188827,2.3936216770225487,943.7099093384651
5.769440514554454,3.29133072906496,4.4282652736329915,1.3072995341510376,952.8529399080269
8.244951922469843,0.7685004227784005,5.879121904469373,0.6878661350066548,890.7189555880549
8.452650017396888,3.0826249210022105,6.5525023654355214,2.299502479603259,896.176246430863
8.100254407800746,1.5051193418206803,6.537141359914125,1.6797937419979196,896.0956763752174
5.0,0.7156305916908259,4.497091159219768,3.0268808540698595,966.0551322375854
6.1996731226748,3.6271180521597577,6.489311431900225,1.6199014712169746,937.3664745983655
7.455466814571032,3.107311669340774,3.72373036568115,1.9885543511189834,926.7897927921848
8.23082729194564,2.2117924201857844,5.297115582989961,1.0727914426588006,899.1467099279167
8.650961043903731,2.033937885134963,5.987026442608653,1.7249338626865325,890.0538922939808
7.71638028342306,2.439510018819118,3.4211949869583487,1.2457319999192351,918.7171260311796
7.996175709807354,2.194628577917411,7.592856924085462,1.3187783628593914,893.7032163428123
7.627298187541657,1.2077240458285288,6.826695182976616,1.957748601746424,903.7504959972423
8.528429061327724,1.587947730215078,6.147003972360589,1.514465626000001,889.5618372838477
7.969298477236366,3.9607178320387026,4.534971792435079,4.10339056170273,923.7084451295026
7.598606490070931,4.6721567426280135,5.431896375422867,2.66871532091228,923.0805394446902
7.097446801293929,3.562668505230683,6.2904201697630215,2.8677119302233383,926.0547692165593
7.621937137563721,2.478223940162623,4.377338433000186,1.911285602208848,918.6115727611345
8.226887068258913,1.662250967298065,5.319525768761983,2.0846017429459596,901.3465043881615
7.901213083347092,1.201814106103034,6.410383849810982,1.6563256434747977,899.4537444978768
8.07123962751788,1.2677175895697976,4.00540499822695,4.099504720372279,916.7468993210967
9.514082792026779,1.4467323413132394,5.832424711020455,1.9129089451193575,873.7796896701648
7.897745884119881,4.151164041425769,3.7452303703788195,1.5169992006121173,919.6215900349637
6.526502219290263,3.806282296382599,4.556153244421346,1.3967966234810825,939.946557180899
8.825410178991254,2.746278389935394,4.995407394323905,2.268280021557717,895.428844675271
5.450702493496624,1.039386823587174,6.013555612718779,3.1368176341929663,951.9327508588266
5.877879928891069,2.8930559267110363,4.799210897493796,2.869567604185718,953.8115201723746
8.003770897080104,1.761382971489395,5.625548391329151,1.39493968994717,901.7844954316885
8.274595001679868,-0.15300943864412142,4.8127718621917674,1.3752453216422778,895.1121600722549
5.632423164744008,2.2871006374012595,4.9693832278848475,2.9970148071585605,956.3692029870763
6.925773778519875,1.1580869591659448,6.750661507786149,3.681105098880834,923.4248052922344
6.590874251670512,1.1919465709099628,4.349771821757761,1.8839979938737959,934.2273034178043
6.769985515677605,1.7495920064319925,6.259153973947185,2.9652987266919597,927.5954763907814
8.91539666440942,1.5016770270575872,5.498936114525018,0.8271295154965217,882.5801698125812
8.559758195320878,1.965743180895992,4.92444631109201,1.3251803992217508,895.0139167802585
7.4713167302194385,1.9176694499827946,4.282477167589882,1.1923214059267355,917.615723384125
6.681057109327608,0.12419090715236858,4.353763692900909,2.3297710361182964,931.2105774798324
5.475525494669789,3.520277988882833,4.761354975242053,1.8568191823690996,959.4538681116625
9.630277408172923,1.0166232770513202,5.349945592778858,2.190474115742398,873.6945358550969
8.388170850427377,1.047601614869527,6.103509636156401,2.975292791080238,896.299600062228
6.439996343890289,1.6714467482097026,5.199760740077638,1.477467052950559,932.9066944267606
8.579399246437337,1.8916651526307058,5.266689148117781,2.0751944852902944,895.6405387386375
7.394664569138062,3.458979816831839,5.416009776677695,0.929654224740341,917.0936609574757
7.069335742706485,2.2694234520549013,5.976777691438729,2.9310285725934877,924.6634566417501
8.152817292434403,2.5664654841095342,6.14480281919651,2.8771309709305606,904.3576311639836
6.387752625130913,2.2745361875832817,4.113034524428152,2.289510517946235,943.6351257240914
6.984365220734835,2.231461582498773,5.217925290256688,2.095948881742969,926.5601619498939
7.682191596299319,2.309729503087009,6.727404017347921,1.592681652349452,904.9077286885176
6.75082321067218,0.0672658574310614,4.183880046280046,0.8835606442398856,925.1641634051003
8.503627815401286,1.7500815151604714,5.574312890448959,2.24443355300894,895.8539879374395
10.303599755517391,3.1622611105711576,5.32915599620322,2.60496064852887,868.7956312760525
6.368552801089286,5.0,4.933324410063388,3.6154972888425956,952.7146093074391
5.002312055543934,0.79569106746049,7.090782651043358,1.6851603874020957,949.1836311588817
5.0,2.423079960324353,5.536835808867875,2.2161452945683644,962.9681670738636
7.274297787757527,1.4289534221256583,7.0111450719443145,2.891523373121023,913.5494835589097
6.505253114810726,4.047651903896849,5.5056272052444095,2.9156263030886542,942.250204219496
7.811790751600621,0.6462172392085186,5.9602558893177315,1.5020232345768951,901.0859746649188
7.698896508039152,2.62493949031588,4.92277849107302,1.7766724853930262,914.5524077906256
5.095174730078856,0.59278890049581,4.933906324702246,1.5798794777922944,956.5281183004386
5.0,1.6814333319391674,5.90934753024886,1.2785243451717703,955.678843544492
7.943899860519143,1.965686669250191,5.927697457633591,3.1773355304185973,908.693623396713
7.703143252079935,3.0696916817396076,6.0979870665918545,2.050171047186333,911.2669717392478
6.861273002450173,0.9228331738414721,5.876678286954576,1.9406036298144715,921.5575181780156
5.014284622301544,2.6633830488473853,4.1635790729959155,2.198166529994165,969.6916815336227
8.207086894147487,2.018777723387947,4.693631323287584,2.0430095721403854,905.4651835721841
9.407849318135915,2.2727933862859797,6.349942886148695,1.8232181008722614,875.3202331450632
7.916973660328384,2.9583327146851413,3.5415346345966627,1.3907541308265496,916.4135075076639
6.228789164152403,0.7174433069947124,5.792607241505603,3.2522243664775456,938.0188393435759
7.566828248356727,2.8105949731485924,5.3881199009308185,1.5437821896843666,914.4966667619469
5.450828878599473,1.4310951469105753,6.349581867472359,1.2555903467940046,944.4625787242576
9.086941070758188,3.095873454976826,5.916621186070755,1.9355554792639758,886.0183608909159
7.622766501794308,2.3345576345378802,4.836019720291538,3.7260121739490417,922.8132324547214
5.0,1.7904716184829446,4.790649961698336,1.3427413565239394,961.4238913399391
7.048988459334476,1.4099740309091786,4.977216527003081,2.5676921749828985,925.9404002429874
8.194952265351347,2.8232949943553307,6.080063047370627,1.8029347160664917,900.5955048722103
7.000428568536717,3.2609516854809275,3.1977863204447554,2.1958457985015776,938.8989238080666
7.086156417839739,1.4671484591398154,5.657379444357061,2.7377447079692634,922.8784307265662
5.663396689429092,0.866993434218603,4.6169654127726325,0.6242489534456066,944.6430501955136
8.349811480622485,2.6942110429452253,5.690835297807257,1.2829271129664663,897.2304599956705
6.5272961999712935,0.5514690579662997,5.844497786503369,2.726410235941642,929.8062207227222
5.0,0.6944875624170284,3.8376734170713127,2.0779608672650736,965.532453335988
6.943113943994409,0.9372997244721009,5.2731335729993685,2.1694997123635438,923.7336146885265
8.97172457335553,1.5845495169612505,5.655570356800247,2.569106893636408,887.5154915731154
6.919605830100079,0.663668110784555,5.587950095275148,1.288318807277907,918.6655436092718
10.10697747768528,0.06120009061842224,5.377799046884035,2.8440580302618566,864.4640974724425
8.143451922822775,0.8645558056628768,4.279112480185988,2.65582697971244,907.6357082649613
8.008137243420549,2.642474446572619,4.431371969353458,2.1906537658066965,912.6745033296227
7.307402601123587,0.7284559278732328,4.121952677246149,2.3745053862939893,922.4907837456866
7.397570688353564,1.65973032204583,6.054045570839754,2.9319790221256214,916.501482853034
7.104864547320744,3.9466984623655623,5.384429158193399,1.5249287530126747,926.2059475054418
7.04659591187621,1.9508258699729095,5.448246760707287,2.5290856147689764,925.1599712659786
8.296300743100723,2.3425309897295934,3.794506556155106,3.395485788571814,913.9212192870381
6.096253155314152,1.0539599817484469,5.466397202738794,2.512500999590927,940.1879963859778
5.8861592569136105,4.1634748537001425,6.133637071982683,1.8220854178730561,947.1002780329985
5.8152074236869336,1.4587055108615714,3.658160425425721,3.8545645522978926,959.9454644510453
10.568481821515732,1.7718953155484833,4.96459374125503,2.184651601928395,860.1213691125255
8.29551435250587,3.3170586779673643,3.9296508684551945,3.1188732797437977,914.9973588172501
7.956738302520217,1.818265755146381,5.079717925270113,1.6627748690554145,906.3524631903624
5.913727994559853,2.047888782675215,4.599008102429077,2.854241998324563,951.6606615623227
8.435013451012242,1.7183116792108704,5.880908833641603,1.562859961967138,893.0804523782549
7.325142980320007,1.7251676219427727,5.669239563426392,2.2587073906036412,917.315985754381
7.821253411697625,2.370502010828092,6.791504405634044,1.5146079127149725,901.9022331017359
6.035069526204666,2.5529431891981056,5.445922150699507,3.520924780957636,949.3547204948657
7.740403286126365,1.3567515687874327,5.838487802104273,1.8230949342490244,906.1567806305881
6.864249692690275,1.2339195438530703,4.942292518351522,1.113654298435495,923.6387250231563
6.351583264454718,1.3908639111424368,4.396935348771422,2.07609481752179,939.7283849426235
8.601159503710873,0.5987459858002318,6.334762434690087,2.4296758335530395,887.9806833108688
5.193438287204996,0.4095697414807027,6.743255053547079,1.978719218102127,947.2594469290641
8.347164396471225,2.297167147224908,6.205655699238253,1.3493438171785006,894.0250985648388
8.526729200329495,2.938595803175112,5.6312281231295325,2.829853445831983,900.6533632106726
6.180534486673139,2.8710452931452175,4.525906445514724,3.0073440234254383,949.9041297112539
6.269507308301299,-0.38199127313665837,6.6416281734269464,0.6816341209228298,920.6835163369421
7.165461478100397,1.7549349129567393,6.079509315637012,1.2983784369114928,914.8889343820806
7.923054315693331,0.897908044407441,7.524878609329446,1.8724578826939746,893.8212109622406
7.270717512278662,2.1437374378208567,4.345576049760093,1.5752594422727269,923.1087182170072
8.15034369028782,1.582176481190619,6.362566501247381,2.4207636665183516,898.9471863518163
10.144469478806098,2.5919119062445883,6.049106504874798,3.4715817656969383,870.0402408333538
6.7384248462754295,1.9808469095986587,5.157972799751944,1.6952691923950567,929.2236886139203
5.0,0.10399810508211083,6.863834880203104,3.261377760883197,954.2156477907201
8.73888537454598,1.0329141272004594,5.902345148424548,0.82533371495415,882.6728989277893
10.024971863891295,2.0057851148266534,4.563106971538346,2.3646518500145968,873.4197212663893
8.089152544576686,2.0901104292310864,5.38166098372559,1.524230810596484,902.7285858095233
5.868376986969498,0.5943231922959982,4.551141192896887,2.381911944523411,946.9142556355297
7.3141614551471985,0.4635402964538782,5.0314842846144865,0.5945521236343787,910.7752063378309
5.822214773682552,2.056245337573179,6.203826153539733,0.9716876164775499,938.9206160206705
8.464283240944422,0.5963326939494726,6.489274045234216,2.3802500116081005,889.6175056673958
5.473064395952348,0.3313705734992143,5.7212123337893654,1.495999275469488,944.7970060879752
7.0498068197577,1.5548594873686583,4.749925123410468,1.7415059152430639,924.3129013031108
5.9934932605591404,1.511553908661349,5.881608420395357,3.4690281398618854,945.003566284213
7.690237027702443,1.121599522660699,6.223399637957637,2.110057175335084,905.7114583287014
6.9504874842933635,1.296263043275037,3.527888254760282,2.721213211425307,934.7657394447476
7.765143154875396,2.0138357232223947,5.6164787750309175,1.3925822803164063,906.9607187659914
7.533525832449548,1.2798370963201808,5.309810201600669,0.9270370456781396,908.9151253876512
6.020011458413834,2.0706970216648393,6.453711255409572,1.9354117431664988,937.7050059108724
8.440315595293534,1.6195314638826654,5.885689164861499,0.8076244773322774,889.874531150843
7.426851522235327,2.1676501553866556,5.984351701472786,1.4411283174066605,912.152067548856
6.01720648820115,2.878205565436645,5.018089033619038,2.1902033747984517,947.6335953949485
10.861389834308689,2.839247845390595,5.501651717132436,1.9109912823505995,854.1358576561765
8.214645250075687,3.2882104710660833,6.443684969803888,2.2676155083960974,901.564100144512
7.270109169901042,2.83814689689716,5.435120267029723,2.4802547168016655,923.3576375869976
9.622806790052735,2.2385575315418045,5.674669555731574,1.0434202273551154,871.46567902963
10.262723414079911,1.5665683623598554,3.964042701557934,1.2464525828556532,866.3980752750763
7.281975866529172,1.612239077183776,5.4314599636727845,0.2571326437102488,911.4636405114238
8.021096229652143,1.1222226935641897,3.4880000318938906,1.703581353885696,910.7667339316624
6.017995772995588,2.004529291051558,4.983855130641743,2.5894047660937844,946.8255747167007
7.279210873847982,2.697387478711935,5.563515557726899,3.1930214908851893,924.8500814146967
7.201406169360196,1.2743323971169795,6.267030794484571,2.1523854952665364,915.184413485895
7.777240550432481,1.962782141336226,4.500840056548024,3.0985830908341523,918.1273107712386
7.999140717955515,1.3226377712782307,5.873684143470102,2.3070616190207875,902.885779983515
8.339742673242089,2.209354330187615,6.968493404362128,2.0859595364008148,893.1111600040477
7.856463984449938,1.4506166160500498,4.859256134284378,1.5109672987318552,907.6522475748709
5.683886060056253,1.2604894287059474,3.952947078277343,0.09187196558730615,946.4670445870383
6.092299341388372,1.3200333050679747,5.789839957057088,2.9785515897756767,941.233581284966
6.6803885708044906,2.5033287738455665,4.308002993463707,1.9574200199667207,936.6884484167357
7.076639112115156,1.9032505946696452,4.68100142652648,3.110637219840413,930.1994954982446
9.076161435708169,1.5715782699999643,6.423336941702486,1.24029350491546,877.0234757284969
5.75559151972063,2.2614045025472107,7.376899275376681,3.9430561680578777,946.3309036099766
6.963877427743951,1.5854837825323496,4.499309883658515,1.800970196266976,927.3831977683288
8.929514247321075,3.126517893685703,4.762580259984587,1.4462488050057298,892.5780672689041
7.050183788255081,1.0261338463067435,5.060131037591181,1.8283823628968114,921.7114680348284
8.190623474764235,1.8130284871827183,4.952191946474573,2.1363651379858037,904.3423386108254
7.290686935608145,0.5952347783329992,7.4332925138120345,1.9440783951391793,905.4310894699294
7.885174885987084,1.6531256081099062,4.9694321703122135,1.5877356726989569,907.4564846777553
7.157291184285689,0.3203645022933701,5.112248085473871,0.5572459550939073,912.7792022891806
8.50059820909253,2.7463165225591264,7.116177473174826,1.3565379367009278,888.2171922830834
5.182415388890347,2.7665037670055788,6.076676311539301,2.8595485355806964,960.4165949802875
6.955031987417183,2.784170173724476,6.485899232949245,1.2962218396217025,919.7767536289105
7.944859015041462,2.028872480174468,4.5938871269776085,0.6264410903220101,905.5649622554675
8.30054287200929,1.120129595289908,4.969820316824264,1.1556002017853566,896.6342324288947
9.739428934130741,1.1996593679640504,4.460281642321039,1.929082969728691,875.3395504723858
6.913462999701635,3.530172055220521,6.301261546035816,1.3926230662146026,923.8484598568666
9.719222642791308,3.4356771037997964,6.725243207783444,1.7761303370326427,870.8528219012516
6.511464260010494,2.1225551569507717,4.900225630818487,1.3612374362833568,933.7964477313657
9.492969617316966,1.4843659659196728,5.1357586770957235,2.807795117116382,880.8458661499982
8.726200690047559,3.3686234226985103,5.179509934961342,2.3926796086388666,898.6171734610106
6.129812130551666,1.30549683861519,3.952776006721824,3.77436765322284,951.9980697902079
7.960558855877733,2.2288492080959075,4.826177922240346,1.694622962717479,908.7243646541532
7.423146246701712,3.351957305398458,6.273266214763601,1.7720966598085879,915.412952369247
8.438376890512501,1.1636615003353723,4.624581495554906,2.9468016188335597,902.4606034901336
7.1650926173500356,2.829223585637112,5.592981862204988,2.3128067081570025,923.9290864163078
7.039130661507403,2.5205607958438696,4.191981025535844,1.2467946558380538,927.9598986673426
9.553641874144276,1.960483457768439,5.355999088871132,2.445137055058897,878.6725240696587
7.351918658316491,1.0065664008668844,4.936678845413992,2.317223117850416,918.4371465809603
8.73963348628765,1.2755602398967243,4.278328516216233,0.5649632894994077,889.9190660608938
7.161972772433701,2.2894510728506585,6.290386096155112,1.4789514400696984,916.1362789359245
9.999994888841286,0.5766632051186134,6.346627361201019,2.152256152047694,860.8135610658657
6.48249805599676,2.1307438590182497,4.530461287764025,3.1570237657952376,942.7577949457767
6.578784703129223,2.541050984061663,5.283816535806273,2.558398755434896,936.3816332460472
9.786775771673854,2.985220172809101,5.544318683072449,1.548764308694404,872.98505628106
6.832580413657121,0.6016429255397775,3.6852382128721506,1.4334384763927206,929.498621510559
9.901611459246588,3.316247297161274,4.102907273605968,2.638186595127783,882.5278921287011
8.83776086939222,3.6953634941799356,6.786284436366781,0.05893888306727457,881.3007419939714
7.26802544015875,2.410151567713594,4.434873103497429,1.3539349411735393,922.6635277368706
5.0,0.9619514185753395,6.758183108251696,3.1274464019001043,956.6023936195232
7.471022543592246,1.671890711639759,4.154586325616669,2.2374539833864366,921.4180581787392
7.652445080300137,1.952402754881493,6.158827777140403,1.3930710782176565,906.3654004398036
9.250826599956559,2.2704635087305567,5.188696892489665,1.0383332595997352,880.7143776058003
9.882670764360167,2.0219815526436022,5.329233730845633,2.671787734391318,873.69176583828
6.4725192312843784,2.2811651428946167,7.355935913533964,2.062249077274406,926.1520576163144
8.701772645982274,1.9092532426608773,4.245813365681318,1.8250316322198534,897.2299308531933
8.648103234020024,2.265107094512243,6.0947981962610704,2.2991844458577537,892.3870831668936
9.110119053615668,1.5394765788386862,6.053489663557822,2.131678439717518,881.3380421179138
8.248034868203316,1.6618132830175316,8.854573389166378,2.0703246459030296,884.4608519341728
5.0,1.423974829523332,4.422869179768114,0.9406503848616925,960.615767520134
7.26686635120836,3.9172595345040717,4.874015206496563,1.1788598773381982,924.19662800228
5.766438637624628,3.4639007861743227,6.315922285832554,2.5986243488755325,949.4163684823038
7.196091340622889,2.555294190013616,5.299736140798137,2.4473211469425897,924.4522334664673
8.97000635420084,3.3253089972677383,5.03694904326825,2.3056959406229196,894.3008697621613
7.957726253812459,2.7984613389778827,6.457511488323165,1.530789869724331,902.1711087095083
9.22213629959615,2.181271159514055,5.233431563696279,2.612151943011718,886.6457598193717
8.01263088107031,0.4944286589803164,4.608140929618583,1.703404150730258,903.9633296886374
5.552511090496646,1.73783607987486,6.226210154761981,3.041226768865819,950.6433427401508
5.0,1.6649621079816481,5.87528800802786,1.4025416084762181,956.2526098274708
7.723213142519386,0.8669248269078431,5.1871534043940235,1.5797698909172266,907.2334364799922
7.179110300473252,0.5138377253933839,5.139698481239979,1.8788409609502388,917.7018461020141
6.034581390927177,2.492719346567025,4.585093395059437,2.677840384459386,950.0623550488391
5.0,2.324504322370813,6.225096855115342,1.9719375434239939,958.5842743446653
6.397885179790936,0.8326030199323879,5.139892182745625,2.0301458789463185,933.683942101413
7.208262772702836,1.2541214935638108,4.73015409642633,1.6867270263623273,920.4147193844557
8.498816735559585,3.1612222731541637,4.214444832808145,2.2144735893128815,906.0924921403779
7.78294662235197,1.1223034864834394,5.8921543579088365,1.9434156047247562,904.9094078368421
9.912100870759094,2.1707989039338025,4.991417021087003,1.3725580928682248,870.2972797032714
5.946593915931908,1.810221700432019,3.4873246860109286,2.1018331860387036,952.7566313699849
8.82158833808615,2.5063634710620626,4.296731210355953,2.120647014900017,897.5302177631337
7.570948114693092,1.1438923473435696,5.266403064341017,3.87984051903514,919.026057197422
8.542003686177877,2.090083477540107,5.294462335082832,1.5111791367837504,894.6624008701289
6.845227705101685,2.168722577345877,5.256457749629349,1.328499405944902,925.9389899302422
9.107520560835885,2.2301808062292197,5.117243888432439,2.223227408474906,888.0075438961478
7.942837137517865,2.079073857962613,4.024146277263589,1.205730866263095,910.5468839391065
6.480832522623376,2.34460932059411,4.625451475850949,1.1415598817009411,935.4462284808833
7.481963956630218,4.191770332050811,6.6837769864841015,0.8504810480993483,911.3247361448782
7.14066621159435,4.561297776771106,6.536228126853066,1.3803411478460519,921.3610375416571
8.23376752595669,1.3607838592132782,6.077951782344051,1.4000898032464968,894.3043692645876
5.730334875938237,-0.31824298035249887,5.989502604040668,0.9733902610607967,935.0076980547225
7.4559724468264585,2.5954953007219737,6.404755908065492,1.7997730109234933,912.183385006173
8.092960878973996,2.1862524599012665,4.3792052625079,0.10721508181439532,902.316107647896
7.54953496078955,3.0610418591835806,5.532928366756949,2.3934126250493555,918.0043345762003
9.520411866583494,2.2848858997153174,4.37973284935304,1.5545648171860953,881.4223943121934
8.661034161106578,2.058603939525719,4.397085530234727,1.6721730580062026,897.132305654886
7.48877880488888,3.128906595877223,5.868064937746941,2.4695000082882412,918.0484017018732
7.82503364624651,3.2687805884138417,6.446750439135875,2.297395127507198,908.8531923538344
7.943498327223,0.6134399412190017,5.306150865577462,1.4960751658369693,901.5642266416315
8.104949406250237,1.1833938128604164,7.149000432209501,2.361432604526526,894.8012870606907
5.0,1.8944070407113218,5.711784327045537,3.2391156866176662,964.4851088770405
7.047710556345979,2.0984376239245837,4.723214467583489,1.1902531350987533,923.9420190110185
5.27334139770986,1.7740167966477514,4.413271448126328,2.6030197690851433,962.7368781724531
9.41742142118923,2.434207177861886,6.518131484184716,1.1095154098444446,872.1554855152773
7.4087257199956085,2.9961047893171004,5.628459115739815,2.9403408498774475,922.0325670436304
7.2099885754805655,3.722709710720728,6.176047378169482,1.4304583543086449,919.5932573585123
8.845195998049853,2.5789130237728997,3.0,1.3999022396364753,900.6421581040468
8.133487196174812,1.14766632154689,5.744672034346938,2.9193681129551754,902.7764516087443
5.8070482284311895,1.8526237748021817,4.988225811503763,2.5772599566046117,950.2598802979546
7.393641956208946,1.9246477587404431,4.106240464083136,1.4567259460693687,920.8830292227909
6.997249540160423,2.514640239981159,5.437317657051574,2.1018949910186198,926.112527083863
5.0,2.388168033433942,6.591813533654456,1.4320384796107488,955.0482390259396
6.464585650144193,4.05039665111151,7.766228286419718,0.7258097932207415,924.3563644628485
7.224689516975301,1.5384868647450916,5.742152407322511,2.1514280945019895,917.9254571543959
7.327573602762236,2.384750533766803,4.790853410038477,1.7148622657545505,921.1724042497599
5.276652864484037,4.354711397744092,4.730497443481533,1.2433331549961308,963.3422877446994
9.227498374571214,1.4147931030963987,6.463132362065199,3.0437720636898913,880.2950695839376
7.346845411662842,2.145148696170355,4.503125880847108,1.2703838569322468,919.8299328072353
7.556329614990845,1.0551194988759844,6.122427379527763,2.11518289990443,908.5052456358746
8.100962457509755,2.0820868996274315,5.793681189959617,2.863929256383191,905.5543200407122
6.317885619144493,1.2197828518623584,5.68310139188288,1.7951557211704574,932.8520794511071
8.184533959699044,3.0468009034913464,3.9318814101192077,1.4126596393754127,909.9500881717609
6.949388030972726,2.147318859031395,5.143041797773675,2.238198643575836,927.8533568350593
6.155121689029213,1.0646027400177065,4.041842208642388,2.3645597788659,945.1965743359
8.360171240033099,2.8405676977916716,4.911752598683234,2.701248557353048,906.3449938616994
9.737510788202712,2.1796660388715874,6.417138661520513,3.4969675611948077,874.8425921394556
8.587244060228748,2.952818777223455,6.731057903355565,1.6341671880340471,890.005307557082
8.884466347710646,0.8523373720522514,5.713948649490885,2.1566832044142616,885.2899475008962
6.719054090156551,2.3688244122486615,4.929659487566015,0.984607746949363,929.0844382347316
5.103570406247315,2.7733416946447087,7.088099332360418,2.5331015996378645,955.9846898270355
9.735206283149761,1.5766225097642634,4.91640936624382,2.1469733141566127,875.1593771112855
10.58177233410714,0.7409972730318488,4.364313508190996,1.8570484809664016,858.5705795134729
9.814210160654524,1.958392504629606,6.196482967916784,1.5055515899304452,866.4166122134707
6.996321091530375,3.2281152937809283,5.957734042569706,1.7212583317216912,924.2844870632393
5.768048491906733,3.1259303306340565,4.957424089074159,2.1890664078501665,953.2369486960115
5.9014759532706496,1.5715715652444233,5.600225229569567,1.2270636897682707,939.8508615446374
5.0,0.7169145636235574,5.942159988851773,1.7543043374597622,954.6051598196992
7.338932072384932,1.5688202796504274,5.703678841051817,2.013342434772214,915.5503992803266
9.908516937123682,1.5315223492680876,5.95893895496458,0.7683038990301301,861.8335566877643
7.2875060521916355,2.4464467833047774,4.994285138440025,1.158962123861389,919.0758871616742
7.953484350522412,1.8949984970958784,6.026245044239599,1.471996371184466,901.5160239322727
9.563395446456312,1.246735788262858,5.517557837583282,3.254585386189851,878.75965123703
6.8938570322514,3.1042630672606677,5.028189478463647,1.3354198858199173,928.7318340581753
10.553297185079392,2.140425867444834,5.254115237766725,1.9553667039647318,859.2327888108279
10.48814161124618,2.4354156527309407,5.402098164075582,1.1675490025116106,857.6489015283321
7.303332991979276,0.27501456586873285,4.054621662938721,1.378877446281955,917.9107303554631
6.6336986039711805,-0.4242648706972858,4.863340753430071,0.8471933027618441,922.6765315597148
8.54585706958547,0.5624542185555919,5.564905515592786,2.536241883738942,892.8843149354827
6.978712586221713,1.5194565743932242,4.149008964611148,0.9395629940519659,925.3475123912647
5.765167174398996,2.5763560176138087,4.880076338185419,2.725608810515734,954.1128336478777
9.42185798028447,-0.34224687040729806,7.884644978371872,2.3743177568439817,862.6774357043029
9.32467108091562,3.5928520643719875,4.370741635178806,1.9396785223467252,890.1868306541156
7.733267405645341,2.170566026770126,5.116186087349571,2.7520207163145387,915.3743572281999
5.605702869407733,3.3602949929499104,4.666282721471269,4.482561020891278,966.7960620022207
5.6557106231739205,1.1140299175258712,5.383129996046663,2.3820205129011143,948.4514877052375
7.660843932628729,2.5038599341724908,4.68508165686502,1.1039515024020337,913.5251419539602
6.7501934482424515,2.0851959299707876,5.256756876707567,3.1912141277700696,934.4014955859234
6.988360601787588,2.817686313054554,4.781452964850107,2.148889165220507,930.3479490282404
9.032944732590005,1.766208632400283,6.555127816369825,3.6888987209125745,886.8663089538977
8.599768976133836,2.4732152090075887,5.581637037719546,1.5951598224452854,893.6339497911423
9.56721402074642,3.1021953187712,4.49702734303678,3.0255552181524443,887.7588324198942
6.014065164934113,1.3488237061082247,6.340796523832693,1.9998745834821847,936.5664356869991
6.9852126469699325,2.2422442324896497,4.541733383969887,4.125382679571327,937.2682695075508
8.638472543190169,0.11213776277765164,3.9359198110883487,1.7747193956038103,894.6472040848979
8.172117511519337,2.7025030190633577,5.496957512567192,4.4013349102322525,913.0607111415536
9.798570573881433,3.9546625434624896,7.407264424339979,2.3518608422790153,869.7952385821627
8.130805058856104,0.7555639522513047,3.6723358710841127,2.6775718064921303,910.4692546516673
10.272163656158328,1.9086187395720569,4.169012078430903,3.3602659551488516,874.0870854673111
8.310026702584711,2.8804813009141137,6.252525663160844,1.3697965678889874,896.2014450603239
9.09325117138299,2.0314174734665507,4.85767860038804,2.7752774768214032,890.9790096852192
7.014727579823314,2.165099551493226,6.111948567246543,1.7657973273033587,920.4248999838245
7.521430817825983,1.6090005584763614,4.662511093058053,2.1208951034567445,917.509551548725
8.866416605759213,1.5718477469120855,5.641962177409177,2.0664490059284706,887.6321725238646
9.919467255889582,1.9133058464146222,7.244473925385488,2.4579285891454474,863.0027229505291
8.59385542396613,2.041671422139356,4.305410352978129,2.424147461801599,901.5582227985524
7.375242342098071,0.8185587384226902,6.523760810137304,1.5398440639876259,907.2070034680706
9.566002544292513,1.9339780140539713,6.179706796632087,2.099883336795922,873.2540807439115
5.0,3.5685339387093267,4.010755748901091,0.13253134451215187,965.5092120581941
5.36664824773969,1.5808662064110952,6.058900523741773,2.7921389318275587,953.513828698928
8.522451335502584,0.7627450171253722,5.572806128862606,3.355153362944894,896.8880857683756
7.5211625343796875,1.8485839320135733,5.591094009913729,2.15250243894564,913.9826479576346
8.408270476686248,1.2853871878757035,5.836517566451703,0.7151822292217955,889.4230705965136
7.596611283647913,0.6616581746780605,5.149634155584195,2.5943581089817083,912.9642697734461
8.356418541905809,2.1391684617326208,5.570098958942398,1.3889843867198235,896.5149568883015
6.278395768510214,1.289717962848922,5.741452425040288,2.1458530757823566,934.8149714875316
8.355729129119537,1.375285833146725,6.246057938885529,2.548407301917104,895.5663914201699
8.991621792311378,2.153427380385389,3.972838966621919,2.4371603036149243,896.0664321889392
9.330825905896848,0.4668254046376654,6.790885896491105,2.8646841998880346,873.5380868341575
10.520331441973049,0.25843034974887513,4.344709656940787,2.117104511783632,859.4255847341611
7.86614766525358,2.6708721945019316,6.261628464146387,2.1386892879656267,906.6907386418952
7.910866630270768,0.06916639927591706,5.57944509927278,2.589432299554928,903.4491233736694
5.215241303739228,1.0233223046926452,4.218843657201303,1.94288594435309,960.1714936875503
6.702882898292362,0.20016046461156245,6.028145469704004,1.4496780648441576,919.956751755125
7.210376888990081,1.5138635331511676,4.554593360804829,2.36161473985831,924.4270168268067
9.075479328414533,2.4280587476511655,6.5687955551576405,1.0969096178304936,878.2159728442828
6.583498313865556,2.112337948732377,4.789165161498756,1.9352878822494446,935.0800071600627
8.694510029623249,4.391873389457285,4.005013902394623,0.8977785660821378,901.9618618252839
7.49756742455493,3.0869156177890007,7.033845105036296,1.5561498937565097,908.949238343265
7.234247827327857,1.0688421498433986,5.681323671236909,1.5893272986094904,914.6292024893406
7.873340953699884,0.8029449951735894,6.367191125761315,1.21262713905936,897.4096090202272
6.913265441620736,4.706687940975501,4.648528121246633,2.880425509956153,940.3544492744161
6.8564441278610015,3.0625720057333625,3.608189463291799,2.8143932798391758,941.4161771144763
5.0,2.589369607269572,7.175202424087777,3.051210194223417,958.920151854785
7.128068689008166,2.074851812215618,5.493573187821052,1.8497246217261394,921.2526192099831
6.78004778077691,2.2735215674750173,5.991351894163547,1.653113609183004,925.234032769105
6.726028515976381,0.5179267245175738,6.156595780598269,2.6428678442038427,924.2541831648997
8.12530959388506,2.157039170196768,5.164608946984311,2.102730316087919,905.4041060109569
8.487947929185765,2.0712313974590146,5.7262295476155165,2.098813969892664,895.793524687644
7.848291756963492,1.09586115689852,7.0939525925054445,0.0,890.8023463930756
8.993122785674212,1.4614735464315214,5.46755877112067,2.6052116825211833,887.7826665542713
8.363342888745548,3.515176393443556,6.442101316419575,2.4991799859700525,900.3003428334979
7.057415715291537,1.8748250797051376,3.5087530199693786,1.9956668615122757,931.7810088499228
6.80571557142843,4.071171302533111,6.6237606303192145,2.652678219571248,930.5497343513192
7.969233355150269,0.25932056351261656,3.9779957019940264,2.4813615915764506,909.9387490727973
8.360650664852852,1.477869813774252,6.509408824033501,1.4426519321228404,890.4230685699083
9.596766460547247,0.45272144875308107,5.890631220451271,1.8241709992497124,868.8677176179528
9.286759567410144,0.7905775461081657,5.404079323926122,1.1937718439959748,875.4938458032217
6.687790490239246,1.1717942943407027,5.40041177879207,3.1697911892601267,932.266111415425
7.346990579809107,2.315309626770591,5.247268906642665,2.7817443828648756,922.4639777626095
8.506526707376654,2.266826171080387,4.679330480556437,1.348866128921031,898.0719435251074
9.101996667088457,1.3207096803723946,5.294023721369953,2.4951004131959125,885.7622052331122
8.908454203057188,-0.22779955733658186,7.708059077509089,2.2228738678696125,872.8038071362249
7.40418325075298,3.4776928730321526,6.8023067107847295,1.451237659600586,912.4628325403195
5.618966021357226,1.7142352839636439,4.628996821477566,2.0994616069027763,953.265110402822
6.001595435631613,0.8837098296988608,5.767687402327288,2.6867077579476137,940.7206817608551
7.908950271479122,2.274930781070087,5.595979163236431,2.7519356219708455,910.166479234356
8.013338369136518,2.204445170523174,5.357706556990328,3.865586956855341,913.2789563493172
5.851980939848422,1.6773235350000348,4.497222443362521,2.0754313225374124,949.3514073396728
7.566854416333907,2.1485310156415047,5.945897984806653,1.8097688527109523,911.0448238925629
8.446836535457674,0.8449701595919816,6.346071629914636,2.4497122111022698,891.5600035319462
5.773160013739284,2.7599128431764837,4.66610131493322,1.8536299687458573,952.2275129462067
9.157495802706622,1.0031329052431297,7.455541417289208,1.532076447773697,870.2103756706085
6.933703277160262,1.394430344696568,7.022003249235555,1.2593734113068382,913.6661336876386
9.386419668864976,2.6488018161515754,6.048165558951233,0.0,871.388781377051
6.69982133133615,3.2039589650102336,4.268280297331186,2.587871544166005,940.8117475112338
5.960061775673731,3.5857745680463387,5.901408625984562,0.6896210143426456,940.9810020798443
6.812794515237421,3.055798238466572,5.7819780015644655,1.2961172453645187,926.453057547387
7.35727781538402,1.675927816198218,6.013155276218496,2.23395487295602,914.8896113340306
6.917280139842779,0.4589669308995372,7.090464272289736,1.7427945643381182,912.8416440493245
7.17599786764033,3.4050555856028932,5.324025945383379,3.7194377993426078,931.8161327132437
8.000947724514285,3.370695988904976,7.5478265796557436,0.7926080215355773,895.1477223777923
7.243230945305401,1.3280238466465044,5.90650434599375,3.7909768767200167,922.3282797219908
7.40083140907199,2.9211890378245604,5.209536824338735,3.1044676872404633,924.528926770151
5.0,1.6678222060692613,7.899377206706411,2.727277108078643,951.776590785801
8.08754702401571,3.5012768835117285,6.3298919000200895,3.1514497411820335,908.3395835604092
7.366195053462498,1.485135337596218,5.045266113042527,2.323689598972832,919.0259374800221
9.915439470724307,3.9786512875485034,5.584216588946442,0.6373976022281085,869.7877748784758
6.090652249119063,2.786120547598246,6.135233021854534,2.4118813448927408,941.6405095455618
5.0,3.7975448446859867,5.349138973214658,0.8154596865143937,962.4651639250593
8.427102740895062,1.5362027303501207,5.6339078690449504,1.5773101767873667,893.9218169036186
8.019790527469501,2.4050296044441932,4.682796396337279,1.9375343218274095,909.6845532196962
5.987350469203282,1.0307208016556348,3.814805469192092,1.2711499856765545,945.2108248244117
5.205376567493863,2.8439892521191967,5.606419322744712,2.756835576291578,962.0103043510684
9.806095096026436,2.8990415328371246,5.640027822225887,1.8289939384006624,872.9826851680239
9.621165585910173,4.397023918201187,6.027119591557854,2.3274465848035732,880.6560120285774
5.0,2.4820397972196493,4.923810292893803,1.9924694701117087,965.1511596011022
6.812665456115249,2.7240942025060932,4.159445705459335,2.1009433277387775,936.0687319900507
9.996288082175848,1.5291696234962182,4.534675530252652,1.2905061724585187,868.7598666669545
6.7859061633332,2.5413793726352383,6.555633756839825,1.0607668438386098,921.0449495014292
6.764081648960021,1.6201087913124164,4.833388687792429,1.8769850637128906,929.9253118958824
7.075861008555948,2.115860758842,5.057919014196238,1.2271085784414288,922.0477572538182
5.818654539347762,2.174515661545795,5.187586436168888,3.1148445639660585,952.0148691136128
5.0,1.6476951266508295,4.88072383071321,0.898851932966495,958.9554327811747
9.078820966102123,2.0629450965419935,4.806789172467167,3.8696018488352175,895.6428960755474
5.0,1.6247048302865794,4.628876435366189,2.241620102021827,965.057477831568
7.870907178163134,1.6202688749661607,6.9006565745682,2.0554615239204375,900.3899404445632
8.829869239136475,3.0766646515022718,6.18010068334293,1.5677870006240593,888.1530259945298
5.323160551648263,2.1754136418264114,6.747820773150238,2.525536825882117,951.786248197171
6.113597396107393,2.3470662722002773,6.949339756460838,1.836579991423181,934.0630510323925
9.319768782587385,0.5426952310144642,3.150120202567019,2.2403793555743596,888.5625725992049
8.29933758034056,2.42345833183039,5.843454642028076,2.673458533631831,901.8769714111522
6.574071439681669,2.5304234639752377,4.913821366101681,2.535447575354918,938.0747483143592
9.303373505041757,1.6016613773112474,6.616809644353348,2.9918889607581614,878.497550136699
9.309803585181454,4.0850296762606915,4.758528796757439,2.4302728589286255,891.8583422426847
7.903579039523561,-0.2892272641840652,4.44585024363629,1.2389858494299086,902.8323095247588
6.149759658189506,2.7843671357705464,4.065954139346898,0.33616853107149236,942.4367148540979
6.879826944792307,2.712804804954862,5.197325089021198,2.16882698343276,930.2144189471084
7.929580115933085,2.541582931999412,6.414945262528311,2.180370523564564,904.5923091008265
7.217107756278768,2.176212705638623,5.756167216861312,3.540743852088453,924.9488187533107
8.908435767352277,2.5506793226250375,4.297351734863856,1.9073275064552417,895.242062794268
5.205338879835995,2.8681754795558936,7.65265909036189,2.2995938424913964,950.8625307468966
5.258604706400642,1.274112416168006,6.149538639491568,2.621741124612538,953.6122484119796
7.771306667223649,2.2991956221800898,6.277410115757687,2.4107264967900077,908.3563973053082
6.762683379289643,1.816683157976696,6.7850288273476576,2.6751550334538354,924.3938278332492
6.559427077953389,0.9062315997744914,3.8597844113742203,1.345432553499313,934.290054099565
5.0,2.71716997461329,4.588565861412118,1.2189069329860411,964.4884067643127
7.529318767197273,1.4356395753159665,6.3230113569242725,1.775551335554664,907.8731535038278
7.4208673379988515,0.5021413252205329,4.689261671978523,0.2607468882455424,909.2477534601599
8.48021847292761,1.460889339298351,5.224986527744952,1.9683363277856272,896.0798414455373
7.603359199681458,1.2011011019068696,5.4222593471686995,1.4723335260734305,908.9021657129038
7.301093882639255,3.0284790091901104,4.2225946113700825,2.2577706669021875,928.1229521565555
9.265500955185505,2.1531931405580775,5.13918281786636,1.7879449687974094,883.1330462765544
5.5312990448271755,3.38238274568994,6.414503217351832,1.1876537498922914,947.8553176156026
8.304583828271364,1.333443768766954,6.229453889817841,3.0486854904072516,898.3391983456745
5.0,2.874169871896499,6.613014661967468,2.066015283366386,958.6639926185654
6.242457179998788,4.839622914807913,6.509875873790796,2.690287073140222,943.839789483291
5.681014301065029,2.3560324671271404,5.9058739257025845,2.146811568603274,948.1402898641622
8.672913803177877,2.8616488623231526,5.8266784983096995,2.371196104965641,895.1045980801051
7.401884649606909,2.693517664225406,5.753330760106618,0.9112034202788444,913.186548489442
7.4797451331105345,0.5779246725741733,4.872952832746039,3.022482803165034,917.7835557161309
5.839900518405823,2.5858172974674507,4.470055276279386,2.702945320301036,954.5714801744067
7.0504597561006666,2.306456320649569,4.8104026538801,1.984927759462022,927.0220205957961
6.354802045036332,1.7402526166016907,5.173970683442531,2.23040167509861,937.604117316002
8.075182522281324,1.1159636257951195,4.844174055257223,2.8020846881810044,907.523489284623
6.013363297002579,2.693983240327037,5.913831738483916,1.7023998367116306,941.2112657248814
9.494691547807614,1.0275962603893787,5.701895216064251,0.7335356682683851,869.1906707085243
5.0,4.133645604681897,5.809323498720218,1.7173888204933438,964.6182033802488
6.290220251315158,2.1141690834881284,5.85140806591578,2.1219115937237922,936.294898690614
10.015800764949145,0.7766929522134964,6.695663937784532,1.9740481663413065,858.7917009767132
6.847291878056948,1.4860037216716613,5.4914271076129,3.054052925863015,929.3222622854151
5.527682003393382,1.7218656617101828,6.508369433834611,1.2320780888645584,943.0185325562998
7.828607343806503,4.412376653923846,6.016585357979167,1.3333674956265753,910.3914394387743
6.7869116366781865,1.1154110531905035,6.629633536635086,1.15356279865793,917.0488980618416
6.2461946165725415,1.8837827367486129,7.114629834386572,2.342992876045987,931.4194387362729
5.856193783801924,1.4621716301349776,6.07664957997907,0.7791729975409325,936.5063574733103
11.652560408438916,2.4992584855816644,5.603768249671998,2.595005118426649,840.5412042573814
7.122672149723796,1.4781165862949555,5.597307817443308,1.253692382952429,916.9884976043719
5.0,0.8609433338602897,5.029833920438161,1.3815181121963864,957.8625515488033
9.740564638508301,1.8047054202038013,4.996227853423944,3.416180207992986,880.0463567014268
8.416606357665856,1.7006061566677568,6.4021171633115355,2.9860637829565433,896.2441253877178
6.350300353470319,1.4077556223759866,4.5363297075524445,2.0953706542055217,939.2228973054067
6.100321366970787,1.4611896411028824,7.114772635562226,0.9511694795658456,927.775399381641
8.510209194237346,3.184695797881003,5.34827674709598,3.6115379653206867,905.87084462027
7.129622508765818,1.6802597857324957,8.362077893122814,1.8429427580513056,906.7590309960792
5.0,0.8658723375215673,4.806884573170382,2.198064781174579,961.9505715424124
10.180859946907002,1.5378840362001438,5.750188919980334,2.729547015289166,865.0522378674954
6.8490143066760645,2.0543356594653925,5.148150729751581,0.4296838347680545,922.7094533577259
9.74335760472364,0.663730363448646,4.706915908456728,1.4879701345347134,870.9834461923074
9.417652436948572,3.6259779600063986,6.563800350878719,1.945540207973027,878.373881123248
5.998485683275779,2.867579477506272,4.394445805602194,2.1045757693691582,950.5335618993162
9.049784796544722,3.4301727436187797,4.823925493025765,0.9571145263442677,889.0833972343954
6.522836175204478,2.3921281254876825,6.08631970891491,2.261070129051419,932.1690788449242
5.0,-0.09369745013010045,6.244960810949404,2.0269923231508398,951.9499277853433
6.863102750966786,3.5353337166385135,4.108114578772479,3.3338541192207423,942.2190744336483
8.096456252664419,1.1364316402901073,6.081676885215374,2.8002326312045653,901.4236258486807
6.8058950280054935,1.2178132559979011,5.628899913416339,1.7845953701797292,923.9823616430147
7.039427488612348,2.156325143955444,4.58227664213847,1.8431444104389307,927.341706684335
9.21534906739292,3.3782298466701493,4.7111184646644455,2.811597416258311,893.2822101464926
7.659740970435138,3.0532871339523995,3.466548572051599,2.2268994309203567,924.9221040766174
6.2350525330725715,2.906281120176021,7.217444427797577,0.903093271451016,928.6449375906803
8.55304548550099,1.6881729471254467,6.515420414977007,3.675032668232223,895.7077730883424
7.7965133504313675,1.6723924739078884,4.210854989821781,1.2081050456677591,911.2745017513924
5.0,2.3459436679800665,6.298907672791795,3.9831756347195313,965.7826755163392
8.142529370657172,1.8699291587164673,4.925977656050334,2.342363937663715,906.2838538060705
8.087743061574152,2.889317907329353,6.4148105363497,1.4916469682619167,900.0592337440779
7.53018169437129,2.8301176644952264,5.0039264308409175,0.10637385270497912,911.672101597288
8.837550871604362,2.5913413211727057,5.136645904892042,2.6214115753986924,895.4276436769659
6.491409623510247,-0.5259612817693786,5.211652732242335,0.759751531504639,923.0944395188433
8.004749683231351,2.127988363677264,4.842644658338687,2.285835646694575,909.7437543709854
5.149560943248971,1.891146119267299,6.899271375233305,3.546906162017909,957.3173431561967
8.110635575098248,2.1680256017595316,6.398526993081479,1.089856907815908,896.202086911328
10.429589543309845,1.2456753614535931,5.6099485383332794,2.5904443296584043,859.745260955972
6.007715471298688,0.6752140896007748,6.52456816398581,1.3507203081136896,931.5357771274795
6.360296802018337,2.46313847997504,3.8729282847545408,2.906519629415122,948.0837723389051
6.434976835662671,1.643698682267938,4.271541221448968,2.052658143963844,939.3785717960096
7.694997338702393,2.5746929937075995,5.974554762357963,1.984749281717156,910.368030635603
5.905445590719423,1.3290856223152288,6.235536555807888,2.9658306491801767,942.6145059293218
8.131871068036471,3.415910640492677,5.779407546255752,2.5002339529201816,907.41421403627
8.770259918203747,3.0010648425707633,3.6173053249216816,1.3562487691804033,900.180912092648
8.301520820180677,2.2968271085458802,4.437665475662252,3.4296907374034404,910.8331654587937
5.0,1.7867115866140528,5.916591866504168,0.7713388127843812,954.0521535309666
8.99275149773791,2.852408877798197,7.926472289241268,2.2205576765180997,878.8054213228073
8.90605112138052,2.392547815237406,6.717912665058428,1.3417082472885618,881.4855183342264
8.745242058519457,2.2385841879306048,7.077304298470772,0.8102202339537079,880.3987018782831
8.059263372983738,3.0428654095596084,5.839725422190299,1.0926551921602226,902.2072498568249
7.830283971307699,3.42653615440664,5.832490980789377,1.9606083841274953,910.7991341327551
9.048584097189595,0.7475888155144554,4.466514532743924,2.2797814113188544,888.2036028604058
10.385270231405181,0.9496158926501936,6.451822053051617,2.8471454649595347,856.783810619317
6.070439304952725,1.219739274521202,5.426818297458997,3.18082920751494,943.8008810725648
9.117188093692157,0.49757540235644826,6.192732375463719,2.222149717683229,877.9887282337756
7.370674352988821,1.9372514744308489,5.5306863528809345,1.6454453769033535,915.4237539092542
7.305490421957099,2.600116455244506,5.77911842475074,2.8312138456036715,921.7414178922847
5.195203964426943,1.9785817050476633,5.412271883701378,1.5082868126061961,956.0432119024256
7.072815885726907,1.4658783583871045,5.724624697822893,0.7235083767749204,915.3173714621058
6.004102563047377,3.126457757129158,6.50007655754523,2.751209209954137,943.7656517381532
6.804218355741082,2.1405564032067494,4.233770470930776,3.0591294814507943,937.8166199293315
5.852720424332775,2.3429829673663183,4.0070775736848905,1.342550681541013,950.7477004040602
6.82663741903049,3.15423480489976,5.925864577638899,3.5686585307992,934.2549985602553
6.890834464464895,1.8767580611488663,6.940574297907617,2.4664418550686977,920.6781271671434
7.6451323776582,4.060214072624681,7.192744616801082,2.3471695823719143,911.1237434164788
5.077875206563004,1.552184996128234,4.275589782289928,1.5866511209592506,962.6129669794461
5.331722778382015,3.9979482045129,5.0971261645976265,2.8138310145948497,965.4600465215993
8.04287140609579,1.0252648180875794,4.0207847455550905,0.7804974982857713,904.1798823158745
6.303842824394851,2.5174849028804416,4.94938837361288,1.7281676435386362,939.896434041956
9.111794685344897,1.357467831193763,6.622848095049362,1.413469411230221,875.4798166694123
7.83790458302257,3.119566116981092,5.487108216441601,0.9528537998820898,907.6581271512654
8.41014322530961,1.5217673921415715,5.126125920376212,2.690389964252525,900.6988321705862
9.616038480631342,2.290871190644086,6.04508575641121,2.2729107812727194,874.5887942211765
7.035433782290141,1.3494580039584303,4.704947910190529,2.643753204155326,927.5726736175193
6.638269941875587,2.937225173666614,7.092978364881858,1.7773599928611843,925.0624670923869
8.80755387839822,1.3442487393608606,5.507284972241473,2.7880636415784656,891.402673470359
8.264270345894529,3.6834148447426687,5.098205757040101,2.0617134050521573,907.2342160797513
7.2190045352680485,1.0040028930386096,6.086849234795611,1.6222829328220416,912.9687272838904
9.587186950433914,0.6543720816718532,6.439286160211046,1.488888987548502,865.8100072184927
7.181633535240104,2.9515520780790863,7.095975240149259,0.4136769867001038,909.9090400662051
7.549160456333672,1.4083563597364783,5.2900310937418356,2.9314970427335494,916.5314541689277
7.531833976251388,1.9927626865504644,6.586056522693717,2.840724135147806,912.120026889424
6.098109157652294,1.6777588461642792,5.6012116118999975,4.341895118574545,948.072332694228
7.616378084229586,0.6873917328473098,4.888619979026306,1.7323042362743082,910.6752794244418
9.595140266097737,1.923006335861662,4.723188470995765,1.466565118179898,877.098374577135
8.167452473064264,3.264915894972302,4.403016556366996,0.6388518219272781,905.8070011384403
7.546595139598397,3.0031370033055653,4.758306001110886,2.767973075039258,922.8928195766728
7.257349078251496,2.2317927626259246,6.615706621760084,2.5838611476365294,916.798936630272
7.996300542609527,3.112268293035107,6.206709601786037,3.241423935438749,909.8589358365577
8.624649942733777,0.9404814153058234,4.2587883440580505,1.2666863844624752,893.8241617641854
8.41385824633463,1.6745456710949937,3.7536090797850648,2.5730924515721405,907.0018407393787
7.002202707267031,2.395804940730208,4.387706844203589,1.582367538923744,928.6368958487202
7.9871723911651715,1.8695851731828883,4.723263791752851,3.074972955158013,912.8404589190452
8.219909611722418,1.7531766695234428,5.1967342894229915,2.4289720971938262,903.5820058856776
5.989207518709533,0.7993562676789048,6.672863523008714,0.7554447751940216,929.3223833205581
7.752345811775542,-0.08134138864271145,4.952283141100334,1.8950423682576447,906.3108664304636
5.0,2.817866424949636,7.180499960177274,0.4415086380988693,949.824934644513
8.223800564731778,2.243221573252226,3.819800107678632,1.069374630185386,906.2219008089467
8.490514581844023,2.901998378210093,5.151367479237694,1.117762011605065,897.0872201576228
8.621319188679688,1.5627640578416255,6.285548669136401,1.4872468405885795,887.0183317474412
6.907429721745649,1.2872221151724061,6.347205252366433,1.7898513727962846,918.9668995601602
7.963570252536052,2.0065479666366346,5.164286043611607,2.131666476060862,908.101731317898
9.63593076831175,2.8541996486128163,6.501753433784197,2.09163656063546,872.9926392674986
9.620654472436888,1.7685477850123457,6.312196442506883,1.9809121364798585,870.7173548229064
7.456240951160159,2.8017851843284856,4.817885340687489,2.2659083424384745,921.8669111723718
7.7089794460943395,0.9936919944069131,5.814928468444422,1.0001642869272969,902.7765767361435
9.16636671710165,1.8385528668301327,6.203613284076845,2.0585429716038544,880.1561196437743
5.248796977106737,1.929885855921969,4.889465232427175,3.1475672212146772,963.4396944959691
7.015386385984463,3.22638994392192,7.194325450269163,1.8673577385088658,918.7183986077325
9.503355683305134,2.2076273980159082,4.664638053382357,2.395738212453173,883.3284439330868
8.96280081252715,3.7460775182941948,5.644092883294512,2.321299769354676,892.8436643977157
8.053895666474856,0.6523152000525174,4.250222683580492,2.689814744482067,908.9700753825382
5.241251392004069,2.1299189044112796,5.6033601986625605,2.229711119789904,957.4040982938692
7.425134650438257,2.179398039180446,4.432926783929178,2.676292182959465,924.0257134065005
6.6151269056251,2.620093197586867,5.205870858670737,2.405833103341955,935.7210992282536
7.9965583542258205,1.186640063551109,3.9134024386789035,2.5258280069552663,912.483499234724
6.285979972807679,3.6844463394108358,6.299813400325721,2.3537021138226977,939.5320173446393
5.961414907538089,2.0129639414717593,5.856280049741607,1.1945685217365127,938.6559447860592
5.0,0.9129324870650819,6.587410553636699,1.0633885226459165,949.5814278687437
9.332707027465052,1.9839750095863815,5.152194835360164,1.71741803319659,881.0880286649626
6.900344232835414,1.6868384771198865,6.633847366880998,3.241312422541079,924.280168576282
7.735718675553802,4.783235142247329,5.539279645394836,1.8626775648581453,917.3423688717556
7.4966428252887285,3.0499435995250135,5.613167459428737,2.247647587806931,918.0418064326026
5.898849100559251,2.0496613557082175,7.6140533253519385,0.42615494198192394,928.88991033331
5.61140263282771,1.8880833148007954,5.015324035061396,2.154993520534485,952.3009826110516
5.992027311004147,2.9510568624814653,6.72745903115485,2.0687264147333044,939.904718429584
6.415247341755911,2.9988621603282146,5.979684940547614,0.0,927.9476898971094
8.049909370520707,-0.9115499193206489,4.928095107754517,2.23271115357663,899.8285046736569
6.306423504719083,2.642993154733334,4.184309109536527,0.6792155546758138,939.8541182179803
10.119735947391932,2.0279665439786267,4.46691494954451,1.419720668070339,868.6511444060502
9.040726553839727,0.6888561782130238,6.630674797854511,2.795577610619955,880.0413057372782
8.712539324498563,2.8802141396241767,7.234399526836957,2.1259612214701855,886.9611839579554
7.320511646290274,4.246188013558266,5.591439903210226,1.6412399272241893,922.5005649161749
9.771421103580725,2.5567959468277808,5.643881762621123,1.5727398405222366,871.7015701756026
7.1729915533183135,3.100428442256864,6.276453433156487,1.6656062130934643,918.953099110706
7.4531078787686305,3.8041190919644037,5.573302029353185,2.128711163592639,920.6986368135565
7.754961809623904,1.1697378492799482,6.599700037970322,1.0394857140833107,898.9095606203144
8.552734560815017,0.1424285548330828,5.791622250663185,2.899533974517331,891.8817357564457
8.455362118504478,2.6568660633095016,5.635541313652443,1.0819490568979622,894.6725042956267
6.787312082333095,1.752388463558549,4.800787152505881,0.618353973728305,925.3317756050496
6.700509420861069,0.625826547628457,4.5547329205267175,2.792922505557656,933.0367444800927
8.459854435728127,1.9218300638642067,3.0,1.6504629407524254,906.908335513237
8.57285487583685,2.72754737379062,6.734116799941871,2.0563676725272817,891.2008011043822
6.909973312765691,1.85102833523564,5.353392944777674,2.5237048136076012,927.8437701512697
5.119217895482319,1.2131723692649627,5.099602655264219,1.4244504416843577,956.4631013503654
7.189025855987633,1.7764929397034896,3.5482927036145666,2.109716601882729,929.2991190675988
8.435288698238788,1.9805235346986545,4.859887234227648,2.5185719852708295,902.1099030206168
10.20812526962967,0.07051773737391787,4.728313541717104,3.3145879086999805,867.3792235235408
5.7030630564890075,1.8572250468293068,4.705226912769225,1.591152886000966,949.8544686215049
6.86014312075414,0.6556595278551083,5.832836143152628,1.629642239712933,919.8802091027611
6.915894657711935,2.6590259520210964,5.622248553196004,2.4506612954602627,928.4660460194476
9.53370800914725,0.43895742441322194,4.138704066380295,2.166874371247071,879.4235209963448
7.447587749312051,3.012692204550936,4.202158900092668,1.8903713924041359,924.0824218078054
6.139010160941602,1.5908349307860585,4.200321447669634,3.274151986006869,949.6111911196612
8.338042924382728,1.4570242932279878,7.310526087567177,0.6540501845507378,884.1266197639287
6.893042219938581,2.294454597301972,6.99272262869163,0.8626036396337107,915.5936683516362
5.663419089963068,1.133965554776608,4.647701000900402,0.6632944481956913,945.3898145176148
6.160840039085774,2.278745754130064,3.5234056800042692,2.9613439687999796,953.1084390789434
10.10106293163393,1.2678912253116295,5.62804424301252,2.4117786569763613,865.1690568641721
8.076313832474193,1.4432654876752307,5.546940116237671,0.9034039329065506,898.0846645165011
7.661640083178814,2.405354169329135,5.816916986988398,1.9015732869206188,910.939621223151
7.125159396281931,0.8614192662656173,6.241373892477333,1.977859525328825,914.9206438162408
7.938223263178198,0.7356626982376431,5.951703953395942,0.23262430463713546,894.3014852629275
7.920353919003741,2.248225507410342,4.383560468499747,2.1506217023565717,913.2807228264479
7.9382532423109895,1.9731001475106154,5.794041087164017,1.0579631502933537,901.5567709683488
7.672267635416629,2.168692744809392,6.353823575335654,2.5653348375128027,910.0542407095057
8.803197507458323,2.3276392367214207,4.775998276996627,1.0824470033761604,891.282950696253
7.534656519001096,2.057375553806981,5.799956468755859,2.1753278564168235,913.427888587857
6.033091746671042,2.6080926239670688,4.947219282532192,3.035656186231881,950.0591432817947
6.581365663648698,2.0974362869786587,7.4961697209412295,2.7796480648105817,925.6315474955234
5.0,-0.007303899675302983,4.17317286113298,2.40573190697372,963.2336910095797
10.540225674063588,0.25211540533814447,6.655948936528601,1.9349315388466028,847.612987212962
8.79413188792903,3.9279491802420825,3.8291872385747308,0.7999166103305229,899.2680942284526
6.254894257306145,2.000071867058863,7.293052685216608,1.6487233277604196,928.1697231162115
7.07723272590435,2.950241651717097,4.3584509325755905,1.8191950645816743,929.805254310237
6.54468528869035,1.6542960943729241,5.689671543989336,1.7617421252133958,929.6910477599034
9.813820817061176,1.9419849056060696,3.8708068133031954,0.7731822061442908,874.4680568143
5.370184253593607,1.5466353457291564,4.150018882978289,2.347547795859096,960.57497549249
7.671714088228169,4.465927331461365,6.397747047624621,1.055267462139771,910.6521264014386
7.337208236152728,2.2532424223641425,6.528162311469472,3.2368871548845233,918.2097386337927
8.740257946063672,1.4651420944938025,5.739358932367647,2.1184169482549557,889.4214406588522
7.3439861584129575,0.3484602865698092,6.241081665490241,2.7834101024115623,912.4173174894902
5.0,3.973733442735852,6.544878742653973,2.7668745122762735,964.6558033375599
7.123323248036339,1.8367216147716967,4.815823136200685,3.6623453132838653,930.5709878738198
6.041756673085013,2.7442291195615973,4.101038565683186,2.1455048041912423,950.9011736653601
7.619369319834841,2.855997290306546,5.486296613797205,1.6879510001520466,913.7258615574358
9.65126555478049,1.5371694765696295,4.922798814102792,1.7033718468440666,874.9306923053941
5.0,2.672452775386156,5.888621480200995,3.1968821130718417,965.67645482102
6.2996658969001444,1.3958617132483826,6.0480286120879265,0.9438116672618928,928.8183148536257
6.6709605693247545,1.0095736379605842,4.818349209430719,1.2975003374454546,927.8682212919139
6.927553356880183,3.1644646925122126,6.204108542966443,2.189593408585171,925.9825468092805
8.610188496157866,1.8418106201778006,6.154138375951308,1.8777620367820034,890.0676769304152
7.239683373657919,2.518512833602655,6.22331757888902,2.774115566164006,920.4598232200103
8.123704088580668,2.410920993881771,5.092207622989407,0.9290454100164627,902.1128570036902
6.561340434402336,2.637931960055289,6.279922164828575,1.9464431938934408,930.0680287035015
7.8448865181269065,0.44346306579837513,6.020002280675193,1.8503906059850725,900.9228151655418
8.666696446316573,1.4147094686836301,6.140184644756561,1.142204823467344,885.1536288613196
6.401550675394367,1.6755248425035751,7.1777885630885265,2.7029280965063305,928.9940474488916
8.672037179709772,1.1685213270985093,5.827774189925412,1.9265725682975314,888.7379829309167
7.578559153091352,2.429006848016388,4.893037776002533,1.8927403113221768,916.8140971581732
9.06819036072338,3.1868930775958972,4.389545469000536,1.3402372341852513,891.5073870573543
7.197870149884539,3.345184655346298,6.627936159993822,1.70410753377169,917.6820572822232
8.071866982743149,1.6607952347901165,5.8573076760354486,1.182697928863547,898.3700484278494
7.439090652482205,2.291965862457907,7.170021988320224,2.6910131082915414,911.407465137244
7.3556816069391315,2.445643504490099,3.47044780879953,2.826252797404245,931.0937455838855
7.888395642338534,2.6212560942035292,6.410667087786442,3.3440492198418013,909.9294066949357
8.305211203837356,1.1218649269273562,5.238862664579372,2.3472427015371613,899.7341062141767
5.625652632113992,3.8205802682649663,5.146479005118829,1.7286251253495049,955.2316380836367
9.650450413226817,2.926520184346445,4.735192159851409,1.6248294215234502,879.4023355330659
5.0,2.952649343692441,6.399571013885143,2.3925184349922555,961.0900550325072
6.472781835391656,3.203460056900397,6.113536177283224,2.160690843648731,934.8637381344736
7.358596393852649,2.5341359422659844,4.35761797496056,1.860633482926497,923.5689793261828
8.118533953628923,0.9726865769490276,5.664921437925071,1.7903371384993545,898.7372334810558
9.864258791612068,1.8610272684448932,6.206114330680471,2.9369523366179933,870.4940836095315
5.0,0.3489466049380845,5.678010525925907,1.6545221249463666,954.4356343870223
6.738458807415434,2.415072509699084,6.607840300026939,3.077340741468834,928.8339686472722
5.0,1.8307863418344532,5.209961456110817,2.145708955200164,962.5736104361475
7.547432960865372,1.9594776164730683,3.2456423268955255,1.7056953467339044,923.0476393476498
7.907525376750046,3.2040011300856515,5.686717560768237,1.3717846037527268,907.2289932137759
9.886193613256879,1.5430059614435407,5.68062576940508,1.8763802160538003,867.6970100018361
7.680952141340181,1.7478768412279235,5.811186496704354,2.4026925364412484,910.6368655839848
9.066037694163569,2.021973295963216,6.606979097967701,1.698389633284804,879.3185610145647
8.375755622308588,0.16000775058636751,3.5475367467066934,2.6802684423843526,904.8419197826798
6.847127704492247,1.7339363442379967,5.26151669566734,1.6584329308573056,925.8944249648042
5.3865588798119415,-0.4857949122861833,4.577342191998449,1.9001723340870942,950.9486369202306
7.912503447437716,1.4144784381042608,4.291969611881515,0.9706444780068024,907.1369694829056
5.261846974281954,2.8551890533928272,5.427701000437107,2.447581469443489,960.6718171516188
9.442810609004466,2.447266558251069,6.201822030280676,1.786259445144348,875.7080090651692
7.256906846944764,1.4051796895459239,5.800946604859159,3.263096405868713,920.816300897897
9.292766117267124,2.0407982182238125,4.812477577504239,2.563848013814627,886.7178711236716
6.779678348801401,0.9250104328695945,5.354528400456282,2.0675998189821168,925.9816760844918
7.903276179601487,1.9976565968504798,6.429896444629616,2.9801408168215264,906.4696303356735
7.814023286002033,4.93032028549251,6.183129245060022,2.3240870795376853,915.0188134232374
7.432433822983614,3.8458013203719315,4.947229986773371,2.8066080966838167,926.6324792575101
6.851010729905112,2.052622130017261,4.882503624336022,1.3101028002741786,927.1779567303705
8.08868402770578,2.1601441649153745,3.7835158394010024,2.3689510865928938,913.5064286936972
6.110755104775188,1.0204346853654491,5.070588666417636,2.402177488482408,941.2548307816636
5.685847006561412,1.1982108920489496,3.764211069561483,0.7642071478230155,949.6355231832151
9.364240339990241,2.362184322104694,7.567069687386114,3.205300371271756,875.8624672696391
8.590751983338151,1.4751074343635149,4.64488184313329,1.071734193836228,893.4257134822855
7.59883741290336,2.904149594851582,6.608980855313217,0.9608301083207178,906.3167285153801
9.997713573815673,3.569685680977757,7.31810620789199,0.0,856.6827567102587
7.098351721912733,2.3326207847810387,5.716201408527988,2.3790847518614386,923.4585286892316
9.484054829983469,2.101737205839927,5.399985743613094,0.6855476584682558,873.610730548302
7.763361127388733,0.3192203750893483,4.1776347439449175,1.5864644109144193,909.6777539263267
5.962873874885415,2.74761024527205,4.995399878351225,2.670294709978572,950.1712653982274
10.272060287656274,0.8563286984609417,7.103965047869026,2.153642327754316,853.0169477049544
8.986066269936128,1.5819908713665802,5.851252629622269,1.5010421915101915,882.3584741349752
7.318468453485654,2.9595758923851347,5.528348207458837,0.7274563913404277,915.8430221160241
8.590756889300923,3.0297581643090323,6.812123209175662,1.9139096916707985,890.8183182677736
6.89444484900314,1.5334924726498829,6.196290548455716,2.684220210922444,923.9243179415472
8.743723552589312,1.5910844650800138,5.352126852220237,2.5606691574021543,893.1541669821239
5.0,1.3006811267433283,5.716255835673597,3.429424668726016,963.5157704753924
5.97029799945811,0.8021462546740892,4.731934962568692,1.4772331413357551,941.3922549704446
8.968889616430445,1.3652045178957581,4.938959353636414,0.9463730450286196,884.2519204724201
7.125516692671621,0.38686998108531134,5.293701370741341,2.2479607830755373,919.0014595026296
7.8113134423331125,2.683062581508265,6.05747106237369,2.1691369828320335,908.8072637111097
5.479821506826848,2.3945236051618757,4.252637027309954,1.9961123097728664,959.1168164467861
10.271800493553155,2.560529284870513,5.576240330422729,1.4028815921886844,862.0875895111764
9.285794465576515,1.0455959494248572,5.110137839936936,0.0,873.1492946834654
7.1989721724370055,0.8049294364849437,4.599070781533795,1.1947093902786556,918.113510518169
6.892956214705011,2.05351427431356,5.1155084505083455,2.445654773036061,929.5410406926519
9.04440654212954,2.0641025649502254,3.178596736949778,2.227170878721006,897.7474853146274
10.473705675253392,1.8527301724870546,4.742411325971621,2.7722112004688477,865.3286046215019
8.93064038371703,1.7105167308121505,4.400513117924044,2.2761455272259696,893.3773059047629
10.757704001094904,3.7107757776943866,5.220083957399236,2.5888137940666414,862.3267669114235
6.116473006407123,2.4260250117929782,3.220210177036067,2.611785616808602,954.4540770350401
6.270919754251814,3.9706783914664907,5.690892743509469,2.0163801362627995,942.1873681326864
5.716588322919977,3.2689650254316334,6.409423296406863,2.021999002986268,947.2198875774598
8.162640974474218,3.703270926017345,5.382703627770101,0.0,900.1874318892369
7.7634053247065555,0.925537233643998,5.998791873404376,1.4747327333102898,902.4845333989088
7.272073314792022,2.59317099099803,4.987269443598757,1.5092778191432055,921.1080939842315
8.713887942184948,1.568234511006627,3.9453788762241264,1.9129570174872068,897.7772468916786
9.348492907821996,0.33661328864046713,5.501691321285652,1.2557289322855143,872.8556299739416
5.211506386069737,3.496003169555526,6.180378376985219,2.750051211006582,961.021261114126
6.604541958148327,1.706307474294371,4.1756118743923425,1.2947920282603844,934.0261485609267
8.73021539118459,0.9448983697333155,5.034772723678165,2.8819461132937754,894.273406551872
6.798391974212127,1.5854361367513066,5.2528835990955836,1.231075971789905,924.8369699804546
6.302690885462769,1.2037758772261808,8.351407645284946,1.5169761632214789,919.6475900044625
9.027806141475592,1.3063020323833328,5.723371194719892,1.4561501175387639,881.2405908207002
5.565749895414029,1.7783966098173505,3.5944264211362227,1.6030127925313522,957.3979032166227
7.047630288313343,3.7308151930447426,3.3471490981577903,2.9429103568332753,941.4164342469526
7.992966038707213,1.3336827834553744,6.23049883026375,1.7383322976583924,899.2565832324491
6.639270129134822,3.6592706642191906,7.985031975996529,1.7586753635136498,922.8408144151507
8.674733484019763,2.8488367959795218,5.219025515399281,1.4065626974716428,894.2721564460031
6.646684537203947,2.396271563586086,5.1591804079414905,1.7921652207344594,932.443930994616
9.612929240168878,2.748120032251875,5.9307741761975965,2.1731588075947523,876.0828218677752
7.311380553756341,2.0136556638374574,4.7017035916548915,1.8278713014439796,921.2731805424149
8.50690520505803,3.2860501038634258,3.0,1.8797666571834506,910.692374940422
8.619035929474224,2.5669802632671006,6.537264389275686,2.812824314883609,893.6232336875297
6.558689995883891,0.335334014974487,4.88681787159817,2.218919562032811,931.1846256461691
5.0,2.296251931889965,6.550117865821371,1.0792921434091638,953.6734615873856
8.041133631995752,2.783973142992615,4.73901320968932,1.9317878074939259,910.0620387326505
7.6084325206873045,1.7109987813987828,5.621779127460538,1.5693198548399614,909.6634386326319
8.33373904136269,2.1262558727139327,6.3548319474886945,2.416820766033081,897.0753124093465
7.160208791425743,1.3871420053255932,6.570350951071872,2.082351845907146,914.5944596186299
6.854358451798927,0.6223743439364395,5.732988667481424,2.90424864826959,925.1007648838969
10.51270951647255,0.44962312906876,5.683239095798999,1.4079669738200211,851.2386268708575
5.291468907733833,0.4629320129311365,6.1197061801791115,1.846063870176152,947.990982491451
8.600925717546357,2.669044742470532,5.964169534394152,1.1487086766850778,890.7192244274662
6.638097212724913,-0.4902817083763287,4.208819465828687,1.9665576533974494,929.6180898314818
6.996332073389367,1.3335200730365189,4.227917645696158,0.7707351866505654,923.5060622805827
7.024345751139052,1.234346714754622,3.3909408969791204,2.257187652680048,932.1298592599958
6.294848588743115,1.7178404640125355,6.2665080008396465,1.9556323317353173,932.5542812141241
8.356836315354359,0.14356845006379726,5.104270226289,2.1241477904383443,895.8403737382737
9.585965393924937,2.4038880947406187,6.320197245376302,2.6305077149553315,875.5144629659565
8.205020491869993,0.7268386058401011,5.903710573454491,2.1798419914364997,896.7812566030924
7.655072994318143,3.132405540709269,4.497573318429031,0.9785779708928677,915.791647885288
6.02033925135113,1.3782343124111676,5.379777566465221,1.5553017795677642,939.3467205924251
8.275237898736677,1.9043869765880796,5.045177948335908,1.935854742855805,901.8451169318402
10.734524447593948,2.003773856555206,4.890776519736438,1.7375204239939,856.3598394950245
6.928958064307361,2.244241052860572,6.415287325493281,1.835233568516106,921.0887953527002
6.9360246309722005,2.0370143774961424,8.010743470547673,3.297162006521628,918.3986975033451
6.658366303528504,1.5728894512673681,6.616203641743548,2.0802843568694076,924.2260591968525
6.7658786482583695,2.343048530694043,5.473043632642597,2.305807693238654,930.5297142700904
5.0,2.4661471304949543,6.759507759956124,0.392958803543455,950.6206461594666
8.10755307878357,1.2348653328903796,7.212902650310803,2.5968037217862943,895.4748995344896
6.23167173546808,2.426367818973557,4.107629217689703,4.281569503646722,954.3974346265387
5.084605321812299,3.191720302401696,6.72485476136253,3.076523309028098,961.2153327272406
8.629784924598823,2.705894196104553,6.269682018743206,1.647847852870242,890.7214178351151
5.876973322437095,2.932375241647187,6.6881190566565,3.8248459389113725,948.7082964061633
6.991996419174363,2.1719208489074453,6.313287456016901,2.0219970932764313,920.8835682883184
9.69966358678287,1.0638495539251207,5.2722709924658595,2.2452370212171195,873.1006191452511
5.38617630296323,1.190355540296355,7.532870644182767,1.786051027369747,941.4644740486763
5.201102648103356,2.3198879678544118,5.839598608582149,1.7653449054357777,955.8549276939054
7.903959284343507,2.9427637251523104,5.065672979305747,0.20152384578314386,905.1009574569273
9.224231046015554,4.785911913994056,6.005978015040374,2.6299952255091656,890.3477812531105
5.138487423402056,2.981821944438604,6.472395901727861,1.7624014340219585,955.9129095412325
8.111534605255766,0.829564242502498,5.594761075861996,1.84955144970103,899.0146329689543
8.371499309942537,1.2327274276400177,5.893136383522225,2.218670115310775,895.2897910037622
5.0,4.278517315955998,5.588367082103652,1.668337412559271,965.8673715544556
8.69775200686083,1.7856110680232216,4.839924266899357,2.2110614217623983,895.6331682000475
8.81490881976327,2.0475146347612885,4.678175541372229,2.962448407556466,897.7320535921164
7.0323216401159625,1.0395830795907712,4.097183713428413,2.3238506829560137,928.4020745590556
9.378519543447013,3.565103405574244,7.018020034046745,1.8772022905241952,876.5655743558704
9.204683361487268,2.5003332073206255,5.276582751870339,1.9012039168938617,885.0151878994094
7.654676888575807,1.2253986521146882,3.0,2.160474863262203,921.8388386032254
6.8228319145126,1.0061747111427288,5.896533079279509,1.3342797618718145,920.1571957296673
6.040758161125565,2.307203945897872,5.8758271045073025,2.166287761020735,941.5249916471578
7.443654735950713,2.0442061748804523,3.6334323171696044,2.5476567139791477,926.543179840397
8.354638379556269,2.8321102172211274,4.667603791666738,2.070012876888609,905.2114039170756
7.0137347084390385,2.5469684731271998,4.623710965439071,1.6606936816533002,928.0381009695174
5.0,1.7355196512313773,4.757732309207723,1.7703171841360603,963.0142245141056
9.403070841864857,1.4561984045386336,6.71277586170357,2.5217350722478953,874.0421226018169
7.78533483276734,1.840057851701166,5.351122451933163,1.1198590363330743,906.3196897304435
6.930563254984749,1.4493191533432375,5.072765115183849,1.3468342849229673,923.2669896494199
8.785737582634933,1.8698044671952383,6.622389942220593,0.7144791889753939,880.3757847781276
9.786957894724134,2.0164409286193816,5.995347745183706,2.0271989594718427,869.9612664631102
5.0,1.1020691066199428,3.759021742023451,2.6895101405929784,969.3102994300664
8.151395474883108,2.6306798620978804,4.883376360832097,3.0651854611660188,911.1284308200957
5.360026183784479,1.6295722855303296,5.8219620871339455,3.2389326745557776,956.5367255024129
8.248665760198412,1.1581156497146567,4.566109865987967,1.4476206862470253,900.6686975990083
7.6918908035618685,1.648392571718132,7.529554788421132,2.20002477240932,901.4115087160473
8.453589789660825,2.242258156620286,5.612878763652584,1.6781501270527714,895.8719623909311
6.751128578258017,2.0830381998133034,4.746623660422475,3.3181151617800957,937.2222734027373
5.0,2.422118114904462,4.37705635666395,3.042757040084644,971.4334536712109
6.824447713114997,2.898346125075529,6.427527588035703,2.1344571511818087,925.9138355430521
8.110271452709675,3.304940204008033,4.852138063006043,1.504515403030994,908.1140894550797
9.023088493012835,2.2854861626880534,5.879924178291707,0.0,877.9154129948045
5.742253049291213,0.9305976127645033,4.348480643125567,0.8531201459867126,945.4536325753331
9.040590640309526,1.7308891974696992,5.570197791524503,0.5181657931939119,879.4103519712756
6.528191565530218,0.9956816156169919,4.864114102116539,0.8430139440766395,928.5814698858326
8.04367482239179,3.6968540737122817,5.184605586524946,3.5030780943295436,916.3349057027349
6.735159070701551,3.9874008825271634,4.703719199614543,0.9639668692706203,934.274552222681
7.773255941568152,2.6503111974963427,6.5256262778082705,1.151245604129318,903.4602791833997
8.837816451855412,2.8584588426390307,5.008996024875674,1.2635806941471563,891.7104028330078
5.659478884067196,2.250943193236659,5.356542805080298,4.078835783181068,957.9891693352906
6.480141154879753,2.3660559154607914,5.404857719201256,1.950038217767084,934.9022242991799
7.77744388101313,0.4025457816708775,7.112270121633628,2.7953634128834093,900.4993423743474
11.102375491545528,1.9260676347430898,6.3903085873914,2.1403163292180207,843.8265863715075
6.205215431749758,1.1188469376537402,6.29068075827796,0.4124727859199939,926.6973091631384
10.560200828995377,2.28135653753837,3.9221133769736984,3.2261115741196305,870.4185571732153
10.506634955512755,1.9403901546114657,4.843607612397461,2.320877401072515,862.8111668931704
7.354033273947613,3.9468219623461143,6.688618715828915,1.902629616787813,916.9123195253662
7.05277121070015,2.9166276887228415,4.32906918457835,3.4081019714759417,936.2138143581152
6.461902202002962,2.2845119825216447,5.58401354812173,1.722760849832183,933.33541483659
7.397696204500996,1.733060312860374,4.434738495739211,1.8844678681945721,920.3367753336584
5.389920851160663,3.67602145875993,4.535092744590593,1.7239178235237969,962.038365079514
7.385641474019104,1.9700453538734701,7.180785652864204,2.861033028250404,912.0858846998246
9.745320410776284,2.331673961635278,6.219270641576388,2.651058345618828,872.8947392748953
6.583372406284924,2.042249604426835,6.483140227794587,2.2228950894895205,928.0797173131075
7.1389135440164235,1.5958460942926773,6.283741480163779,1.158585961990016,913.4691605802124
5.0,2.03650622238552,5.360711637770498,1.7038131244193118,960.8027280676625
8.061093132196564,0.03803314932168411,4.808403292096103,1.1583325862122127,898.829702140214
7.896722527427061,0.4522935987588126,5.097909740582507,2.9282942573737127,908.2808344741153
7.595553539648656,2.3496305416696277,5.308173545613253,0.7402181133019168,910.0587777681748
7.174759424666785,3.568199690527486,7.2762860693279166,3.275496950531563,921.5648702713721
7.060863121841318,2.348221104144169,4.16364356897047,3.0301223019193557,933.840595181741
8.252850350551007,1.279631145103346,4.9463385513812055,1.2651768874919793,898.4831381321371
7.456775097617065,0.5571462459326646,4.587036633694617,1.666812589088112,914.4392436952025
7.972457807332998,2.7845272604756386,6.55662319752048,1.4300556764525973,901.0226250882668
7.822474226181822,1.432804848984899,7.353788259339097,2.344187038158736,899.7347652977097
9.185140930643643,2.64323541855256,5.808786359826396,3.1299585813498596,887.8735948572186
8.515491146062582,2.3898651580657173,5.891015834843584,2.9484954530713257,898.5647679276419
7.789292764725286,2.478300392254689,5.591320923041936,1.653655621267607,908.8955692894707
9.77763304597827,2.0336017073535557,5.937478989281125,3.003845654195569,874.0848026417708
8.130402793584842,2.3836443849696414,6.273155162357627,2.937457627569017,903.8920467429809
9.457444033185627,1.880545598743665,5.9256405128868215,1.8489328729968855,875.3720651058668
8.410413912579957,1.3646934656317964,5.998834328278295,1.992433217661666,893.6010679383328
5.0,1.0365009394839486,6.275414363493875,3.233371267717418,959.4493019468225
9.457252144978995,-0.38500879797097864,3.7217218987449328,2.8466895041970846,883.0146136835009
7.702764362014004,1.8188904375954904,5.502008930145726,2.9798271876073885,914.0139028001528
7.422067843648833,3.519378182951953,5.805209042084518,4.068307289640082,926.6184843103358
7.922022521234366,2.730080092537597,5.916148180519292,2.4378136130498977,908.5358821643515
6.982525257064399,2.2277091184759583,5.329113738216046,2.260531776728631,926.679137985876
7.840543290583418,1.2659950057108489,5.660751499797152,3.086349969060528,909.5667482719301
6.612185900485361,2.9973392257590774,4.780093595319233,3.5902567291736043,943.2142385051316
9.411408388101556,1.8806906881969752,3.72515526430227,1.5108848555873107,885.2034506851599
7.3296178295684244,3.5749343137890586,6.4831371013056565,1.838513183050698,917.045856625376
6.926124235916349,1.0189127367053188,4.3656283966804965,1.1851435035623292,924.8354175360513
6.112611276421089,1.2500304720273436,5.339546136886238,2.274199979528934,940.1341496628506
7.903163683722962,1.1527300557803717,4.750870367097995,2.711406883059258,910.922158736355
7.780660650187638,0.5178816295659869,7.08700927987608,1.2408981722923438,895.0961497025028
8.08263692051626,1.0629553148082374,5.420355285491285,2.9070364161773363,904.9481219973578
5.959122168742306,2.1032162597659174,5.189543537117934,1.6373384699433293,943.6978226867308
5.098228201782641,1.2877989751493724,6.247865868725983,1.5721673969351524,952.2718010145326
8.43838695375984,-1.856375329240597,7.656474167608186,2.9039506025790143,879.7768068537015
9.726962792814762,3.0742732974201217,5.9056895270580885,1.4998875534105007,872.4838399513145
5.960469566415156,0.3159062706525946,5.122580538368164,0.8772012182215125,936.169833588171
9.884161925342548,2.5892282848866373,6.19659398135469,2.5949256879272404,870.9274966492524
7.925866588104571,2.0312145896695646,3.9273209314184347,1.8946381624854816,913.7419817997834
7.489405643173756,4.1173728164203425,5.546429260064397,2.958447066541619,924.1090522230163
6.903676955181333,2.9969574815226196,7.493957654956412,2.666392536610776,921.7351971477201
5.423222970862505,1.4953954045150257,5.657747396685772,0.6013613113746927,945.9387446042795
8.981592773886899,1.297936437644688,5.607777656157649,3.052427538711136,888.5524814096046
6.336590457843595,3.5027276807992855,5.520636540357506,3.5197999622775638,946.0447236605492
6.330289986393599,0.5241289028985883,5.104523719573801,2.8268828074113856,937.2088946397182
8.987889464830431,2.190879935918708,5.814490672364871,2.859088338837629,889.2462379693466
5.0,1.868879536750328,6.275273011660303,1.8018623352737961,956.4470822905315
5.21460328399775,1.6567739312953242,5.168179947509225,1.6186437170923205,956.3300960576214
7.472798634737877,2.3535139844484254,3.009248261699179,2.1699557560209515,928.3614804059833
7.939926643507278,2.189559860508676,5.965617505278754,2.7359242864164206,907.5737533875067
8.227101971953386,2.4574007427917444,7.633126076520104,2.7157868864957186,895.1507423560015
7.047302259905621,2.1389756523632837,5.123738591943869,1.6497738819158636,923.9096944240371
11.295554502962535,2.4176814050172477,4.028836617243396,1.5686727212035125,850.4593896175902
7.158161161851249,2.0933651929315946,6.177412984732479,0.8078772428930343,913.6890242424021
7.153820771845917,1.3405731127836855,7.243832264184004,2.517535940284394,913.0705462977347
6.304519996779184,2.0040012602365955,6.0293735697152355,1.6881749807663944,933.2805154052425
7.685860224781607,1.28561344029598,7.224700054166511,1.759164162309207,900.2890967494038
8.422441848070163,1.2196233952691498,6.293668545625713,3.3823001438220044,896.7719286965541
9.30536708180019,1.6638499972822482,6.206850985677693,2.4787111254275116,878.631262074123
5.266073603339673,1.8805768392641575,4.981999317257888,2.2583189489353126,959.2424900242191
7.131006992466449,2.0352253063478107,5.785406890753217,2.664157832380547,922.7600736392876
8.170055416213716,2.9163788273633307,5.470529043282223,3.1364912059539845,909.1134534216551
8.380586301891803,1.5015359174591567,5.436264279433348,0.7060153918679473,892.3681283529072
7.5098229867068085,2.1968519264748205,5.246134872048932,1.547497250441245,914.518671938732
8.313635954298153,2.118027713943819,5.725613467458554,1.814292161138648,898.1107327877111
6.286554160611299,1.3913717125339349,4.203655015863274,1.2173264541571682,938.6434782762999
9.836858148477535,2.073740786206545,6.311718399281575,1.7878227416048125,866.8313852739446
8.988942154469145,3.0027214151773136,4.6222547072198035,0.7590920789010884,889.2236068201586
5.4826083194022415,2.1865062168834,5.249728774995292,2.7377434082392353,956.6070042791449
5.887345427824867,2.226583929027308,5.830559893035165,1.5859963274124549,942.2053470398045
5.929617374839641,1.2946716690573328,4.572726581604488,2.1607651183089382,946.806118420301
8.516954956344792,3.9688588512048764,3.5335369376947474,2.041046895725754,910.5295016986677
5.572908350373799,1.351643629677499,5.116953322302493,2.445935520899223,952.1300375988861
7.003463498687879,0.3322165394525223,4.0689025074163006,0.03128833986249724,918.5684590342806
8.18205659462516,2.8601841202180767,6.21231093267047,2.3602109768463744,902.3964000323313
7.400751098180348,1.885182960351574,4.346496427457874,1.77992662385655,920.7258086862937
7.888331273569059,1.696958179052925,6.985155563709162,2.325491141771755,900.8914053073164
5.901295932976863,1.4544462195884729,5.4942071107647745,1.0564374338093252,939.3856847879965
8.392281560095867,3.871714624315838,5.559174194594229,2.3309392562718454,904.2365808125261
6.580182161286006,2.354590278604683,3.519368671455336,3.0388094877793703,945.8272256496593
7.013070488403088,2.549751221645085,5.6448626288505235,2.151813007839335,925.1368279890997
7.856597591858979,2.1626156235822673,5.419820083126747,1.4262073386944398,906.7143102946214
7.654617332296272,2.270049613445196,4.200910965074531,1.4611748856533495,916.5688906278353
7.53597002852339,3.3986246105594144,5.587268338796808,2.4609930407161924,919.1972164689848
6.374059767034867,1.749145338772305,5.102076989192576,2.455715449754465,938.4432073016674
7.050675883201212,0.5430624544792702,5.2832121821046405,2.2852335861814024,921.0167051142629
7.503275386255554,2.8680546542277767,5.525881762194047,1.9699799760045953,916.7839256174769
5.437372150249373,2.496701612242392,5.028545786841798,2.162367980280873,957.2019464813484
6.8062005505299314,2.1079798128850427,5.746456626948868,1.9480727334370298,926.521740691166
8.08151981854927,2.4707532415477864,5.413444517649037,1.695295168586858,904.421113938977
5.583845094231986,1.6292557797058258,5.972768468386575,2.605981528122865,949.3169827792838
9.23487247739136,2.02069258285426,4.971325406028009,2.248093472912885,885.8253488078898
9.404419893899764,1.86829974614009,4.435080247066041,3.0324333295378154,887.6578751022188
5.632274136059872,1.408511742929083,4.791131471561862,2.893492304147226,954.3644788607236
9.536429449575209,3.1891727831050023,6.942656768851778,2.2219844258752355,874.2126323918592
7.2846276169317985,0.5877413725821996,6.455966526206747,2.4763045065570504,912.0473331721038
8.127771838735582,4.360882171812967,6.713379132599109,1.234250188211295,901.0745027924365
6.75502342180763,2.8773622092064755,6.78271395817022,1.9379284176310012,924.7638787261599
8.884567240840143,0.22202446529764908,5.033681942826798,2.2741302640674435,887.12964112674
8.109141028273001,1.7758336705090705,5.795811935408462,0.7338111557807614,896.6138048146976
6.278770115103595,1.8314540840964422,5.575839002847962,2.34353764825531,937.8249414419689
5.7521970000520675,2.391886628942112,6.159538525591422,1.2326184203336514,942.3359858734211
5.309546347186166,1.0106217292602797,5.210831754769033,1.3203328875772011,951.4533432490846
7.781912664649135,2.0320253433682174,5.592974157091004,1.576411554267767,907.4926962969264
8.358707117669603,1.878880601877353,5.572271477619686,1.975594667007474,897.9182742809195
8.476448518169162,1.2623816374265613,6.032262399915698,0.9375771543748315,888.0078691851401
7.3230283580889335,1.123247768528768,6.155717221071599,2.6853147796910624,915.000819716209
5.764505316503454,2.918804646702357,5.5936710323402,2.1419345914897456,949.5910924572952
6.476887802964326,0.30341745995740643,5.623990784065808,3.5399832244484095,934.1036020271869
9.228522958442888,2.4778789360960514,5.725898020748704,2.2400643644159333,883.680368843816
6.773057153099878,2.797510306878124,7.146551420623043,2.456644142322396,924.4434428120744
7.715126446022214,1.7814416616615836,3.770002208683068,1.3169085857978948,915.5472600088145
5.886524274637669,2.052372839724996,4.530320338782192,1.0545517671093738,945.8037117128817
8.004874568188553,3.1634949996973813,6.173679596445941,2.4953248979337337,907.2204825776885
6.813473157481384,1.295148489275943,5.769784398839091,1.1253680275945972,920.9497351639762
9.070069070663646,1.3983475711108762,5.762749550150876,2.513479588441852,884.4614636698577
8.66033655931022,1.5045163189006918,6.167495498713357,3.3652195777691993,893.665103286847
6.75644108013765,3.1653255992232814,5.713992893123763,2.7566149489949843,933.5559949885086
7.310003958978505,3.2922937468847078,4.940717521550776,2.456357292988299,926.0927385715136
6.673325639939057,0.604109765536381,6.128809140108259,2.215597687847536,924.0146702402695
5.370850205182485,3.0062407473116366,5.5208871629990774,1.6928320326306272,955.8248077220455
6.213836355679176,2.818908306347284,5.052422821110446,1.9083510887894806,942.6026978912096
7.79732599158123,3.5535948104498276,6.190360624577911,1.5476570610175284,908.566373440442
7.987889247344373,2.3851080321263796,6.151033858282,0.9476766258929541,899.7127610163378
7.7228218553889585,1.9557398797214234,5.714766491600792,2.02834187406528,909.4937953397673
7.047400419062046,3.1452166865716586,7.217119153994558,2.8863112492442404,921.5809805420947
8.899599908581479,2.6989037915017655,6.826826734770284,0.9689611887431322,880.567174584117
7.595312856841406,4.244898414148727,6.501857194053802,3.1187971462426605,918.6487368698973
8.55488074214392,2.958707844961828,8.066365572808747,2.9737473862892623,889.397753447002
5.0,2.1535479764239156,5.353536598002284,2.317599059209517,963.4459221737716
5.0,0.8258956196238287,5.035199670683906,2.324036278619518,961.245985266535
7.9256820417571205,1.4190828228058816,6.360363099303359,1.851002880391829,900.561597402243
5.362851519417766,0.5640450219719839,5.247365702005719,2.0336132826682287,951.6994382473305
7.181322445930416,1.7849379639391367,5.511927715647823,1.6291316210949887,918.5472851777954
7.046854438463091,2.9260675932328453,4.514080034249695,2.025310462063338,930.3459187893206
9.881100903623306,1.9963289115194844,6.1066594577131275,2.111860928910006,867.951437032925
8.09999482941541,3.021725268760073,4.02899275446239,3.504995200281124,918.7844755095097
7.748788540198009,2.3375737334390134,5.403561778840631,2.452492835502959,913.101074945074
8.75548673195051,1.5969077102459903,5.4846442624842435,1.8324775452047375,889.6265399449168
8.052746380258558,2.087625155169964,5.063961157580168,1.9208746505837178,906.3516258275387
6.81348451051735,2.4720966910550963,3.7427852413385,1.4293933853464684,934.7897298936857
9.10721389538184,2.1392233984636158,3.7353689062255495,1.5612567007050668,891.7226643402853
5.835374808167589,2.150684228851914,4.7538275933282,2.7285565533943323,952.2173696362304
7.9848707813003434,1.2309498924132936,6.039050328762064,1.6048263193354848,899.5141235468311
5.1786453087955335,1.567023734757784,5.788924861441944,1.5059712426283123,953.4429058932495
7.805915786273992,4.258460796154644,5.483564641168859,1.5259899231759153,913.5791789293544
7.789484462659394,3.2284664904235427,4.615411513982522,1.4166567582586733,914.6413101035205
10.014682442871994,0.5261591031902841,5.841132221261107,2.9017480602748154,865.53812841584
5.152539159837331,-0.3669689575063617,3.700970721961082,2.114162460689588,960.5040987322292
6.598669236219282,2.0761924214487224,3.1034505176280223,1.7741483003987932,941.9361158326766
8.734023639861215,2.89347289442599,5.256928448784995,2.0234253118853642,895.4123745473933
8.002975884595962,1.4800581625777927,4.953948619902971,2.1738324077797406,907.0348062944989
7.770457577006255,3.021658728197938,6.5131712976474585,1.4021651831387585,905.5397248665714
6.065796445562191,2.059654565007084,5.657983777772834,0.8883235141086283,936.6275612547533
6.613772477862856,1.8369387202730252,7.150735309999851,3.070802174510875,926.9913558389937
9.367561512334884,2.7561151761751814,4.95178493130454,2.7904189946051656,887.517475941465
7.422736209369108,1.468124207097731,5.986772291522161,2.302242075090909,913.4690224072974
8.06303954421671,1.7132936781963468,5.24772287058437,2.735355149329682,907.291163647026
7.327217506835281,2.670167262130463,6.881719724131138,3.531491238744742,919.0106717251284
5.725371727125352,1.9686040629339758,5.29594955287592,1.5716770374750573,946.9309643695884
8.900715639112494,3.908776273377736,6.354406780145765,1.1039727540247504,886.6209620325257
8.254848576798745,2.693825412856018,4.42238103547584,2.529213297022118,909.5301910233712
10.958455256050783,2.6288138283327616,5.084787356867955,0.8265392240491443,849.6475875225307
5.976627930524183,1.950495353934932,5.415956588072533,2.0303781230985436,943.3554110131179
8.733859381800722,2.874754676709606,6.7634175399628,1.7612548669113943,887.3827575906098
5.532684050944498,1.6773922271983537,3.302813058991961,2.5391102275270105,962.5694102884036
7.736019851509616,2.2823777511995154,5.167355553554221,1.6141801617942175,911.1644115656152
8.964759883594747,1.0837069529954397,5.133519873572699,2.9598158221627857,890.1286560103275
5.0,3.0394413922305916,3.4230264776056196,1.4024931955750162,971.4902430509962
7.192601288637588,2.290604697261792,5.035964239253185,2.5646405290976286,925.4416321924172
6.655185398936069,3.9825130636978763,3.959332868808706,1.4668690314708654,941.0806179846172
6.447064052557318,4.3922983836697576,3.1693365219626077,2.438763596179898,953.3839068635357
8.07781897838903,2.763319451433148,5.237687171504677,1.1882833706445035,904.2373970627633
9.181028559633893,2.0684253112079034,5.203854879196141,1.9807089254628656,884.8840874235394
7.300081927156267,1.0539354878744311,5.255046417040668,3.057673272128663,920.8075348991425
7.808229641340031,2.904749803258824,5.752858245898351,2.092004160113393,910.6126452543621
7.671463129588871,2.2102845638952284,4.620603176786301,2.9464617448941186,919.6625126418644
7.502705259534621,2.538034839154462,7.290856013445921,1.9789804160580662,907.7001260591095
5.865986043431841,3.729787387456243,5.466705991868497,1.595960591751885,948.5255569422992
9.16266690258434,1.175576711336653,6.7864304630614845,2.1375859956499603,875.9591728871425
7.942793052238254,1.0756958315186633,3.820100758511288,2.4947173247066416,913.4921205191367
8.092322235003866,1.7635740616293198,4.665470349908126,0.47556808986547416,901.1878542281007
6.290235556461626,2.8212011497518232,6.18631480504423,2.4178280354869433,937.8107263061771
6.811169403016139,2.554867240214488,5.273435724322066,1.2481318617376005,927.2719031116645
7.235798703433833,1.1043114883042275,4.426820612627034,1.0492497736314395,918.5236664776928
5.198812959826723,2.7565529007024825,3.661370101355919,2.4308613334627482,969.7202947293592
5.0,0.7987871811067371,6.233203672240364,3.0708023419835775,958.3776038715489
6.598878104042148,1.1622583256511425,6.151602254948855,2.173124947850255,926.6926423138734
8.283781149663586,1.8845426828108105,5.743320691419228,0.9156741185175212,894.5894112070852
6.520293915105089,1.44656875402478,5.004093809214083,1.4635515917687765,931.6438357113088
5.97179220361393,2.889859488650935,4.386909972370195,1.6653862601127072,949.4934785022149
6.2779715201434945,2.2863784830010943,5.4470184601032985,2.156877552182989,939.0136743475443
6.816986365282031,3.7655611776272604,4.1846813963546,1.942496121330965,938.1872863696365
6.969211555769844,1.7528146346455857,4.74841591943541,2.396183842754805,928.8066877630154
10.748282178309836,1.8777978489592566,6.761250581399549,2.7999782645143467,851.0071114225188
9.081930942730978,3.210382609061763,3.6491642368685806,2.2757956625527638,898.2403981077434
9.037161168422593,1.9090791968762044,6.177527826900367,2.718464554062483,885.3323169726501
9.252870546410072,3.4940052477075456,6.9941959514491625,1.7842317511802317,878.4692134180285
6.001768695998926,2.5408282103844915,6.3162597193826535,4.636723567942041,950.0440169390079
5.666453077519141,-0.3527864698853591,5.898212878426484,2.442544475069003,941.9892740697373
5.839694562698915,3.1775704141494643,5.036427153828876,2.547238905162912,953.013445051179
9.501759200006756,2.912726813119809,4.854111945565987,3.406144648310269,888.203024233311
6.679212316676264,2.9513326061105447,3.251869133936679,2.0705430422870204,943.2920975253721
5.62296572664107,0.0890216214547419,5.537006680267314,1.483593350879771,942.1430940103645
6.853505699670281,1.3370100387289523,5.097759551270906,3.0451472367351515,930.5884178014317
7.142091702428059,1.4112951664432303,4.801965591318093,3.0921143732810092,926.978133318191
7.902619910541843,1.1588786324396076,5.479918971120987,2.122805044046332,905.369752596568
7.876426531068065,3.7419225318939384,5.562369480204655,3.4077020302753622,917.4600638557907
6.257729154189738,1.9882321621763661,4.864442702632946,1.9333713526039016,940.4358883289863
8.528484588770567,1.9634390573708294,7.113080783476787,2.745826359298518,890.6968300323555
6.541209699374763,2.552008310315779,6.2306027791124245,3.2124259174029373,935.1415242672766
7.265585494942435,2.569301667889382,6.396278558373279,2.078663212338252,916.7283933009446
8.530161105755033,-1.3348927106258297,5.39669721636059,2.365438487868971,888.0294418891061
6.537267894083488,1.3536424628506367,6.0112357322611425,2.820812088843008,931.4346544568822
6.645972864628294,0.5872114222087232,4.604295399401437,1.7070520734302284,929.6734846918198
8.387502074539697,2.4003060931548195,6.166258540250306,1.348678627585206,893.7432976959166
6.213400235092471,1.7111075856659526,5.29559739268626,3.0663854481420367,942.6971717823853
6.922811964593894,2.015387564501269,4.478016464985674,2.245412667729674,931.0987873252832
8.333613267064338,-0.07851974889052293,5.477233328780771,1.5955283680019643,891.9519536833354
10.581138662153963,1.690147775309502,5.20794596975011,2.075293417344587,858.1194759302336
8.40810675714412,3.1151302518328152,7.823069327220917,2.4068258367732347,891.5865474609521
8.208959644485017,3.4094494831021676,5.935394248479912,0.7445605294168385,898.7058965844328
8.296202375509095,2.7188634195406998,7.079717467448222,2.5727943180672757,896.6363733956255
5.8902145888994255,0.6645347065518812,6.631287106358727,2.3267569630735268,936.8261113358159
7.673395108019862,3.259401802992124,5.537780599797499,3.3240792648876623,919.6934770975023
7.4553502674953975,2.724002255000016,5.056280797069955,1.8248069462731085,918.9170274497963
7.982376810559134,1.8828109659354615,3.7597734187996767,3.1016939468066065,917.5461890032622
7.6747620787138064,-0.025036314509744084,4.62905644933526,1.96428356693455,909.6715963980286
8.069549516125669,2.953594950662517,6.1627534577542145,2.111339270927511,904.0542874217042
7.032799207651197,1.407833670016621,5.197869614879297,2.2247609990863966,923.9338078844468
7.587913376057689,2.346165821054781,5.875820325738442,3.6746026603424973,918.4675712278602
5.658257150914512,2.0683938606366623,3.4697248486526635,1.0084075218979274,954.8542912993918
7.020139082995629,3.5383949844382783,5.953514849097373,2.3960601430646946,927.237034746762
9.586250322264965,1.8746330140024914,6.596481557199286,2.0337851498057824,870.5280116312395
7.9782125094423835,1.9848864099140522,3.7242417101937466,1.9771718710600221,913.8904358159742
7.468618443925385,3.57861539047863,5.8715639063567995,2.4664086074162315,919.6503017374525
10.34418491438152,1.3417777562498114,6.843534653608461,2.884800857041804,856.9607435813568
5.458747532548381,2.814322851407777,7.180086649339466,2.4253056692655113,948.6639908202669
5.83581666683067,1.801384277121536,4.996500929142041,2.988163760796828,951.0719119997723
10.06906711691441,0.9974580379950708,6.279930344611533,1.799231045896634,859.6997229396901
7.568941404073401,2.0011609867208726,6.929789820005415,1.9611582250471773,906.5829149713363
7.136125445565309,2.6917051136079877,5.9013813907803785,1.199303078072975,918.5079079627542
5.701193512356535,3.3537098399765113,6.785077588996811,3.58632455207323,951.8151676685801
8.171544399592518,3.4746939853456826,5.4641383466616995,1.8506300247387537,905.889770766745
8.316689804291194,1.7052359257744674,5.894314143770797,1.7622280987718433,895.9241056319916
5.858258458747656,1.0127507679677863,4.878390773537798,2.4853301789014917,947.1328784784865
7.289586621674357,1.6812611004225206,5.335399842326241,2.885663568578435,921.7394665153306
6.996726251950401,0.8184692466698444,5.933716169876364,1.4463350151056171,916.6430069781992
7.883965719628157,1.7826138005834948,4.803380674954233,2.9493499817823734,913.6775919122374
5.821124636669034,1.6583347163802415,5.276413626859246,1.7573585422405011,945.0658860288959
9.377921181769736,2.7274902041567652,6.260873680946803,3.1444956433819504,882.4748248656585
8.873735672396407,-0.20593517991437826,7.552557533176101,1.567272797053155,871.7948196172346
6.955236661900775,1.2663920539133602,3.4505615083514263,2.5883578597827146,934.4594121436214
7.175371932542443,1.2744816955580847,7.4765766673236165,2.03416785593157,909.6049089063282
7.2953667745835755,3.1871272524080254,5.240128235577233,1.0988977250440457,919.6295662686936
6.3325371704902444,0.8861556225989831,6.464899869027385,0.8672284378934767,924.561488213919
6.834855872647447,2.226657359648994,6.66109269999174,1.4056377115019143,920.0489460340036
7.0945944484880865,1.8718715855802186,7.064496773940547,2.7940455135310653,917.5170042934025
9.919302556060693,3.043042526836382,4.7720381352702095,0.44547584338704604,870.168253915538
8.919927462495655,2.595831864510547,5.274728691882202,2.2671567785807314,891.9480548986332
8.901982061004935,2.1212437318203796,5.446403901047097,2.197512418011187,889.9003717322197
8.054888419506586,1.4453331254119317,5.142566157502655,0.6541634947766064,899.4421103852584
5.824009486603148,0.14765749689012386,6.818760974839139,1.3624838847828538,932.156589483895
7.437763343133931,2.2470856556874055,5.4231722989885345,1.3609721154509058,914.4820358762574
8.95573268942007,2.5304897985298727,3.8814523351916312,2.0421531768845926,896.7414949740546
5.612603055949068,0.425132387525347,4.866986177686236,3.173068626190167,952.6740320837295
8.454829810309896,0.7663058356714507,3.92159997330312,2.85996954183826,903.991805629538
10.98391383789415,2.2523299733716757,5.271661213306659,1.7117532412543657,850.547700656466
9.092724968984598,2.33914168620787,6.172549674567937,1.3364660085488809,880.3808184464674
9.62104370334298,1.0093526899079408,4.845523327696311,0.7533009341764998,870.8452771240125
7.8275081256632415,1.4259352864319619,5.096967035365423,1.6971132131614133,907.70907275032
8.951897923147484,0.16351116142957345,5.225234707661806,1.2809702244324535,881.1287626141066
6.423220178468947,3.3772639038132337,5.640742493835245,1.9710816146355887,937.763641982227
8.69379571851184,0.7001255926315477,6.016082778635525,2.0013950904619757,886.4291548549852
8.481582201091145,2.5422593912485505,6.3072554279353685,1.6195312540288764,892.7413932863761
7.934866761056495,1.9650393038466196,7.755516982936522,1.636284655607795,894.6277628502875
9.474011129577747,3.289593619624759,5.623495931000073,1.4449641431718172,878.8973697220558
6.691822743228917,1.2077459072252434,6.235793053979715,1.5900164027651202,922.5301313743811
7.219413725289506,2.061252710340387,3.912443252321725,3.1487322805643307,931.7002227318682
7.643193062037445,0.30157309076264993,5.120817014434466,2.4142464334690295,910.5571955847159
5.955583543365899,0.061473163060246305,5.229583106537927,2.4250802203557726,940.8113931926546
7.840397915700372,2.5963335838654737,4.482685111012896,2.8095543263946627,917.729425794936
5.0,0.21497416093029798,4.964007268632464,2.738818079361561,961.4155473650795
9.070431801642314,1.7717824655654693,5.392515282344372,3.139811513578323,889.5481443359906
7.569956049848948,3.0112954479729197,4.995336625835192,2.470734487613234,920.2731487564416
6.7186606441443555,2.7466848560946793,8.101834187838161,2.1641155525709133,919.7831436495355
6.248439581557317,1.3354145120514063,6.0122753415777295,1.527382961695757,931.939614550829
7.148131455571218,0.41149686359182747,7.501022738859336,1.340678406574439,905.0103991125575
8.53238956615862,2.5094948616555284,6.992651178834005,2.7058058093838233,892.5588143627982
8.32160846810634,3.342256782860181,4.860753866549614,1.9111560179163454,905.759973824595
6.441693079082309,1.3377619213343765,5.537560467419811,0.9120961991473449,928.270206176918
6.230940491058549,1.1966871415928835,5.0651753789254235,0.3255743219145568,931.811334956874
8.48534805947947,1.4750980371310014,5.3381772407136685,3.718102255025185,902.0068658366525
6.416478893077456,2.5716087108071157,4.52356633081127,1.2112510210633594,938.0095512519945
7.589864661119256,3.228517606414913,5.058464670829777,1.451009026144452,916.4219742829783
7.685631963786416,0.7603931886194777,5.859518881533239,2.982462338369858,909.7267395694273
7.9680931975901075,0.501718190675347,5.833122056942204,1.0331402933358527,896.6225246032363
8.787405645272807,4.339996321932448,5.753403665216267,2.425128001916384,897.6409938599907
5.605555594699016,1.8226772121099613,5.440325175116441,3.4575814656390085,955.0966263482708
5.0,2.2528927956903093,6.36074242523694,3.6910642301929393,964.1488775589419
6.648829078157473,1.308069159382361,5.242956973921462,1.642041372386598,928.4199360774911
10.202292611748279,2.489962309452716,6.891552339761616,1.9903704857392632,859.2528120919136
10.533261150131068,2.9600608747015222,3.6524024429824378,1.6828929015827305,868.3266026819988
10.246765703348832,2.29979617157293,6.156811023975756,1.9856397642510968,861.293997897927
7.2105279483589655,3.740858077014435,5.988371112247357,3.038617253527888,926.488904706567
5.0,1.673255410058908,4.82543344274845,0.8805500205840993,959.2157631618568
5.0,1.7371175269646237,5.144768973144723,2.5183654368201926,964.0017016000795
6.578942757675883,2.231406351277416,5.964790939109037,1.843601893528614,929.689209604362
7.20288955477596,2.464961645506097,6.41593524714875,3.0948008640225533,921.2920575870513
9.450938101583938,2.2279472620626093,3.7505368316688936,3.0523359211272254,891.0532175310263
8.801708189313668,0.7155849730449091,6.128246067654255,1.6742948007031557,882.7267421975845
7.841107618487431,2.312515166195561,5.042348814442444,1.911375158611702,910.9807092126975
6.165232843588288,1.6258264151965627,6.625289774298553,2.71421019474651,935.8619892816251
6.058830662632665,1.4190229859253543,3.660724786183823,2.7866567951577466,951.3188168279962
7.881191530607153,2.0324820547532436,7.945298965121207,0.02200855221891196,888.9266940899092
8.54557646825959,1.0384773126707856,4.613860066985903,2.71164039692213,899.2924823577889
8.087821893368377,0.8646086761267686,6.9299611867896775,3.31718551376607,898.8043815823797
5.948103060590018,-0.6154689600038497,5.430815380267167,2.2044874928910607,937.3055266299274
8.47600144318813,3.7472373285098914,4.681333262799869,2.7601411381244545,908.0106906650469
8.138866450652117,2.5557313191030024,5.765114005381411,3.0230049014945717,906.8953725067043
5.894000390714733,1.883235878693695,6.529125444956368,2.1772749674998257,940.0748503943136
6.323518544549616,1.332776763113352,3.9472951992552376,2.651384647900302,944.3192304541157
8.53274396184235,-0.8760322820464168,6.20158884928701,2.0101491978905934,884.1971991097912
7.148238697281164,1.2714711237785157,5.487821501342911,1.958265478717277,919.0665422654962
9.883720952454686,2.7158663371640763,6.077044082566334,1.4707668579769484,867.6630550927714
8.251693914096865,2.942174303593869,5.51097535733898,2.1384179575473676,903.7660388952751
6.770053217716097,2.6422919936033016,4.9281311612453464,3.509485468087602,938.2984808541288
7.484691599413601,2.1583919557524687,4.386876748628121,1.2780040735536868,917.8718480799553
7.595075088956578,3.303874145931379,6.172645112047025,2.49349833966776,915.2324262651016
6.4074145301374354,1.6714627779114597,6.167271992198835,2.256764061959288,931.9128184365807
6.13111770273356,3.0851889161343613,6.162272247690808,3.1798622151964544,944.4534092939391
8.55208484071425,1.615417556279787,5.927596319440573,3.330314648172946,896.9736845505403
8.767909945563144,1.1188586911222376,6.44469887183947,1.260577997157149,881.4699911561275
8.405672204329438,0.9942870195774789,6.906069279769642,1.5406276384749575,886.7564704482917
9.772977141485702,0.9355035788270472,3.6235821525934817,1.5843309900026932,876.5867344265437
6.687340145982597,2.6590680288024853,3.1582025561309117,1.6126404898581388,941.0576538213461
10.011406149106696,1.2572544289029215,7.217947359879645,1.6812412106259667,856.6963475633429
6.148618322168771,0.9669711549650561,4.158953485414811,2.277651615336289,944.1772790318855
5.980971654947261,2.71373521966136,4.413756713210381,1.3188904201246663,947.4175521272716
5.0,2.327970390472233,5.212385688125075,1.4313668045566599,961.2921284525868
6.831307029259774,2.962591982845802,3.8460284212868974,1.3675277515892903,935.116491964836
6.74441649475582,2.5125995112727986,5.118413302692362,2.394099594159623,933.3794344667473
8.288905920381975,1.2468884198026884,4.551894655877335,1.9489853266629338,902.0990838375012
7.865836412430676,2.0761024164685873,5.266659130302992,1.8069588358582687,908.4296903842206
5.710539943471295,2.125132990769677,5.779841304907102,1.3264962417308483,944.481382047102
6.910910642361274,1.0808413415259976,5.1564617745704355,0.7167567426610013,919.8713972258843
6.942806968368472,0.8953750259060074,5.105952714602853,3.3052269818744664,928.6246509602939
5.0,1.3192783908822956,5.757995796791646,1.7690178497481739,957.1968526565436
6.028579909479946,4.03658235667208,6.544291797949948,4.168393955426428,950.9159471125072
6.343779554078866,1.5872559057784512,7.102964346921666,2.618233112720788,929.8551872373906
9.65043752973142,3.2328667913867144,5.281461745997785,3.4634022664140582,884.5566196071351
7.7871760739360285,1.531339490520202,7.324889151923237,2.7947898236112887,902.4768457907322
8.49325313092125,2.888838819539992,6.376706834761246,2.1268129261495745,895.0554093750179
5.252046754276182,2.902491655557847,4.267991546026824,1.521873953552016,962.9350925076582
9.291321724520987,2.9525905079520447,4.238791744386325,1.2185280676828159,886.9516862414795
9.45165309453614,2.3878273420089586,4.92271214939733,2.895720813588748,885.4527606576853
5.0,3.3773665787811513,6.944603983359726,2.2120272392325298,959.0691855621218
6.442024914126227,2.378353969352728,4.9986326844344635,2.493200832626778,939.5550092864976
8.243648359523265,3.7135297293402796,3.6076431754937266,2.6516988039589893,916.8276672424082
8.466582680307273,0.3800801968115666,5.2711157911122895,2.2847795101806385,894.2806772445888
